<?xml version = '1.0' encoding = 'UTF-8'?>
<Table class="oracle.dbtools.crest.model.design.relational.Table" directorySegmentName="seg_0" id="2D06E9DA-22AF-0927-C4CA-6E0CA5E26DE7" name="Transakcja">
<createdBy>kamil</createdBy>
<createdTime>2018-11-28 19:34:05 UTC</createdTime>
<generatorID>493C0EB5-0E1A-B19D-1A24-7C427918571A</generatorID>
<ownerDesignName>BD2</ownerDesignName>
<allowColumnReorder>false</allowColumnReorder>
<existDependencyGenerateInDDl>true</existDependencyGenerateInDDl>
<parsed>true</parsed>
<columns itemClass="oracle.dbtools.crest.model.design.relational.Column">
<Column name="Numer_transakcji" id="E3EE7A36-9A29-614A-1B29-1ABF22D8D62F">
<createdBy>kamil</createdBy>
<createdTime>2018-11-28 19:34:05 UTC</createdTime>
<generatorID>CDBA6DC3-A465-B350-E8E9-105E8E727AA3</generatorID>
<ownerDesignName>BD2</ownerDesignName>
<useDomainConstraints>false</useDomainConstraints>
<use>1</use>
<logicalDatatype>LOGDT011</logicalDatatype>
<ownDataTypeParameters>,,</ownDataTypeParameters>
<autoIncrementCycle>false</autoIncrementCycle>
</Column>
<Column name="Data" id="85868F05-6F4A-68EC-A610-FA9781AEFE79">
<createdBy>kamil</createdBy>
<createdTime>2018-11-28 19:34:05 UTC</createdTime>
<generatorID>5A82DBE7-0171-52DE-175B-17F862C7A987</generatorID>
<ownerDesignName>BD2</ownerDesignName>
<useDomainConstraints>false</useDomainConstraints>
<use>1</use>
<logicalDatatype>LOGDT007</logicalDatatype>
<ownDataTypeParameters>,,</ownDataTypeParameters>
<autoIncrementCycle>false</autoIncrementCycle>
</Column>
</columns>
<indexes itemClass="oracle.dbtools.crest.model.design.relational.Index">
<ind_PK_UK id="78630C1C-2EB8-D9B1-E9CD-0638789C9F67" name="Transakcja_PK">
<createdBy>kamil</createdBy>
<createdTime>2018-11-28 19:34:05 UTC</createdTime>
<generatorID>602DEACC-3C89-E8AE-C77B-2A38067DB7D6</generatorID>
<ownerDesignName>BD2</ownerDesignName>
<pk>true</pk>
<indexState>Primary Constraint</indexState>
<isSurrogateKey>false</isSurrogateKey>
<indexColumnUsage>
<colUsage columnID="E3EE7A36-9A29-614A-1B29-1ABF22D8D62F"/>
</indexColumnUsage>
</ind_PK_UK>
</indexes>
</Table>