<?xml version = '1.0' encoding = 'UTF-8'?>
<Table class="oracle.dbtools.crest.model.design.relational.Table" directorySegmentName="seg_0" id="39C04967-86AD-95D1-5084-26937F38570F" name="Osoba">
<createdBy>Mateusz</createdBy>
<createdTime>2018-12-05 13:48:58 UTC</createdTime>
<generatorID>861EC6AE-BA55-F210-B04B-D2B9DCF54581</generatorID>
<ownerDesignName>BD2</ownerDesignName>
<allowColumnReorder>false</allowColumnReorder>
<existDependencyGenerateInDDl>true</existDependencyGenerateInDDl>
<parsed>true</parsed>
<columns itemClass="oracle.dbtools.crest.model.design.relational.Column">
<Column name="Numer_identyfikacyjny" id="FAA4071A-84C3-A482-B123-C5DAC3D7E296">
<createdBy>Mateusz</createdBy>
<createdTime>2018-12-05 13:48:58 UTC</createdTime>
<generatorID>77E00DD4-0C1D-9409-FBF3-93D74A3F5136</generatorID>
<ownerDesignName>BD2</ownerDesignName>
<useDomainConstraints>false</useDomainConstraints>
<use>1</use>
<logicalDatatype>LOGDT011</logicalDatatype>
<ownDataTypeParameters>,,</ownDataTypeParameters>
<autoIncrementCycle>false</autoIncrementCycle>
</Column>
<Column name="Audytor_Numer_id" id="212CC891-432C-70D6-B196-494001CE6054">
<createdBy>Mateusz</createdBy>
<createdTime>2018-12-05 13:59:35 UTC</createdTime>
<ownerDesignName>BD2</ownerDesignName>
<nullsAllowed>true</nullsAllowed>
<useDomainConstraints>false</useDomainConstraints>
<use>1</use>
<logicalDatatype>LOGDT011</logicalDatatype>
<ownDataTypeParameters>,,</ownDataTypeParameters>
<previousColumn>false</previousColumn>
<autoIncrementCycle>false</autoIncrementCycle>
<associations>
<colAssociation fkAssociation="FD5FCA61-E30C-8141-2EF5-F93BE5D320E1" referredColumn="FD8989F2-522B-E4CB-36EC-EBB35E107B97"/>
</associations>
</Column>
<Column name="Wlasciciel_Numer_id" id="CCA6D87C-4C79-3968-0E6B-53B0727EFA4C">
<createdBy>Mateusz</createdBy>
<createdTime>2018-12-05 13:59:35 UTC</createdTime>
<ownerDesignName>BD2</ownerDesignName>
<nullsAllowed>true</nullsAllowed>
<useDomainConstraints>false</useDomainConstraints>
<use>1</use>
<logicalDatatype>LOGDT011</logicalDatatype>
<ownDataTypeParameters>,,</ownDataTypeParameters>
<previousColumn>false</previousColumn>
<autoIncrementCycle>false</autoIncrementCycle>
<associations>
<colAssociation fkAssociation="7AFF64F7-9B7C-FDF5-23B8-071038681988" referredColumn="7CCB4756-2EEA-41A7-7E9D-1EFF98088066"/>
</associations>
</Column>
<Column name="Pracownik_Numer_id" id="878DAFE3-4485-BFCD-CCE0-4515E00589E9">
<createdBy>Mateusz</createdBy>
<createdTime>2018-12-05 13:59:35 UTC</createdTime>
<ownerDesignName>BD2</ownerDesignName>
<nullsAllowed>true</nullsAllowed>
<useDomainConstraints>false</useDomainConstraints>
<use>1</use>
<logicalDatatype>LOGDT011</logicalDatatype>
<ownDataTypeParameters>,,</ownDataTypeParameters>
<previousColumn>false</previousColumn>
<autoIncrementCycle>false</autoIncrementCycle>
<associations>
<colAssociation fkAssociation="2CD0E240-EA40-8A57-DEE5-B1D783F2775D" referredColumn="7086EBE1-32A1-2795-706A-DC160A62066D"/>
</associations>
</Column>
</columns>
<indexes itemClass="oracle.dbtools.crest.model.design.relational.Index">
<ind_PK_UK id="3E1B641E-12D7-D96F-F62C-0A2B1AEEFC0D" name="Osoba_PK">
<createdBy>Mateusz</createdBy>
<createdTime>2018-12-05 13:48:58 UTC</createdTime>
<generatorID>997D6CA4-9ACA-E1CB-6EF5-3B6C85044F1E</generatorID>
<ownerDesignName>BD2</ownerDesignName>
<pk>true</pk>
<indexState>Primary Constraint</indexState>
<isSurrogateKey>false</isSurrogateKey>
<indexColumnUsage>
<colUsage columnID="FAA4071A-84C3-A482-B123-C5DAC3D7E296"/>
</indexColumnUsage>
</ind_PK_UK>
<ind_PK_UK id="8023A59D-5170-5F34-AAA3-2A98E3002379" name="Osoba_Audytor_FK">
<createdBy>Mateusz</createdBy>
<createdTime>2018-12-05 13:59:35 UTC</createdTime>
<generatorID>06B7FA53-13BA-6611-218B-AA77C3D386EF</generatorID>
<ownerDesignName>BD2</ownerDesignName>
<indexState>Foreign Key</indexState>
<isSurrogateKey>false</isSurrogateKey>
<indexColumnUsage>
<colUsage columnID="212CC891-432C-70D6-B196-494001CE6054"/>
</indexColumnUsage>
</ind_PK_UK>
<ind_PK_UK id="B5FE6736-DE9F-0AE1-85BA-E73EE4D9A3EA" name="Osoba_Wlasciciel_FK">
<createdBy>Mateusz</createdBy>
<createdTime>2018-12-05 13:59:35 UTC</createdTime>
<generatorID>627B198B-8147-3E57-F76C-983195AE459A</generatorID>
<ownerDesignName>BD2</ownerDesignName>
<indexState>Foreign Key</indexState>
<isSurrogateKey>false</isSurrogateKey>
<indexColumnUsage>
<colUsage columnID="CCA6D87C-4C79-3968-0E6B-53B0727EFA4C"/>
</indexColumnUsage>
</ind_PK_UK>
<ind_PK_UK id="93E909C8-786C-311C-9555-0F0AEBE92838" name="Osoba_Pracownik_FK">
<createdBy>Mateusz</createdBy>
<createdTime>2018-12-05 13:59:35 UTC</createdTime>
<generatorID>D9BF2584-4A29-F0CB-D01F-DCF2999FCB88</generatorID>
<ownerDesignName>BD2</ownerDesignName>
<indexState>Foreign Key</indexState>
<isSurrogateKey>false</isSurrogateKey>
<indexColumnUsage>
<colUsage columnID="878DAFE3-4485-BFCD-CCE0-4515E00589E9"/>
</indexColumnUsage>
</ind_PK_UK>
</indexes>
</Table>