<?xml version = '1.0' encoding = 'UTF-8'?>
<Table class="oracle.dbtools.crest.model.design.relational.Table" directorySegmentName="seg_0" id="7BB37280-EDD3-8C51-0FF8-23EC15752086" name="Lokalna">
<createdBy>kamil</createdBy>
<createdTime>2018-11-28 19:34:05 UTC</createdTime>
<generatorID>9838E8F8-F763-CDD9-919F-9AE91917DC8B</generatorID>
<ownerDesignName>BD2</ownerDesignName>
<allowColumnReorder>false</allowColumnReorder>
<existDependencyGenerateInDDl>true</existDependencyGenerateInDDl>
<parsed>true</parsed>
<columns itemClass="oracle.dbtools.crest.model.design.relational.Column">
<Column name="Numer_uslugi" id="7A87B0C9-A811-9906-291F-39926745191E">
<createdBy>kamil</createdBy>
<createdTime>2018-11-28 19:34:05 UTC</createdTime>
<generatorID>6BBC0ABB-983B-3898-2D60-00867F16EF71</generatorID>
<ownerDesignName>BD2</ownerDesignName>
<useDomainConstraints>false</useDomainConstraints>
<use>1</use>
<logicalDatatype>LOGDT011</logicalDatatype>
<ownDataTypeParameters>,,</ownDataTypeParameters>
<autoIncrementCycle>false</autoIncrementCycle>
</Column>
</columns>
<indexes itemClass="oracle.dbtools.crest.model.design.relational.Index">
<ind_PK_UK id="4200960F-3840-D7E4-2343-5488F9E73150" name="Lokalna_PK">
<createdBy>kamil</createdBy>
<createdTime>2018-11-28 19:34:05 UTC</createdTime>
<generatorID>D9940A4E-595C-B1FC-43CD-E0E456478197</generatorID>
<ownerDesignName>BD2</ownerDesignName>
<pk>true</pk>
<indexState>Primary Constraint</indexState>
<isSurrogateKey>false</isSurrogateKey>
<indexColumnUsage>
<colUsage columnID="7A87B0C9-A811-9906-291F-39926745191E"/>
</indexColumnUsage>
</ind_PK_UK>
</indexes>
</Table>