<?xml version = '1.0' encoding = 'UTF-8'?>
<Table class="oracle.dbtools.crest.model.design.relational.Table" directorySegmentName="seg_0" id="8C6BE2E5-E131-6F38-B140-230D6CD807CB" name="Lekcja_plywania">
<createdBy>kamil</createdBy>
<createdTime>2018-11-28 19:34:05 UTC</createdTime>
<generatorID>55AE9785-060A-D1B2-3772-C723BF035B70</generatorID>
<ownerDesignName>BD2</ownerDesignName>
<allowColumnReorder>false</allowColumnReorder>
<existDependencyGenerateInDDl>true</existDependencyGenerateInDDl>
<parsed>true</parsed>
<columns itemClass="oracle.dbtools.crest.model.design.relational.Column">
<Column name="Numer_lekcji" id="397ED787-209A-23B0-3A06-042E89E40CDA">
<createdBy>kamil</createdBy>
<createdTime>2018-11-28 19:34:05 UTC</createdTime>
<generatorID>210C3632-6CA6-DEC2-DF49-8ED15A038686</generatorID>
<ownerDesignName>BD2</ownerDesignName>
<useDomainConstraints>false</useDomainConstraints>
<use>1</use>
<logicalDatatype>LOGDT011</logicalDatatype>
<ownDataTypeParameters>,,</ownDataTypeParameters>
<autoIncrementCycle>false</autoIncrementCycle>
</Column>
<Column name="Data" id="B21C54E2-D256-0706-C1A7-0FD1987CB0A0">
<createdBy>kamil</createdBy>
<createdTime>2018-11-28 19:34:05 UTC</createdTime>
<generatorID>30518108-1FE4-874B-8F8C-F5FB6CC33990</generatorID>
<ownerDesignName>BD2</ownerDesignName>
<useDomainConstraints>false</useDomainConstraints>
<use>1</use>
<logicalDatatype>LOGDT007</logicalDatatype>
<ownDataTypeParameters>,,</ownDataTypeParameters>
<autoIncrementCycle>false</autoIncrementCycle>
</Column>
<Column name="Godzina" id="148CB8DA-6A1F-8B3D-0979-027DC3443729">
<createdBy>kamil</createdBy>
<createdTime>2018-11-28 19:34:05 UTC</createdTime>
<generatorID>1D896927-15A6-A899-85C8-447E61BC1A0A</generatorID>
<ownerDesignName>BD2</ownerDesignName>
<useDomainConstraints>false</useDomainConstraints>
<use>1</use>
<logicalDatatype>LOGDT014</logicalDatatype>
<ownDataTypeParameters>,,</ownDataTypeParameters>
<autoIncrementCycle>false</autoIncrementCycle>
</Column>
<Column name="Numer_ratownika" id="FBCC3EDB-B767-C1AA-7178-61B5DFFCDFFA">
<createdBy>kamil</createdBy>
<createdTime>2018-11-28 19:34:05 UTC</createdTime>
<generatorID>7F67A63F-4394-654B-B3C6-85FA3FCEC3F2</generatorID>
<ownerDesignName>BD2</ownerDesignName>
<useDomainConstraints>false</useDomainConstraints>
<use>1</use>
<logicalDatatype>LOGDT011</logicalDatatype>
<ownDataTypeParameters>,,</ownDataTypeParameters>
<autoIncrementCycle>false</autoIncrementCycle>
</Column>
<Column name="Liczba_zapisanych_osob" id="14EBB9E6-30ED-2B86-3E0D-D61751AACE65">
<createdBy>Mateusz</createdBy>
<createdTime>2018-11-29 17:42:49 UTC</createdTime>
<ownerDesignName>BD2</ownerDesignName>
<useDomainConstraints>false</useDomainConstraints>
<use>1</use>
<logicalDatatype>LOGDT011</logicalDatatype>
<ownDataTypeParameters>,,</ownDataTypeParameters>
<autoIncrementCycle>false</autoIncrementCycle>
</Column>
<Column name="Klient_Numer_klienta" id="B3CC5EEC-37CD-616E-3C03-E620E44E6706">
<createdBy>kamil</createdBy>
<createdTime>2018-11-28 19:34:05 UTC</createdTime>
<generatorID>DE7837DD-5894-9353-8A43-566B838F835B</generatorID>
<ownerDesignName>BD2</ownerDesignName>
<useDomainConstraints>false</useDomainConstraints>
<use>1</use>
<logicalDatatype>LOGDT011</logicalDatatype>
<ownDataTypeParameters>,,</ownDataTypeParameters>
<previousColumn>false</previousColumn>
<autoIncrementCycle>false</autoIncrementCycle>
<associations>
<colAssociation fkAssociation="B63CB94A-93A4-8BB8-7926-1BF82E07607E" referredColumn="F0C1F9FC-C82A-8E57-918E-E962DAD4093A"/>
</associations>
</Column>
<Column name="Ogolna_Numer_uslugi" id="CB08A540-5455-1A64-2674-30B4272F90C2">
<createdBy>kamil</createdBy>
<createdTime>2018-11-28 19:34:05 UTC</createdTime>
<generatorID>0956642A-EA95-7010-E582-D7F3A60868E1</generatorID>
<ownerDesignName>BD2</ownerDesignName>
<useDomainConstraints>false</useDomainConstraints>
<use>1</use>
<logicalDatatype>LOGDT011</logicalDatatype>
<ownDataTypeParameters>,,</ownDataTypeParameters>
<previousColumn>false</previousColumn>
<autoIncrementCycle>false</autoIncrementCycle>
<associations>
<colAssociation fkAssociation="F539BC8A-61D0-8C46-050D-E9CEAECC27D9" referredColumn="5DDBEA56-8FF1-1924-13BE-4AAE7FDE6281"/>
</associations>
</Column>
<Column name="Liczba_zapisanych_osob2" id="43360C5C-F9D6-8BEF-5E6E-BD846E1B5C46">
<createdBy>Mateusz</createdBy>
<createdTime>2018-12-05 13:48:58 UTC</createdTime>
<generatorID>753D2B63-758D-25B1-0C25-5DA398B29AF4</generatorID>
<ownerDesignName>BD2</ownerDesignName>
<useDomainConstraints>false</useDomainConstraints>
<use>1</use>
<logicalDatatype>LOGDT011</logicalDatatype>
<ownDataTypeParameters>,,</ownDataTypeParameters>
<autoIncrementCycle>false</autoIncrementCycle>
</Column>
</columns>
<indexes itemClass="oracle.dbtools.crest.model.design.relational.Index">
<ind_PK_UK id="28704951-8D1C-1D8F-5E2A-CEAEFC609FA0" name="Lekcja_plywania_PK">
<createdBy>kamil</createdBy>
<createdTime>2018-11-28 19:34:05 UTC</createdTime>
<generatorID>BCA32AF6-2F28-2B33-0CEB-BA37D2915362</generatorID>
<ownerDesignName>BD2</ownerDesignName>
<pk>true</pk>
<indexState>Primary Constraint</indexState>
<isSurrogateKey>false</isSurrogateKey>
<indexColumnUsage>
<colUsage columnID="397ED787-209A-23B0-3A06-042E89E40CDA"/>
</indexColumnUsage>
</ind_PK_UK>
<ind_PK_UK id="3F737A9B-6B97-B8E0-2198-C3D86A1F8074" name="Lekcja_plywania_Klient_FK">
<createdBy>kamil</createdBy>
<createdTime>2018-11-28 19:34:05 UTC</createdTime>
<generatorID>D2E8CB77-4223-F0E5-E390-9CB7997C6795</generatorID>
<ownerDesignName>BD2</ownerDesignName>
<indexState>Foreign Key</indexState>
<isSurrogateKey>false</isSurrogateKey>
<indexColumnUsage>
<colUsage columnID="B3CC5EEC-37CD-616E-3C03-E620E44E6706"/>
</indexColumnUsage>
</ind_PK_UK>
<ind_PK_UK id="DDF93731-B9C3-67DD-0C7F-F85745CBF1F1" name="Lekcja_plywania_Ogolna_FK">
<createdBy>kamil</createdBy>
<createdTime>2018-11-28 19:34:05 UTC</createdTime>
<generatorID>F3297DDD-9B42-ACCE-CCE7-6C8E6A02A363</generatorID>
<ownerDesignName>BD2</ownerDesignName>
<indexState>Foreign Key</indexState>
<isSurrogateKey>false</isSurrogateKey>
<indexColumnUsage>
<colUsage columnID="CB08A540-5455-1A64-2674-30B4272F90C2"/>
</indexColumnUsage>
</ind_PK_UK>
</indexes>
</Table>