<?xml version = '1.0' encoding = 'UTF-8'?>
<Table class="oracle.dbtools.crest.model.design.relational.Table" directorySegmentName="seg_0" id="AEBE4092-7BF7-D2CA-398F-9605B1EE8998" name="Pracownik">
<createdBy>kamil</createdBy>
<createdTime>2018-11-28 19:34:05 UTC</createdTime>
<generatorID>DB21EEAF-CCD9-E8B3-A054-B79B496A5CBF</generatorID>
<ownerDesignName>BD2</ownerDesignName>
<allowColumnReorder>false</allowColumnReorder>
<existDependencyGenerateInDDl>true</existDependencyGenerateInDDl>
<parsed>true</parsed>
<columns itemClass="oracle.dbtools.crest.model.design.relational.Column">
<Column name="Numer_identyfikacyjny" id="7086EBE1-32A1-2795-706A-DC160A62066D">
<createdBy>kamil</createdBy>
<createdTime>2018-11-28 19:34:05 UTC</createdTime>
<generatorID>77E00DD4-0C1D-9409-FBF3-93D74A3F5136</generatorID>
<ownerDesignName>BD2</ownerDesignName>
<useDomainConstraints>false</useDomainConstraints>
<use>1</use>
<logicalDatatype>LOGDT011</logicalDatatype>
<ownDataTypeParameters>,,</ownDataTypeParameters>
<autoIncrementCycle>false</autoIncrementCycle>
</Column>
<Column name="Id" id="991AE707-DA3C-EC9D-3DEC-A19F9F7EDC1C">
<createdBy>kamil</createdBy>
<createdTime>2018-11-28 19:34:05 UTC</createdTime>
<generatorID>73AA0610-9A99-6F2E-E274-0D58A6DB749E</generatorID>
<ownerDesignName>BD2</ownerDesignName>
<useDomainConstraints>false</useDomainConstraints>
<use>1</use>
<logicalDatatype>LOGDT011</logicalDatatype>
<ownDataTypeParameters>,,</ownDataTypeParameters>
<autoIncrementCycle>false</autoIncrementCycle>
</Column>
<Column name="Imie" id="DB0D4A77-F35B-F11A-9E1F-5DB5B6D9E8A7">
<createdBy>kamil</createdBy>
<createdTime>2018-11-28 19:34:05 UTC</createdTime>
<generatorID>A62A127D-135C-04EE-DAAA-B6793EEC3D25</generatorID>
<ownerDesignName>BD2</ownerDesignName>
<useDomainConstraints>false</useDomainConstraints>
<use>1</use>
<logicalDatatype>A3A3C77D-0366-9768-FF89-1C25E56881C8</logicalDatatype>
<ownDataTypeParameters>,,</ownDataTypeParameters>
<autoIncrementCycle>false</autoIncrementCycle>
</Column>
<Column name="Nazwisko" id="3515AAF9-05B2-8BBF-7BB4-7C1C8DA74503">
<createdBy>kamil</createdBy>
<createdTime>2018-11-28 19:34:05 UTC</createdTime>
<generatorID>ECE3F544-79FC-F7F0-804F-400042A87A07</generatorID>
<ownerDesignName>BD2</ownerDesignName>
<useDomainConstraints>false</useDomainConstraints>
<use>1</use>
<logicalDatatype>A3A3C77D-0366-9768-FF89-1C25E56881C8</logicalDatatype>
<ownDataTypeParameters>,,</ownDataTypeParameters>
<autoIncrementCycle>false</autoIncrementCycle>
</Column>
<Column name="Dodatek_do_pensji" id="FA21B00D-63CB-3862-CF55-4DE83AA96A8C">
<createdBy>kamil</createdBy>
<createdTime>2018-11-28 19:34:05 UTC</createdTime>
<generatorID>091F35FB-89F3-17C9-E929-9750F3F2FE08</generatorID>
<ownerDesignName>BD2</ownerDesignName>
<nullsAllowed>true</nullsAllowed>
<useDomainConstraints>false</useDomainConstraints>
<use>1</use>
<logicalDatatype>LOGDT011</logicalDatatype>
<ownDataTypeParameters>,,</ownDataTypeParameters>
<autoIncrementCycle>false</autoIncrementCycle>
</Column>
<Column name="Stanowisko_Numer_stanowiska" id="102CAB92-BDA4-0DB6-501A-91F609418840">
<createdBy>kamil</createdBy>
<createdTime>2018-11-28 19:34:05 UTC</createdTime>
<generatorID>9219766A-4DAA-D123-5235-1F326BA67F46</generatorID>
<ownerDesignName>BD2</ownerDesignName>
<useDomainConstraints>false</useDomainConstraints>
<use>1</use>
<logicalDatatype>LOGDT011</logicalDatatype>
<ownDataTypeParameters>,,</ownDataTypeParameters>
<previousColumn>false</previousColumn>
<autoIncrementCycle>false</autoIncrementCycle>
<associations>
<colAssociation fkAssociation="90D8CB0B-F9E7-1BE9-DB93-2E86528F15C4" referredColumn="888073DE-2EDA-A896-E3AD-CDE3426F3FF7"/>
</associations>
</Column>
<Column name="Basen_Numer_obiektu" id="372A3553-F4B1-5AF5-7040-27A925C2A75A">
<createdBy>kamil</createdBy>
<createdTime>2018-11-28 19:34:05 UTC</createdTime>
<generatorID>AC6EE259-2D6D-AE3C-CE65-1C71595684CB</generatorID>
<ownerDesignName>BD2</ownerDesignName>
<useDomainConstraints>false</useDomainConstraints>
<use>1</use>
<logicalDatatype>LOGDT011</logicalDatatype>
<ownDataTypeParameters>,,</ownDataTypeParameters>
<previousColumn>false</previousColumn>
<autoIncrementCycle>false</autoIncrementCycle>
<associations>
<colAssociation fkAssociation="3351D1CD-C73F-047E-7DA3-CC949652A169" referredColumn="2E946FDB-DA02-157D-D3CB-7EFB701A80E6"/>
</associations>
</Column>
</columns>
<indexes itemClass="oracle.dbtools.crest.model.design.relational.Index">
<ind_PK_UK id="83EC3344-EB99-144A-4087-A67B2D674EF5" name="Pracownik_PK">
<createdBy>kamil</createdBy>
<createdTime>2018-11-28 19:34:05 UTC</createdTime>
<generatorID>997D6CA4-9ACA-E1CB-6EF5-3B6C85044F1E</generatorID>
<ownerDesignName>BD2</ownerDesignName>
<pk>true</pk>
<indexState>Primary Constraint</indexState>
<isSurrogateKey>false</isSurrogateKey>
<indexColumnUsage>
<colUsage columnID="7086EBE1-32A1-2795-706A-DC160A62066D"/>
</indexColumnUsage>
</ind_PK_UK>
<ind_PK_UK id="8BE83372-7592-C06C-183B-1990D70736FD" name="Pracownik_Basen_FK">
<createdBy>kamil</createdBy>
<createdTime>2018-11-28 19:34:05 UTC</createdTime>
<generatorID>7BBB3C66-D3CC-5B0B-86A2-572C28644386</generatorID>
<ownerDesignName>BD2</ownerDesignName>
<indexState>Foreign Key</indexState>
<isSurrogateKey>false</isSurrogateKey>
<indexColumnUsage>
<colUsage columnID="372A3553-F4B1-5AF5-7040-27A925C2A75A"/>
</indexColumnUsage>
</ind_PK_UK>
<ind_PK_UK id="C0922B16-36CE-F3C1-A4A7-2DDEB8C6BED1" name="Pracownik_Stanowisko_FK">
<createdBy>kamil</createdBy>
<createdTime>2018-11-28 19:34:05 UTC</createdTime>
<generatorID>FCD697A2-B6CF-8230-13F0-4DCEAD648303</generatorID>
<ownerDesignName>BD2</ownerDesignName>
<indexState>Foreign Key</indexState>
<isSurrogateKey>false</isSurrogateKey>
<indexColumnUsage>
<colUsage columnID="102CAB92-BDA4-0DB6-501A-91F609418840"/>
</indexColumnUsage>
</ind_PK_UK>
</indexes>
</Table>