<?xml version = '1.0' encoding = 'UTF-8'?>
<Table class="oracle.dbtools.crest.model.design.relational.Table" directorySegmentName="seg_0" id="B46F979B-475C-9B27-BFA0-B789CFA18677" name="Dane_do_logowania">
<createdBy>kamil</createdBy>
<createdTime>2018-11-28 19:34:05 UTC</createdTime>
<generatorID>E3702F44-48ED-8840-A26F-3C2EA4BE255D</generatorID>
<ownerDesignName>BD2</ownerDesignName>
<allowColumnReorder>false</allowColumnReorder>
<existDependencyGenerateInDDl>true</existDependencyGenerateInDDl>
<parsed>true</parsed>
<columns itemClass="oracle.dbtools.crest.model.design.relational.Column">
<Column name="Id" id="905AA086-52C7-3C0D-77AD-3758E16F0D2A">
<createdBy>kamil</createdBy>
<createdTime>2018-11-28 19:34:05 UTC</createdTime>
<generatorID>524372BE-65AB-AC11-1A0B-BF47236BD331</generatorID>
<ownerDesignName>BD2</ownerDesignName>
<useDomainConstraints>false</useDomainConstraints>
<use>1</use>
<logicalDatatype>LOGDT011</logicalDatatype>
<ownDataTypeParameters>,,</ownDataTypeParameters>
<autoIncrementCycle>false</autoIncrementCycle>
</Column>
<Column name="Login" id="CDAECE34-15BF-6D6A-AACB-0AA8390663CD">
<createdBy>kamil</createdBy>
<createdTime>2018-11-28 19:34:05 UTC</createdTime>
<generatorID>138B60BB-69B4-80A5-CC01-2FDB5F9D8343</generatorID>
<ownerDesignName>BD2</ownerDesignName>
<useDomainConstraints>false</useDomainConstraints>
<use>1</use>
<logicalDatatype>A3A3C77D-0366-9768-FF89-1C25E56881C8</logicalDatatype>
<ownDataTypeParameters>,,</ownDataTypeParameters>
<autoIncrementCycle>false</autoIncrementCycle>
</Column>
<Column name="Haslo" id="05228565-19D9-A664-68AB-110C07810DEE">
<createdBy>kamil</createdBy>
<createdTime>2018-11-28 19:34:05 UTC</createdTime>
<generatorID>6DF96A4F-4E89-ABBB-2A22-828245AFD3C0</generatorID>
<ownerDesignName>BD2</ownerDesignName>
<useDomainConstraints>false</useDomainConstraints>
<use>1</use>
<logicalDatatype>A3A3C77D-0366-9768-FF89-1C25E56881C8</logicalDatatype>
<ownDataTypeParameters>,,</ownDataTypeParameters>
<autoIncrementCycle>false</autoIncrementCycle>
</Column>
<Column name="Osoba_Numer_identyfikacyjny" id="35709F31-03DC-3F8C-5E63-2E1B2D080B0E">
<createdBy>Mateusz</createdBy>
<createdTime>2018-12-05 13:59:35 UTC</createdTime>
<generatorID>A36EB370-3B84-4F92-EA4A-FEC9BF5E7F20</generatorID>
<ownerDesignName>BD2</ownerDesignName>
<useDomainConstraints>false</useDomainConstraints>
<use>1</use>
<logicalDatatype>LOGDT011</logicalDatatype>
<ownDataTypeParameters>,,</ownDataTypeParameters>
<previousColumn>false</previousColumn>
<autoIncrementCycle>false</autoIncrementCycle>
<associations>
<colAssociation fkAssociation="2761F604-1664-25CE-CBEF-3CC406044C40" referredColumn="FAA4071A-84C3-A482-B123-C5DAC3D7E296"/>
</associations>
</Column>
</columns>
<indexes itemClass="oracle.dbtools.crest.model.design.relational.Index">
<ind_PK_UK id="BF245CFA-4893-427E-CE29-730DD84E2492" name="Dane_do_logowania_PK">
<createdBy>kamil</createdBy>
<createdTime>2018-11-28 19:34:05 UTC</createdTime>
<generatorID>07AB9976-B97A-BA41-E54B-9156271EFA42</generatorID>
<ownerDesignName>BD2</ownerDesignName>
<pk>true</pk>
<indexState>Primary Constraint</indexState>
<isSurrogateKey>false</isSurrogateKey>
<indexColumnUsage>
<colUsage columnID="905AA086-52C7-3C0D-77AD-3758E16F0D2A"/>
</indexColumnUsage>
</ind_PK_UK>
<ind_PK_UK id="D862E1EE-1201-2918-2FA8-C477973C507E" name="Dane_do_logowania__IDX">
<createdBy>Mateusz</createdBy>
<createdTime>2018-12-05 13:59:35 UTC</createdTime>
<ownerDesignName>BD2</ownerDesignName>
<indexState>Unique Plain Index</indexState>
<isSurrogateKey>false</isSurrogateKey>
<relationGeneratorID>D0AE7CF5-CDBF-138D-762F-3D527CF3C92D</relationGeneratorID>
<indexColumnUsage>
<colUsage columnID="35709F31-03DC-3F8C-5E63-2E1B2D080B0E"/>
</indexColumnUsage>
</ind_PK_UK>
<ind_PK_UK id="545CA607-E46E-33D5-8155-6344DA40DE2B" name="Dane_do_logowania_Osoba_FK">
<createdBy>Mateusz</createdBy>
<createdTime>2018-12-05 13:59:35 UTC</createdTime>
<generatorID>D0AE7CF5-CDBF-138D-762F-3D527CF3C92D</generatorID>
<ownerDesignName>BD2</ownerDesignName>
<indexState>Foreign Key</indexState>
<isSurrogateKey>false</isSurrogateKey>
<indexColumnUsage>
<colUsage columnID="35709F31-03DC-3F8C-5E63-2E1B2D080B0E"/>
</indexColumnUsage>
</ind_PK_UK>
</indexes>
</Table>