<?xml version = '1.0' encoding = 'UTF-8'?>
<Table class="oracle.dbtools.crest.model.design.relational.Table" directorySegmentName="seg_0" id="B46F979B-475C-9B27-BFA0-B789CFA18677" name="Dane_do_logowania">
<createdBy>kamil</createdBy>
<createdTime>2018-11-28 19:34:05 UTC</createdTime>
<generatorID>E3702F44-48ED-8840-A26F-3C2EA4BE255D</generatorID>
<ownerDesignName>BD2</ownerDesignName>
<allowColumnReorder>false</allowColumnReorder>
<existDependencyGenerateInDDl>true</existDependencyGenerateInDDl>
<parsed>true</parsed>
<columns itemClass="oracle.dbtools.crest.model.design.relational.Column">
<Column name="Id" id="905AA086-52C7-3C0D-77AD-3758E16F0D2A">
<createdBy>kamil</createdBy>
<createdTime>2018-11-28 19:34:05 UTC</createdTime>
<generatorID>524372BE-65AB-AC11-1A0B-BF47236BD331</generatorID>
<ownerDesignName>BD2</ownerDesignName>
<useDomainConstraints>false</useDomainConstraints>
<use>1</use>
<logicalDatatype>LOGDT011</logicalDatatype>
<ownDataTypeParameters>,,</ownDataTypeParameters>
<autoIncrementCycle>false</autoIncrementCycle>
</Column>
<Column name="Login" id="CDAECE34-15BF-6D6A-AACB-0AA8390663CD">
<createdBy>kamil</createdBy>
<createdTime>2018-11-28 19:34:05 UTC</createdTime>
<generatorID>138B60BB-69B4-80A5-CC01-2FDB5F9D8343</generatorID>
<ownerDesignName>BD2</ownerDesignName>
<useDomainConstraints>false</useDomainConstraints>
<use>1</use>
<logicalDatatype>A3A3C77D-0366-9768-FF89-1C25E56881C8</logicalDatatype>
<ownDataTypeParameters>,,</ownDataTypeParameters>
<autoIncrementCycle>false</autoIncrementCycle>
</Column>
<Column name="Haslo" id="05228565-19D9-A664-68AB-110C07810DEE">
<createdBy>kamil</createdBy>
<createdTime>2018-11-28 19:34:05 UTC</createdTime>
<generatorID>6DF96A4F-4E89-ABBB-2A22-828245AFD3C0</generatorID>
<ownerDesignName>BD2</ownerDesignName>
<useDomainConstraints>false</useDomainConstraints>
<use>1</use>
<logicalDatatype>A3A3C77D-0366-9768-FF89-1C25E56881C8</logicalDatatype>
<ownDataTypeParameters>,,</ownDataTypeParameters>
<autoIncrementCycle>false</autoIncrementCycle>
</Column>
<Column name="Numer_identyfikacyjny" id="D7B711AF-7C8F-51A3-DF78-AE4E5D378BA8">
<createdBy>kamil</createdBy>
<createdTime>2018-11-28 19:34:05 UTC</createdTime>
<generatorID>A36EB370-3B84-4F92-EA4A-FEC9BF5E7F20</generatorID>
<ownerDesignName>BD2</ownerDesignName>
<nullsAllowed>true</nullsAllowed>
<useDomainConstraints>false</useDomainConstraints>
<use>1</use>
<logicalDatatype>LOGDT011</logicalDatatype>
<ownDataTypeParameters>,,</ownDataTypeParameters>
<previousColumn>false</previousColumn>
<autoIncrementCycle>false</autoIncrementCycle>
<associations>
<colAssociation fkAssociation="BA22B8AE-592A-6DCF-4C56-1701CBAA8123" referredColumn="7086EBE1-32A1-2795-706A-DC160A62066D"/>
<colAssociation fkAssociation="67C3387A-686C-2422-9516-E16D6355CC99" referredColumn="FD8989F2-522B-E4CB-36EC-EBB35E107B97"/>
<colAssociation fkAssociation="BC721DCA-E39A-A2FA-9778-D7CB137B1BDE" referredColumn="7CCB4756-2EEA-41A7-7E9D-1EFF98088066"/>
</associations>
</Column>
</columns>
<indexes itemClass="oracle.dbtools.crest.model.design.relational.Index">
<ind_PK_UK id="BF245CFA-4893-427E-CE29-730DD84E2492" name="Dane_do_logowania_PK">
<createdBy>kamil</createdBy>
<createdTime>2018-11-28 19:34:05 UTC</createdTime>
<generatorID>07AB9976-B97A-BA41-E54B-9156271EFA42</generatorID>
<ownerDesignName>BD2</ownerDesignName>
<pk>true</pk>
<indexState>Primary Constraint</indexState>
<isSurrogateKey>false</isSurrogateKey>
<indexColumnUsage>
<colUsage columnID="905AA086-52C7-3C0D-77AD-3758E16F0D2A"/>
</indexColumnUsage>
</ind_PK_UK>
<ind_PK_UK id="652E9439-1273-E2B0-44CC-FE48E8221F0C" name="Dane_do_logowania__IDX">
<createdBy>kamil</createdBy>
<createdTime>2018-11-28 19:34:05 UTC</createdTime>
<ownerDesignName>BD2</ownerDesignName>
<indexState>Unique Plain Index</indexState>
<isSurrogateKey>false</isSurrogateKey>
<relationGeneratorID>D0AE7CF5-CDBF-138D-762F-3D527CF3C92D</relationGeneratorID>
<indexColumnUsage>
<colUsage columnID="D7B711AF-7C8F-51A3-DF78-AE4E5D378BA8"/>
</indexColumnUsage>
</ind_PK_UK>
<ind_PK_UK id="CBD347F4-510A-1F03-A0AD-A5DF3398C97C" name="Dane_do_logowania_Pracownik_FK">
<createdBy>kamil</createdBy>
<createdTime>2018-11-28 19:34:05 UTC</createdTime>
<generatorID>D0AE7CF5-CDBF-138D-762F-3D527CF3C92D</generatorID>
<ownerDesignName>BD2</ownerDesignName>
<indexState>Foreign Key</indexState>
<isSurrogateKey>false</isSurrogateKey>
<indexColumnUsage>
<colUsage columnID="D7B711AF-7C8F-51A3-DF78-AE4E5D378BA8"/>
</indexColumnUsage>
</ind_PK_UK>
<ind_PK_UK id="3C82B682-D0A4-439E-BA38-9737B399D9E5" name="Dane_do_logowania_Audytor_FK">
<createdBy>kamil</createdBy>
<createdTime>2018-11-28 19:34:05 UTC</createdTime>
<generatorID>D0AE7CF5-CDBF-138D-762F-3D527CF3C92D</generatorID>
<ownerDesignName>BD2</ownerDesignName>
<indexState>Foreign Key</indexState>
<isSurrogateKey>false</isSurrogateKey>
<indexColumnUsage>
<colUsage columnID="D7B711AF-7C8F-51A3-DF78-AE4E5D378BA8"/>
</indexColumnUsage>
</ind_PK_UK>
<ind_PK_UK id="7B8A0D73-2C0E-4410-36F5-2DEFA95331EC" name="Dane_do_logowania_Wlasciciel_FK">
<createdBy>kamil</createdBy>
<createdTime>2018-11-28 19:34:05 UTC</createdTime>
<generatorID>D0AE7CF5-CDBF-138D-762F-3D527CF3C92D</generatorID>
<ownerDesignName>BD2</ownerDesignName>
<indexState>Foreign Key</indexState>
<isSurrogateKey>false</isSurrogateKey>
<indexColumnUsage>
<colUsage columnID="D7B711AF-7C8F-51A3-DF78-AE4E5D378BA8"/>
</indexColumnUsage>
</ind_PK_UK>
</indexes>
</Table>