<?xml version = '1.0' encoding = 'UTF-8'?>
<Table class="oracle.dbtools.crest.model.design.relational.Table" directorySegmentName="seg_0" id="CA856878-0185-09CC-F3A5-0E594D6D0583" name="Rezerwacja_toru">
<createdBy>kamil</createdBy>
<createdTime>2018-11-28 19:34:05 UTC</createdTime>
<generatorID>A48551E6-030C-70A2-A7C9-A5AFFAFAF204</generatorID>
<ownerDesignName>BD2</ownerDesignName>
<allowColumnReorder>false</allowColumnReorder>
<existDependencyGenerateInDDl>true</existDependencyGenerateInDDl>
<parsed>true</parsed>
<columns itemClass="oracle.dbtools.crest.model.design.relational.Column">
<Column name="Numer_rezerwacji" id="05E51FB1-0912-E1C6-7E96-1E71FA839B14">
<createdBy>kamil</createdBy>
<createdTime>2018-11-28 19:34:05 UTC</createdTime>
<generatorID>44AACD66-E782-DA2F-6745-EA10E8238D9E</generatorID>
<ownerDesignName>BD2</ownerDesignName>
<useDomainConstraints>false</useDomainConstraints>
<use>1</use>
<logicalDatatype>LOGDT011</logicalDatatype>
<ownDataTypeParameters>,,</ownDataTypeParameters>
<autoIncrementCycle>false</autoIncrementCycle>
</Column>
<Column name="Data" id="0DF7866B-FD34-BAD1-6715-7AE671F287E8">
<createdBy>kamil</createdBy>
<createdTime>2018-11-28 19:34:05 UTC</createdTime>
<generatorID>2E4EB83B-0159-ED08-4F00-CAD4B34C8F63</generatorID>
<ownerDesignName>BD2</ownerDesignName>
<useDomainConstraints>false</useDomainConstraints>
<use>1</use>
<logicalDatatype>LOGDT007</logicalDatatype>
<ownDataTypeParameters>,,</ownDataTypeParameters>
<autoIncrementCycle>false</autoIncrementCycle>
</Column>
<Column name="Godzina" id="0625444B-7ACF-AAE7-0C9A-4833BEC93D75">
<createdBy>kamil</createdBy>
<createdTime>2018-11-28 19:34:05 UTC</createdTime>
<generatorID>DD78125D-7957-103C-DAF7-2820B67885F8</generatorID>
<ownerDesignName>BD2</ownerDesignName>
<useDomainConstraints>false</useDomainConstraints>
<use>1</use>
<logicalDatatype>LOGDT014</logicalDatatype>
<ownDataTypeParameters>,,</ownDataTypeParameters>
<autoIncrementCycle>false</autoIncrementCycle>
</Column>
<Column name="Numer_toru" id="1B1F425F-B9B2-9C59-54B3-F1A2A93A40C6">
<createdBy>kamil</createdBy>
<createdTime>2018-11-28 19:34:05 UTC</createdTime>
<generatorID>A51BC866-A1F2-5C7C-24BC-DC94EF56F410</generatorID>
<ownerDesignName>BD2</ownerDesignName>
<useDomainConstraints>false</useDomainConstraints>
<use>1</use>
<logicalDatatype>LOGDT011</logicalDatatype>
<ownDataTypeParameters>,,</ownDataTypeParameters>
<autoIncrementCycle>false</autoIncrementCycle>
</Column>
<Column name="Status" id="0FCDA16C-31B6-3B28-3DFB-7CDB6DF45F48">
<createdBy>kamil</createdBy>
<createdTime>2018-11-28 19:34:05 UTC</createdTime>
<generatorID>4C96AA48-5473-4680-4B9E-FF4A34A11A8C</generatorID>
<ownerDesignName>BD2</ownerDesignName>
<useDomainConstraints>false</useDomainConstraints>
<use>1</use>
<logicalDatatype>LOGDT006</logicalDatatype>
<dataTypeSize>1 BYTE</dataTypeSize>
<ownDataTypeParameters>1 BYTE,,</ownDataTypeParameters>
<autoIncrementCycle>false</autoIncrementCycle>
</Column>
<Column name="Klient_Numer_klienta" id="39C66978-16AD-B61B-8BE6-0239D4A19E44">
<createdBy>kamil</createdBy>
<createdTime>2018-11-28 19:34:05 UTC</createdTime>
<generatorID>910828E7-803D-A47E-420F-A0A0CBAB0DEF</generatorID>
<ownerDesignName>BD2</ownerDesignName>
<useDomainConstraints>false</useDomainConstraints>
<use>1</use>
<logicalDatatype>LOGDT011</logicalDatatype>
<ownDataTypeParameters>,,</ownDataTypeParameters>
<previousColumn>false</previousColumn>
<autoIncrementCycle>false</autoIncrementCycle>
<associations>
<colAssociation fkAssociation="E4A7ADA4-6367-80D9-197C-E837B966C4D9" referredColumn="F0C1F9FC-C82A-8E57-918E-E962DAD4093A"/>
</associations>
</Column>
<Column name="Ogolna_Numer_uslugi" id="27CD5209-7641-9291-B6D7-FF4251E09D0B">
<createdBy>kamil</createdBy>
<createdTime>2018-11-28 19:34:05 UTC</createdTime>
<generatorID>8F333092-725F-C779-9043-6A10AE661B4B</generatorID>
<ownerDesignName>BD2</ownerDesignName>
<useDomainConstraints>false</useDomainConstraints>
<use>1</use>
<logicalDatatype>LOGDT011</logicalDatatype>
<ownDataTypeParameters>,,</ownDataTypeParameters>
<previousColumn>false</previousColumn>
<autoIncrementCycle>false</autoIncrementCycle>
<associations>
<colAssociation fkAssociation="CFEB60EF-B2EA-A7FC-D5B9-74EF68C5247E" referredColumn="5DDBEA56-8FF1-1924-13BE-4AAE7FDE6281"/>
</associations>
</Column>
</columns>
<indexes itemClass="oracle.dbtools.crest.model.design.relational.Index">
<ind_PK_UK id="E2F0EC1F-131C-F259-1002-1BA0D2EBEE68" name="Rezerwacja_toru_PK">
<createdBy>kamil</createdBy>
<createdTime>2018-11-28 19:34:05 UTC</createdTime>
<generatorID>B61DA158-B7F4-5378-6F39-7917969676C1</generatorID>
<ownerDesignName>BD2</ownerDesignName>
<pk>true</pk>
<indexState>Primary Constraint</indexState>
<isSurrogateKey>false</isSurrogateKey>
<indexColumnUsage>
<colUsage columnID="05E51FB1-0912-E1C6-7E96-1E71FA839B14"/>
</indexColumnUsage>
</ind_PK_UK>
<ind_PK_UK id="D7B78D89-7406-4464-196F-0426022004EA" name="Rezerwacja_toru_Klient_FK">
<createdBy>kamil</createdBy>
<createdTime>2018-11-28 19:34:05 UTC</createdTime>
<generatorID>F79E321F-8F21-4F6E-6322-BB340D99B39A</generatorID>
<ownerDesignName>BD2</ownerDesignName>
<indexState>Foreign Key</indexState>
<isSurrogateKey>false</isSurrogateKey>
<indexColumnUsage>
<colUsage columnID="39C66978-16AD-B61B-8BE6-0239D4A19E44"/>
</indexColumnUsage>
</ind_PK_UK>
<ind_PK_UK id="AAF93010-987C-A490-8848-46716B0EF7B7" name="Rezerwacja_toru_Ogolna_FK">
<createdBy>kamil</createdBy>
<createdTime>2018-11-28 19:34:05 UTC</createdTime>
<generatorID>A26739F7-8241-8A04-3B37-686797558F0A</generatorID>
<ownerDesignName>BD2</ownerDesignName>
<indexState>Foreign Key</indexState>
<isSurrogateKey>false</isSurrogateKey>
<indexColumnUsage>
<colUsage columnID="27CD5209-7641-9291-B6D7-FF4251E09D0B"/>
</indexColumnUsage>
</ind_PK_UK>
</indexes>
</Table>