<?xml version = '1.0' encoding = 'UTF-8'?>
<Table class="oracle.dbtools.crest.model.design.relational.Table" directorySegmentName="seg_0" id="CC793198-E981-825F-3F8F-E5DF96E496D4" name="Usluga">
<createdBy>Mateusz</createdBy>
<createdTime>2018-12-05 13:48:58 UTC</createdTime>
<generatorID>DE532B82-7005-79A9-4E4F-EB09B93F08CF</generatorID>
<ownerDesignName>BD2</ownerDesignName>
<allowColumnReorder>false</allowColumnReorder>
<existDependencyGenerateInDDl>true</existDependencyGenerateInDDl>
<parsed>true</parsed>
<columns itemClass="oracle.dbtools.crest.model.design.relational.Column">
<Column name="Numer_uslugi" id="1668D71D-8EE7-D5C0-D646-6BCEA200EEF5">
<createdBy>Mateusz</createdBy>
<createdTime>2018-12-05 13:48:58 UTC</createdTime>
<generatorID>6BBC0ABB-983B-3898-2D60-00867F16EF71</generatorID>
<ownerDesignName>BD2</ownerDesignName>
<useDomainConstraints>false</useDomainConstraints>
<use>1</use>
<logicalDatatype>LOGDT011</logicalDatatype>
<ownDataTypeParameters>,,</ownDataTypeParameters>
<autoIncrementCycle>false</autoIncrementCycle>
</Column>
<Column name="Nazwa_uslugi" id="FFF3259E-F3BB-02AA-754C-A314BEDAD406">
<createdBy>Mateusz</createdBy>
<createdTime>2018-12-05 13:48:58 UTC</createdTime>
<generatorID>120B4081-E869-26F5-6DBF-24C9D6ACA7BC</generatorID>
<ownerDesignName>BD2</ownerDesignName>
<useDomainConstraints>false</useDomainConstraints>
<use>1</use>
<logicalDatatype>A3A3C77D-0366-9768-FF89-1C25E56881C8</logicalDatatype>
<ownDataTypeParameters>,,</ownDataTypeParameters>
<autoIncrementCycle>false</autoIncrementCycle>
</Column>
<Column name="Cena" id="2402B13B-66B9-412D-1915-471463D1F159">
<createdBy>Mateusz</createdBy>
<createdTime>2018-12-05 13:48:58 UTC</createdTime>
<generatorID>27BB9B57-2F01-02AB-873C-B0CCDEABD7DD</generatorID>
<ownerDesignName>BD2</ownerDesignName>
<useDomainConstraints>false</useDomainConstraints>
<use>1</use>
<logicalDatatype>LOGDT011</logicalDatatype>
<ownDataTypeParameters>,,</ownDataTypeParameters>
<autoIncrementCycle>false</autoIncrementCycle>
</Column>
<Column name="Basen_Numer_obiektu" id="72186E44-C69C-3A08-9C0B-BB09C32BB88D">
<createdBy>Mateusz</createdBy>
<createdTime>2018-12-05 13:48:58 UTC</createdTime>
<generatorID>BE0F48DA-17B3-4E9A-CD19-4D6A7FD9DBB3</generatorID>
<ownerDesignName>BD2</ownerDesignName>
<useDomainConstraints>false</useDomainConstraints>
<use>1</use>
<logicalDatatype>LOGDT011</logicalDatatype>
<ownDataTypeParameters>,,</ownDataTypeParameters>
<previousColumn>false</previousColumn>
<autoIncrementCycle>false</autoIncrementCycle>
<associations>
<colAssociation fkAssociation="C5BB236B-4446-0E9E-6E88-01FA90D13068" referredColumn="2E946FDB-DA02-157D-D3CB-7EFB701A80E6"/>
</associations>
</Column>
<Column name="Ogolna_Numer_uslugi" id="CBBE0210-0EE3-F11C-03E6-83C7C204C43F">
<createdBy>Mateusz</createdBy>
<createdTime>2018-12-05 13:59:35 UTC</createdTime>
<ownerDesignName>BD2</ownerDesignName>
<nullsAllowed>true</nullsAllowed>
<useDomainConstraints>false</useDomainConstraints>
<use>1</use>
<logicalDatatype>LOGDT011</logicalDatatype>
<ownDataTypeParameters>,,</ownDataTypeParameters>
<previousColumn>false</previousColumn>
<autoIncrementCycle>false</autoIncrementCycle>
<associations>
<colAssociation fkAssociation="8C99CE92-5BB2-2810-E79A-A74590D1AFCD" referredColumn="5DDBEA56-8FF1-1924-13BE-4AAE7FDE6281"/>
</associations>
</Column>
<Column name="Lokalna_Numer_uslugi" id="1F691407-7EB1-8274-BDE4-965A6BA5AEBE">
<createdBy>Mateusz</createdBy>
<createdTime>2018-12-05 13:59:35 UTC</createdTime>
<ownerDesignName>BD2</ownerDesignName>
<nullsAllowed>true</nullsAllowed>
<useDomainConstraints>false</useDomainConstraints>
<use>1</use>
<logicalDatatype>LOGDT011</logicalDatatype>
<ownDataTypeParameters>,,</ownDataTypeParameters>
<previousColumn>false</previousColumn>
<autoIncrementCycle>false</autoIncrementCycle>
<associations>
<colAssociation fkAssociation="F14A436C-A59C-8F1C-E9C5-C011F7DABC92" referredColumn="7A87B0C9-A811-9906-291F-39926745191E"/>
</associations>
</Column>
</columns>
<indexes itemClass="oracle.dbtools.crest.model.design.relational.Index">
<ind_PK_UK id="69D9D587-9236-0C83-1EA7-68740415B688" name="Usluga_PK">
<createdBy>Mateusz</createdBy>
<createdTime>2018-12-05 13:48:58 UTC</createdTime>
<generatorID>D9940A4E-595C-B1FC-43CD-E0E456478197</generatorID>
<ownerDesignName>BD2</ownerDesignName>
<pk>true</pk>
<indexState>Primary Constraint</indexState>
<isSurrogateKey>false</isSurrogateKey>
<indexColumnUsage>
<colUsage columnID="1668D71D-8EE7-D5C0-D646-6BCEA200EEF5"/>
</indexColumnUsage>
</ind_PK_UK>
<ind_PK_UK id="F7A0C369-DCC3-3893-A712-EEEF2D6AD4C8" name="Usluga_Basen_FK">
<createdBy>Mateusz</createdBy>
<createdTime>2018-12-05 13:48:58 UTC</createdTime>
<generatorID>0B0DD6C7-FAB6-7395-64CA-6D1B092691D4</generatorID>
<ownerDesignName>BD2</ownerDesignName>
<indexState>Foreign Key</indexState>
<isSurrogateKey>false</isSurrogateKey>
<indexColumnUsage>
<colUsage columnID="72186E44-C69C-3A08-9C0B-BB09C32BB88D"/>
</indexColumnUsage>
</ind_PK_UK>
<ind_PK_UK id="2D1D1F8E-2BA4-9D72-675B-74DD2210DD60" name="Usluga_Ogolna_FK">
<createdBy>Mateusz</createdBy>
<createdTime>2018-12-05 13:59:35 UTC</createdTime>
<generatorID>1C04BEEB-FE19-BAF8-CE80-48AA4570F0DB</generatorID>
<ownerDesignName>BD2</ownerDesignName>
<indexState>Foreign Key</indexState>
<isSurrogateKey>false</isSurrogateKey>
<indexColumnUsage>
<colUsage columnID="CBBE0210-0EE3-F11C-03E6-83C7C204C43F"/>
</indexColumnUsage>
</ind_PK_UK>
<ind_PK_UK id="C9342618-016D-D78E-56D6-C04A64C92284" name="Usluga_Lokalna_FK">
<createdBy>Mateusz</createdBy>
<createdTime>2018-12-05 13:59:35 UTC</createdTime>
<generatorID>F0B9C125-0F1D-AB20-872A-5DF0F4317A57</generatorID>
<ownerDesignName>BD2</ownerDesignName>
<indexState>Foreign Key</indexState>
<isSurrogateKey>false</isSurrogateKey>
<indexColumnUsage>
<colUsage columnID="1F691407-7EB1-8274-BDE4-965A6BA5AEBE"/>
</indexColumnUsage>
</ind_PK_UK>
</indexes>
</Table>