<?xml version = '1.0' encoding = 'UTF-8'?>
<Table class="oracle.dbtools.crest.model.design.relational.Table" directorySegmentName="seg_0" id="D618BBF3-BEEA-CD7C-7AF2-8561E414A5D1" name="Koszyk">
<createdBy>kamil</createdBy>
<createdTime>2018-11-28 19:34:05 UTC</createdTime>
<generatorID>5CFB5DBA-4772-10E2-77AE-821D9B304FCA</generatorID>
<ownerDesignName>BD2</ownerDesignName>
<allowColumnReorder>false</allowColumnReorder>
<existDependencyGenerateInDDl>true</existDependencyGenerateInDDl>
<parsed>true</parsed>
<columns itemClass="oracle.dbtools.crest.model.design.relational.Column">
<Column name="Transakcja_Numer_transakcji" id="FAC14CBD-5C91-FB12-EFB7-CE74392F3C88">
<createdBy>kamil</createdBy>
<createdTime>2018-11-28 19:34:05 UTC</createdTime>
<generatorID>A3966E43-AA73-8751-0AE0-4CB0A64D95D8</generatorID>
<ownerDesignName>BD2</ownerDesignName>
<useDomainConstraints>false</useDomainConstraints>
<use>1</use>
<logicalDatatype>LOGDT011</logicalDatatype>
<ownDataTypeParameters>,,</ownDataTypeParameters>
<previousColumn>false</previousColumn>
<autoIncrementCycle>false</autoIncrementCycle>
<associations>
<colAssociation fkAssociation="811C4A72-6AB6-D238-25D8-5AB932E33B23" referredColumn="E3EE7A36-9A29-614A-1B29-1ABF22D8D62F"/>
</associations>
</Column>
<Column name="Numer_uslugi" id="BA402E23-6969-C840-1259-F18B62BAB118">
<createdBy>kamil</createdBy>
<createdTime>2018-11-28 19:34:05 UTC</createdTime>
<generatorID>1019F7B1-6CBB-0D55-FA5F-C1F3DE8AB4DC</generatorID>
<ownerDesignName>BD2</ownerDesignName>
<useDomainConstraints>false</useDomainConstraints>
<use>1</use>
<logicalDatatype>LOGDT011</logicalDatatype>
<ownDataTypeParameters>,,</ownDataTypeParameters>
<previousColumn>false</previousColumn>
<autoIncrementCycle>false</autoIncrementCycle>
<associations>
<colAssociation fkAssociation="95B274AB-5CED-4261-D057-7843DD4A48BE" referredColumn="5DDBEA56-8FF1-1924-13BE-4AAE7FDE6281"/>
<colAssociation fkAssociation="CA4F0D06-A572-3A91-FC7E-1F8287877585" referredColumn="7A87B0C9-A811-9906-291F-39926745191E"/>
</associations>
</Column>
<Column name="Ilosc" id="4EFA76D6-1AFB-443A-CA3B-13FAEF0E4DC8">
<createdBy>kamil</createdBy>
<createdTime>2018-11-28 19:34:05 UTC</createdTime>
<generatorID>22F0F5B3-5C1C-F8F6-A058-B0BD133E34CB</generatorID>
<ownerDesignName>BD2</ownerDesignName>
<useDomainConstraints>false</useDomainConstraints>
<use>1</use>
<logicalDatatype>LOGDT011</logicalDatatype>
<ownDataTypeParameters>,,</ownDataTypeParameters>
<autoIncrementCycle>false</autoIncrementCycle>
</Column>
</columns>
<indexes itemClass="oracle.dbtools.crest.model.design.relational.Index">
<ind_PK_UK id="68D1E2E9-AFC0-A598-D7E5-E62F61F8448D" name="Koszyk_PK">
<createdBy>kamil</createdBy>
<createdTime>2018-11-28 19:34:05 UTC</createdTime>
<generatorID>EAE3F36B-D2BF-45F4-0F40-189E44ED11DC</generatorID>
<ownerDesignName>BD2</ownerDesignName>
<pk>true</pk>
<indexState>Primary Constraint</indexState>
<isSurrogateKey>false</isSurrogateKey>
<indexColumnUsage>
<colUsage columnID="BA402E23-6969-C840-1259-F18B62BAB118"/>
<colUsage columnID="FAC14CBD-5C91-FB12-EFB7-CE74392F3C88"/>
</indexColumnUsage>
</ind_PK_UK>
<ind_PK_UK id="336414AE-2D5F-C4A2-A2B6-B3D81CE9DC79" name="Koszyk_Ogolna_FK">
<createdBy>kamil</createdBy>
<createdTime>2018-11-28 19:34:05 UTC</createdTime>
<generatorID>76898A5F-F74A-549D-2771-0ECB0D57D9AB</generatorID>
<ownerDesignName>BD2</ownerDesignName>
<indexState>Foreign Key</indexState>
<isSurrogateKey>false</isSurrogateKey>
<indexColumnUsage>
<colUsage columnID="BA402E23-6969-C840-1259-F18B62BAB118"/>
</indexColumnUsage>
</ind_PK_UK>
<ind_PK_UK id="35BDD143-8AE7-4675-209B-68944B1349D5" name="Koszyk_Lokalna_FK">
<createdBy>kamil</createdBy>
<createdTime>2018-11-28 19:34:05 UTC</createdTime>
<generatorID>76898A5F-F74A-549D-2771-0ECB0D57D9AB</generatorID>
<ownerDesignName>BD2</ownerDesignName>
<indexState>Foreign Key</indexState>
<isSurrogateKey>false</isSurrogateKey>
<indexColumnUsage>
<colUsage columnID="BA402E23-6969-C840-1259-F18B62BAB118"/>
</indexColumnUsage>
</ind_PK_UK>
<ind_PK_UK id="1BDED090-66E5-6E73-6248-DAC9CE8E0FE3" name="Koszyk_Transakcja_FK">
<createdBy>kamil</createdBy>
<createdTime>2018-11-28 19:34:05 UTC</createdTime>
<generatorID>5C9132F7-6BDF-34E3-9703-DFB02933621F</generatorID>
<ownerDesignName>BD2</ownerDesignName>
<indexState>Foreign Key</indexState>
<isSurrogateKey>false</isSurrogateKey>
<indexColumnUsage>
<colUsage columnID="FAC14CBD-5C91-FB12-EFB7-CE74392F3C88"/>
</indexColumnUsage>
</ind_PK_UK>
</indexes>
</Table>