<?xml version = '1.0' encoding = 'UTF-8'?>
<Table class="oracle.dbtools.crest.model.design.relational.Table" directorySegmentName="seg_0" id="F62F1780-32E4-E98B-D5B8-D216FFC6D45E" name="Ogolna">
<createdBy>kamil</createdBy>
<createdTime>2018-11-28 19:34:05 UTC</createdTime>
<generatorID>1FA5F92C-0B21-192D-FF82-BBCED76049A6</generatorID>
<ownerDesignName>BD2</ownerDesignName>
<allowColumnReorder>false</allowColumnReorder>
<existDependencyGenerateInDDl>true</existDependencyGenerateInDDl>
<parsed>true</parsed>
<columns itemClass="oracle.dbtools.crest.model.design.relational.Column">
<Column name="Numer_uslugi" id="5DDBEA56-8FF1-1924-13BE-4AAE7FDE6281">
<createdBy>kamil</createdBy>
<createdTime>2018-11-28 19:34:05 UTC</createdTime>
<generatorID>6BBC0ABB-983B-3898-2D60-00867F16EF71</generatorID>
<ownerDesignName>BD2</ownerDesignName>
<useDomainConstraints>false</useDomainConstraints>
<use>1</use>
<logicalDatatype>LOGDT011</logicalDatatype>
<ownDataTypeParameters>,,</ownDataTypeParameters>
<autoIncrementCycle>false</autoIncrementCycle>
</Column>
<Column name="Nazwa_uslugi" id="D1040C3F-80B8-8B4A-0E6C-0FF34939A6D0">
<createdBy>kamil</createdBy>
<createdTime>2018-11-28 19:34:05 UTC</createdTime>
<generatorID>120B4081-E869-26F5-6DBF-24C9D6ACA7BC</generatorID>
<ownerDesignName>BD2</ownerDesignName>
<useDomainConstraints>false</useDomainConstraints>
<use>1</use>
<logicalDatatype>A3A3C77D-0366-9768-FF89-1C25E56881C8</logicalDatatype>
<ownDataTypeParameters>,,</ownDataTypeParameters>
<autoIncrementCycle>false</autoIncrementCycle>
</Column>
<Column name="Cena" id="A8FF08A6-1ACD-6DE9-9EBA-7290753643DB">
<createdBy>kamil</createdBy>
<createdTime>2018-11-28 19:34:05 UTC</createdTime>
<generatorID>27BB9B57-2F01-02AB-873C-B0CCDEABD7DD</generatorID>
<ownerDesignName>BD2</ownerDesignName>
<useDomainConstraints>false</useDomainConstraints>
<use>1</use>
<logicalDatatype>LOGDT011</logicalDatatype>
<ownDataTypeParameters>,,</ownDataTypeParameters>
<autoIncrementCycle>false</autoIncrementCycle>
</Column>
<Column name="Basen_Numer_obiektu" id="03833B95-6719-BF4B-52C9-501F0E3EC6EF">
<createdBy>kamil</createdBy>
<createdTime>2018-11-28 19:34:05 UTC</createdTime>
<generatorID>BE0F48DA-17B3-4E9A-CD19-4D6A7FD9DBB3</generatorID>
<ownerDesignName>BD2</ownerDesignName>
<useDomainConstraints>false</useDomainConstraints>
<use>1</use>
<logicalDatatype>LOGDT011</logicalDatatype>
<ownDataTypeParameters>,,</ownDataTypeParameters>
<previousColumn>false</previousColumn>
<autoIncrementCycle>false</autoIncrementCycle>
<associations>
<colAssociation fkAssociation="927FD3E8-8494-04DA-A356-7FD233C62387" referredColumn="2E946FDB-DA02-157D-D3CB-7EFB701A80E6"/>
</associations>
</Column>
</columns>
<indexes itemClass="oracle.dbtools.crest.model.design.relational.Index">
<ind_PK_UK id="95B80D71-DCE6-593F-FD24-51B01AAF77C1" name="Ogolna_PK">
<createdBy>kamil</createdBy>
<createdTime>2018-11-28 19:34:05 UTC</createdTime>
<generatorID>D9940A4E-595C-B1FC-43CD-E0E456478197</generatorID>
<ownerDesignName>BD2</ownerDesignName>
<pk>true</pk>
<indexState>Primary Constraint</indexState>
<isSurrogateKey>false</isSurrogateKey>
<indexColumnUsage>
<colUsage columnID="5DDBEA56-8FF1-1924-13BE-4AAE7FDE6281"/>
</indexColumnUsage>
</ind_PK_UK>
<ind_PK_UK id="619D870C-4715-244D-7116-A40A029BC87F" name="Ogolna_Basen_FK">
<createdBy>kamil</createdBy>
<createdTime>2018-11-28 19:34:05 UTC</createdTime>
<generatorID>0B0DD6C7-FAB6-7395-64CA-6D1B092691D4</generatorID>
<ownerDesignName>BD2</ownerDesignName>
<indexState>Foreign Key</indexState>
<isSurrogateKey>false</isSurrogateKey>
<indexColumnUsage>
<colUsage columnID="03833B95-6719-BF4B-52C9-501F0E3EC6EF"/>
</indexColumnUsage>
</ind_PK_UK>
</indexes>
</Table>