<?xml version = '1.0' encoding = 'UTF-8'?>
<TableSpaceOraclev10g class="oracle.dbtools.crest.model.design.storage.oracle.v10g.TableSpaceOraclev10g" name="2017_4" directorySegmentName="seg_0" id="212779C0-5C94-8DEA-3E47-96CA7F3AEF91">
<createdBy>Mateusz</createdBy>
<createdTime>2018-12-05 19:52:11 UTC</createdTime>
<ownerDesignName>BD2</ownerDesignName>
<emUniformSize>0</emUniformSize>
<extentManagement>LOCAL</extentManagement>
<dataFiles>
<DataFile class="oracle.dbtools.crest.model.design.storage.oracle.v10g.DataFileOraclev10g" name="2017_4_file" id="1F30936D-DB93-64B2-1EA6-124749E8D5C4">
<createdBy>Mateusz</createdBy>
<createdTime>2018-12-05 20:43:53 UTC</createdTime>
<ownerDesignName>BD2</ownerDesignName>
<fileName>2017_4_file.dbf</fileName>
<measureUnit>M</measureUnit>
<nextBlockSize>100</nextBlockSize>
<nextBlockSizeUnit>M</nextBlockSizeUnit>
<size>100</size>
</DataFile>
</dataFiles>
</TableSpaceOraclev10g>