<?xml version = '1.0' encoding = 'UTF-8'?>
<TableSpaceOraclev10g class="oracle.dbtools.crest.model.design.storage.oracle.v10g.TableSpaceOraclev10g" name="2018_1" directorySegmentName="seg_0" id="6D0D2175-CD24-7988-1F96-9058E2BC7D7E">
<createdBy>Mateusz</createdBy>
<createdTime>2018-12-05 19:52:20 UTC</createdTime>
<ownerDesignName>BD2</ownerDesignName>
<emUniformSize>0</emUniformSize>
<extentManagement>LOCAL</extentManagement>
<dataFiles>
<DataFile class="oracle.dbtools.crest.model.design.storage.oracle.v10g.DataFileOraclev10g" name="2018_1_file" id="25721C58-FC40-6D6C-FC2C-FEDF0651DC7B">
<createdBy>Mateusz</createdBy>
<createdTime>2018-12-05 20:44:19 UTC</createdTime>
<ownerDesignName>BD2</ownerDesignName>
<fileName>2018_1_file</fileName>
<measureUnit>M</measureUnit>
<size>100</size>
</DataFile>
</dataFiles>
</TableSpaceOraclev10g>