<?xml version = '1.0' encoding = 'UTF-8'?>
<TableSpaceOraclev10g class="oracle.dbtools.crest.model.design.storage.oracle.v10g.TableSpaceOraclev10g" name="2018_4" directorySegmentName="seg_0" id="71DBACCC-1952-CD44-B9A9-5DDC552244A0">
<createdBy>Mateusz</createdBy>
<createdTime>2018-12-05 19:52:46 UTC</createdTime>
<ownerDesignName>BD2</ownerDesignName>
<emUniformSize>0</emUniformSize>
<extentManagement>LOCAL</extentManagement>
<dataFiles>
<DataFile class="oracle.dbtools.crest.model.design.storage.oracle.v10g.DataFileOraclev10g" name="2018_4_file" id="389EBB4C-3229-2BBF-CFA9-EAFF18529A11">
<createdBy>Mateusz</createdBy>
<createdTime>2018-12-05 20:45:33 UTC</createdTime>
<ownerDesignName>BD2</ownerDesignName>
<fileName>2018_4_file</fileName>
<measureUnit>M</measureUnit>
<size>100</size>
</DataFile>
</dataFiles>
</TableSpaceOraclev10g>