<?xml version = '1.0' encoding = 'UTF-8'?>
<TableSpaceOraclev10g class="oracle.dbtools.crest.model.design.storage.oracle.v10g.TableSpaceOraclev10g" name="2018_2" directorySegmentName="seg_0" id="78B69998-7E19-3FBC-702D-F2CA08B34CBC">
<createdBy>Mateusz</createdBy>
<createdTime>2018-12-05 19:52:30 UTC</createdTime>
<ownerDesignName>BD2</ownerDesignName>
<emUniformSize>0</emUniformSize>
<extentManagement>LOCAL</extentManagement>
<dataFiles>
<DataFile class="oracle.dbtools.crest.model.design.storage.oracle.v10g.DataFileOraclev10g" name="2018_2_file" id="51D4E039-ADD2-1EE2-3E96-A10825F50375">
<createdBy>Mateusz</createdBy>
<createdTime>2018-12-05 20:44:54 UTC</createdTime>
<ownerDesignName>BD2</ownerDesignName>
<fileName>2018_2_file.dbf</fileName>
<measureUnit>M</measureUnit>
<nextBlockSize>100</nextBlockSize>
<nextBlockSizeUnit>M</nextBlockSizeUnit>
<size>100</size>
</DataFile>
</dataFiles>
</TableSpaceOraclev10g>