<?xml version = '1.0' encoding = 'UTF-8'?>
<TableSpaceOraclev10g class="oracle.dbtools.crest.model.design.storage.oracle.v10g.TableSpaceOraclev10g" name="2018_3" directorySegmentName="seg_0" id="8E4DBCFD-BF86-C6A4-0630-627021196F3C">
<createdBy>Mateusz</createdBy>
<createdTime>2018-12-05 19:52:38 UTC</createdTime>
<ownerDesignName>BD2</ownerDesignName>
<emUniformSize>0</emUniformSize>
<extentManagement>LOCAL</extentManagement>
<dataFiles>
<DataFile class="oracle.dbtools.crest.model.design.storage.oracle.v10g.DataFileOraclev10g" name="2018_3_file" id="1B7B0B9B-0AEC-E36A-A893-4914DBA09FED">
<createdBy>Mateusz</createdBy>
<createdTime>2018-12-05 20:45:14 UTC</createdTime>
<ownerDesignName>BD2</ownerDesignName>
<fileName>2018_3_file</fileName>
<measureUnit>M</measureUnit>
<size>100</size>
</DataFile>
</dataFiles>
</TableSpaceOraclev10g>