<?xml version = '1.0' encoding = 'UTF-8'?>
<TableSpaceOraclev10g class="oracle.dbtools.crest.model.design.storage.oracle.v10g.TableSpaceOraclev10g" name="2017_1" directorySegmentName="seg_0" id="A47248D9-7F10-1F9D-E17F-E2502137CEDB">
<createdBy>Mateusz</createdBy>
<createdTime>2018-12-05 19:50:50 UTC</createdTime>
<ownerDesignName>BD2</ownerDesignName>
<emUniformSize>0</emUniformSize>
<extentManagement>LOCAL</extentManagement>
<dataFiles>
<DataFile class="oracle.dbtools.crest.model.design.storage.oracle.v10g.DataFileOraclev10g" name="2017_1_file" id="0CE00293-C887-3D0E-75F2-B0FB888DAEA3">
<createdBy>Mateusz</createdBy>
<createdTime>2018-12-05 20:04:02 UTC</createdTime>
<ownerDesignName>BD2</ownerDesignName>
<fileName>2017_1_file.dbf</fileName>
<measureUnit>M</measureUnit>
<nextBlockSize>100</nextBlockSize>
<nextBlockSizeUnit>M</nextBlockSizeUnit>
<size>100</size>
</DataFile>
</dataFiles>
</TableSpaceOraclev10g>