<?xml version = '1.0' encoding = 'UTF-8'?>
<TableSpaceOraclev10g class="oracle.dbtools.crest.model.design.storage.oracle.v10g.TableSpaceOraclev10g" name="2017_2" directorySegmentName="seg_0" id="A63F4B28-7289-4460-90F2-8DDDCB8E2A54">
<createdBy>Mateusz</createdBy>
<createdTime>2018-12-05 19:51:45 UTC</createdTime>
<ownerDesignName>BD2</ownerDesignName>
<emUniformSize>0</emUniformSize>
<extentManagement>LOCAL</extentManagement>
<dataFiles>
<DataFile class="oracle.dbtools.crest.model.design.storage.oracle.v10g.DataFileOraclev10g" name="2017_2_file" id="9B5FA9C3-9CE9-D580-0FF8-D4B26334910C">
<createdBy>Mateusz</createdBy>
<createdTime>2018-12-05 20:41:45 UTC</createdTime>
<ownerDesignName>BD2</ownerDesignName>
<fileName>2017_2_file</fileName>
<measureUnit>M</measureUnit>
<size>100</size>
</DataFile>
</dataFiles>
</TableSpaceOraclev10g>