<?xml version = '1.0' encoding = 'UTF-8'?>
<TableSpaceOraclev10g class="oracle.dbtools.crest.model.design.storage.oracle.v10g.TableSpaceOraclev10g" name="2017_3" directorySegmentName="seg_0" id="A8370BEF-3ED0-B4F4-B035-65FE7DAD82D5">
<createdBy>Mateusz</createdBy>
<createdTime>2018-12-05 19:51:54 UTC</createdTime>
<ownerDesignName>BD2</ownerDesignName>
<emUniformSize>0</emUniformSize>
<extentManagement>LOCAL</extentManagement>
<dataFiles>
<DataFile class="oracle.dbtools.crest.model.design.storage.oracle.v10g.DataFileOraclev10g" name="2017_3_file" id="1BF1B7F3-6261-7733-1410-E55474535472">
<createdBy>Mateusz</createdBy>
<createdTime>2018-12-05 20:42:33 UTC</createdTime>
<ownerDesignName>BD2</ownerDesignName>
<fileName>2017_3_file.dbf</fileName>
<measureUnit>M</measureUnit>
<nextBlockSize>100</nextBlockSize>
<nextBlockSizeUnit>M</nextBlockSizeUnit>
<size>100</size>
</DataFile>
</dataFiles>
</TableSpaceOraclev10g>