<?xml version = '1.0' encoding = 'UTF-8'?>
<Entity class="oracle.dbtools.crest.model.design.logical.Entity" directorySegmentName="seg_0" id="DE532B82-7005-79A9-4E4F-EB09B93F08CF" name="Usluga">
<createdBy>Mateusz</createdBy>
<createdTime>2018-11-16 19:27:07 UTC</createdTime>
<ownerDesignName>BD2</ownerDesignName>
<engineerTo>
<item key="D693870B-D925-C7DA-034F-740661552A16" value="true"/>
</engineerTo>
<adequatelyNormalized>NO</adequatelyNormalized>
<expectedVolumes>0</expectedVolumes>
<fwdEngineeringStrategyName>Single Table</fwdEngineeringStrategyName>
<growthPercent>0</growthPercent>
<growthType>Year</growthType>
<maxVolumes>9999999</maxVolumes>
<minVolumes>0</minVolumes>
<normalForm>Third</normalForm>
<attributes itemClass="oracle.dbtools.crest.model.design.logical.Attribute">
<Attribute name="Numer uslugi" id="6BBC0ABB-983B-3898-2D60-00867F16EF71">
<createdBy>Mateusz</createdBy>
<createdTime>2018-11-16 19:27:18 UTC</createdTime>
<ownerDesignName>BD2</ownerDesignName>
<engineerTo>
<item key="D693870B-D925-C7DA-034F-740661552A16" value="true"/>
</engineerTo>
<useDomainConstraints>false</useDomainConstraints>
<use>1</use>
<logicalDatatype>LOGDT011</logicalDatatype>
<ownDataTypeParameters>,,</ownDataTypeParameters>
</Attribute>
<Attribute name="Nazwa uslugi" id="BB30B882-6DEB-DD30-2FCA-8CF87E405E26">
<createdBy>Mateusz</createdBy>
<createdTime>2018-11-16 19:29:10 UTC</createdTime>
<ownerDesignName>BD2</ownerDesignName>
<engineerTo>
<item key="D693870B-D925-C7DA-034F-740661552A16" value="true"/>
</engineerTo>
<useDomainConstraints>false</useDomainConstraints>
<use>1</use>
<logicalDatatype>A3A3C77D-0366-9768-FF89-1C25E56881C8</logicalDatatype>
<ownDataTypeParameters>,,</ownDataTypeParameters>
</Attribute>
<Attribute name="Cena" id="27BB9B57-2F01-02AB-873C-B0CCDEABD7DD">
<createdBy>Mateusz</createdBy>
<createdTime>2018-11-16 19:27:46 UTC</createdTime>
<ownerDesignName>BD2</ownerDesignName>
<engineerTo>
<item key="D693870B-D925-C7DA-034F-740661552A16" value="true"/>
</engineerTo>
<useDomainConstraints>false</useDomainConstraints>
<use>1</use>
<logicalDatatype>LOGDT011</logicalDatatype>
<ownDataTypeParameters>,,</ownDataTypeParameters>
</Attribute>
<Attribute name="Numer obiektu" id="BE0F48DA-17B3-4E9A-CD19-4D6A7FD9DBB3">
<createdBy>Mateusz</createdBy>
<createdTime>2018-11-16 19:53:02 UTC</createdTime>
<generatorID>0B0DD6C7-FAB6-7395-64CA-6D1B092691D4</generatorID>
<ownerDesignName>BD2</ownerDesignName>
<engineerTo>
<item key="D693870B-D925-C7DA-034F-740661552A16" value="true"/>
</engineerTo>
<referedAttribute>5E1CBFCC-28CD-F68A-8808-13AC44AB375E</referedAttribute>
<useDomainConstraints>false</useDomainConstraints>
<use>1</use>
<logicalDatatype>LOGDT011</logicalDatatype>
<ownDataTypeParameters>,,</ownDataTypeParameters>
</Attribute>
</attributes>
<identifiers itemClass="oracle.dbtools.crest.model.design.logical.CandidateKey">
<identifier id="D9940A4E-595C-B1FC-43CD-E0E456478197" name="Usluga PK">
<createdBy>Mateusz</createdBy>
<createdTime>2018-11-16 19:28:09 UTC</createdTime>
<ownerDesignName>BD2</ownerDesignName>
<engineerTo>
<item key="D693870B-D925-C7DA-034F-740661552A16" value="true"/>
</engineerTo>
<pk>true</pk>
<usedAttributes>
<attributeRef>6BBC0ABB-983B-3898-2D60-00867F16EF71</attributeRef>
</usedAttributes>
</identifier>
</identifiers>
</Entity>