<?xml version = '1.0' encoding = 'UTF-8'?>
<Entity class="oracle.dbtools.crest.model.design.logical.Entity" directorySegmentName="seg_0" id="E3702F44-48ED-8840-A26F-3C2EA4BE255D" name="Dane do logowania">
<createdBy>Mateusz</createdBy>
<createdTime>2018-11-17 10:29:10 UTC</createdTime>
<ownerDesignName>BD2</ownerDesignName>
<engineerTo>
<item key="D693870B-D925-C7DA-034F-740661552A16" value="true"/>
</engineerTo>
<adequatelyNormalized>NO</adequatelyNormalized>
<expectedVolumes>0</expectedVolumes>
<fwdEngineeringStrategyName>Single Table</fwdEngineeringStrategyName>
<growthPercent>0</growthPercent>
<growthType>Year</growthType>
<maxVolumes>9999999</maxVolumes>
<minVolumes>0</minVolumes>
<normalForm>Third</normalForm>
<attributes itemClass="oracle.dbtools.crest.model.design.logical.Attribute">
<Attribute name="Login" id="138B60BB-69B4-80A5-CC01-2FDB5F9D8343">
<createdBy>Mateusz</createdBy>
<createdTime>2018-11-17 10:29:24 UTC</createdTime>
<ownerDesignName>BD2</ownerDesignName>
<engineerTo>
<item key="D693870B-D925-C7DA-034F-740661552A16" value="true"/>
</engineerTo>
<useDomainConstraints>false</useDomainConstraints>
<use>1</use>
<logicalDatatype>A3A3C77D-0366-9768-FF89-1C25E56881C8</logicalDatatype>
<ownDataTypeParameters>,,</ownDataTypeParameters>
</Attribute>
<Attribute name="Haslo" id="6DF96A4F-4E89-ABBB-2A22-828245AFD3C0">
<createdBy>Mateusz</createdBy>
<createdTime>2018-11-17 10:29:32 UTC</createdTime>
<ownerDesignName>BD2</ownerDesignName>
<engineerTo>
<item key="D693870B-D925-C7DA-034F-740661552A16" value="true"/>
</engineerTo>
<useDomainConstraints>false</useDomainConstraints>
<use>1</use>
<logicalDatatype>A3A3C77D-0366-9768-FF89-1C25E56881C8</logicalDatatype>
<ownDataTypeParameters>,,</ownDataTypeParameters>
</Attribute>
<Attribute name="Numer identyfikacyjny" id="A36EB370-3B84-4F92-EA4A-FEC9BF5E7F20">
<createdBy>Mateusz</createdBy>
<createdTime>2018-11-17 10:32:53 UTC</createdTime>
<generatorID>D0AE7CF5-CDBF-138D-762F-3D527CF3C92D</generatorID>
<ownerDesignName>BD2</ownerDesignName>
<engineerTo>
<item key="D693870B-D925-C7DA-034F-740661552A16" value="true"/>
</engineerTo>
<referedAttribute>77E00DD4-0C1D-9409-FBF3-93D74A3F5136</referedAttribute>
<useDomainConstraints>false</useDomainConstraints>
<use>1</use>
<logicalDatatype>LOGDT011</logicalDatatype>
<ownDataTypeParameters>,,</ownDataTypeParameters>
</Attribute>
</attributes>
<identifiers itemClass="oracle.dbtools.crest.model.design.logical.CandidateKey">
<identifier id="07AB9976-B97A-BA41-E54B-9156271EFA42" name="Dane do logowania PK">
<createdBy>Mateusz</createdBy>
<createdTime>2018-11-17 10:33:43 UTC</createdTime>
<ownerDesignName>BD2</ownerDesignName>
<engineerTo>
<item key="D693870B-D925-C7DA-034F-740661552A16" value="true"/>
</engineerTo>
<pk>true</pk>
<usedAttributes>
<attributeRef>A36EB370-3B84-4F92-EA4A-FEC9BF5E7F20</attributeRef>
</usedAttributes>
</identifier>
</identifiers>
</Entity>