<?xml version = '1.0' encoding = 'UTF-8'?>
<FKArc class="oracle.dbtools.crest.model.design.relational.FKArc" directorySegmentName="seg_0" id="8DBA46D7-C309-6F04-A635-8DF990A918DE" name="FKArc_1">
<createdBy>Mateusz</createdBy>
<createdTime>2018-11-25 16:01:33 UTC</createdTime>
<ownerDesignName>BD2</ownerDesignName>
<mandatory>false</mandatory>
<reverseArc>true</reverseArc>
<table>36D11C1C-DB03-6457-047C-F3179E82A105</table>
<fkeys>
<fkeyID>DB04F403-4EEE-3398-F9AA-AB7A5ADAF9BE</fkeyID>
<fkeyID>0E9355F1-B14E-751A-663B-9982B61EA76D</fkeyID>
<fkeyID>B620A779-C75E-D2CA-B4F3-9F61BDF85783</fkeyID>
</fkeys>
</FKArc>