<?xml version = '1.0' encoding = 'UTF-8'?>
<FKArc class="oracle.dbtools.crest.model.design.relational.FKArc" directorySegmentName="seg_0" id="970B792E-AD5D-0E2C-4B06-20681E871438" name="FKArc_2">
<createdBy>Mateusz</createdBy>
<createdTime>2018-11-25 21:20:10 UTC</createdTime>
<ownerDesignName>BD2</ownerDesignName>
<mandatory>true</mandatory>
<table>587D1957-F8B3-16C0-DA90-A89F0150AE4A</table>
<fkeys>
<fkeyID>4D5E1D2B-1000-8F6C-6780-E8C500F37439</fkeyID>
<fkeyID>019D9420-0E87-6F14-7DD2-B93FE70BEC1D</fkeyID>
<fkeyID>CE4030AB-932A-6841-E87D-B578F7B31D6E</fkeyID>
</fkeys>
</FKArc>