<?xml version = '1.0' encoding = 'UTF-8'?>
<Table class="oracle.dbtools.crest.model.design.relational.Table" directorySegmentName="seg_0" id="2A82AA09-6521-0B10-5048-E85874D8AFF7" name="Przeglad">
<createdBy>Mateusz</createdBy>
<createdTime>2018-11-25 16:01:33 UTC</createdTime>
<generatorID>A7D337A0-3E59-D8BC-6FF8-F7B1F5647DB9</generatorID>
<ownerDesignName>BD2</ownerDesignName>
<allowColumnReorder>false</allowColumnReorder>
<existDependencyGenerateInDDl>true</existDependencyGenerateInDDl>
<parsed>true</parsed>
<columns itemClass="oracle.dbtools.crest.model.design.relational.Column">
<Column name="Numer_przegladu" id="D23731A8-CBEE-FF3F-5A91-AA5BD8CDC512">
<createdBy>Mateusz</createdBy>
<createdTime>2018-11-25 16:01:33 UTC</createdTime>
<generatorID>A8A0CB98-D3BD-66BD-1FA2-77C00E9455A0</generatorID>
<ownerDesignName>BD2</ownerDesignName>
<useDomainConstraints>false</useDomainConstraints>
<use>1</use>
<logicalDatatype>LOGDT011</logicalDatatype>
<ownDataTypeParameters>,,</ownDataTypeParameters>
<autoIncrementCycle>false</autoIncrementCycle>
</Column>
<Column name="Data" id="9D5B41E3-8F69-42BA-4CF6-6DC3D5147F7D">
<createdBy>Mateusz</createdBy>
<createdTime>2018-11-25 16:01:33 UTC</createdTime>
<generatorID>605B89D8-3285-D983-AF20-886CCEA14E70</generatorID>
<ownerDesignName>BD2</ownerDesignName>
<useDomainConstraints>false</useDomainConstraints>
<use>1</use>
<logicalDatatype>LOGDT007</logicalDatatype>
<ownDataTypeParameters>,,</ownDataTypeParameters>
<autoIncrementCycle>false</autoIncrementCycle>
</Column>
<Column name="Basen_Numer_obiektu" id="12C143C9-3300-F200-08CC-F001FE3A2629">
<createdBy>Mateusz</createdBy>
<createdTime>2018-11-25 16:01:33 UTC</createdTime>
<generatorID>63CAFE50-DF06-21A9-CD31-0B6B614E67A6</generatorID>
<ownerDesignName>BD2</ownerDesignName>
<useDomainConstraints>false</useDomainConstraints>
<use>1</use>
<logicalDatatype>LOGDT011</logicalDatatype>
<ownDataTypeParameters>,,</ownDataTypeParameters>
<previousColumn>false</previousColumn>
<autoIncrementCycle>false</autoIncrementCycle>
<associations>
<colAssociation fkAssociation="D76D4E2D-433A-5407-DDF3-71397EE7149B" referredColumn="E80362F7-0E34-F09A-DD81-FFB68814C12D"/>
</associations>
</Column>
</columns>
<indexes itemClass="oracle.dbtools.crest.model.design.relational.Index">
<ind_PK_UK id="173E24EA-CC24-191A-8542-8AEBA11E9C4F" name="Przeglad_PK">
<createdBy>Mateusz</createdBy>
<createdTime>2018-11-25 16:01:33 UTC</createdTime>
<generatorID>D0AC390F-0857-5361-A67E-85C07E5DE106</generatorID>
<ownerDesignName>BD2</ownerDesignName>
<pk>true</pk>
<indexState>Primary Constraint</indexState>
<isSurrogateKey>false</isSurrogateKey>
<indexColumnUsage>
<colUsage columnID="D23731A8-CBEE-FF3F-5A91-AA5BD8CDC512"/>
</indexColumnUsage>
</ind_PK_UK>
<ind_PK_UK id="26FB05F4-4899-533E-DC6C-ECAD2353D935" name="Przeglad_Basen_FK">
<createdBy>Mateusz</createdBy>
<createdTime>2018-11-25 16:01:33 UTC</createdTime>
<generatorID>819FA4E0-9E15-41EC-5D70-549E4E65F156</generatorID>
<ownerDesignName>BD2</ownerDesignName>
<indexState>Foreign Key</indexState>
<isSurrogateKey>false</isSurrogateKey>
<indexColumnUsage>
<colUsage columnID="12C143C9-3300-F200-08CC-F001FE3A2629"/>
</indexColumnUsage>
</ind_PK_UK>
</indexes>
</Table>