<?xml version = '1.0' encoding = 'UTF-8'?>
<Table class="oracle.dbtools.crest.model.design.relational.Table" directorySegmentName="seg_0" id="3658E260-077F-F732-9BA5-BD4C49E07E65" name="Stanowisko">
<createdBy>Mateusz</createdBy>
<createdTime>2018-11-25 16:01:33 UTC</createdTime>
<generatorID>473FDD05-DAD9-EF3A-CEBE-F6A382691A31</generatorID>
<ownerDesignName>BD2</ownerDesignName>
<allowColumnReorder>false</allowColumnReorder>
<existDependencyGenerateInDDl>true</existDependencyGenerateInDDl>
<parsed>true</parsed>
<columns itemClass="oracle.dbtools.crest.model.design.relational.Column">
<Column name="Numer_stanowiska" id="2727583E-8846-F299-E974-6AA114E39929">
<createdBy>Mateusz</createdBy>
<createdTime>2018-11-25 16:01:33 UTC</createdTime>
<generatorID>489AC051-0A0E-1091-871B-AE6C80C80922</generatorID>
<ownerDesignName>BD2</ownerDesignName>
<useDomainConstraints>false</useDomainConstraints>
<use>1</use>
<logicalDatatype>LOGDT011</logicalDatatype>
<ownDataTypeParameters>,,</ownDataTypeParameters>
<autoIncrementCycle>false</autoIncrementCycle>
</Column>
<Column name="Nazwa" id="1F7D44E4-39E5-FE37-85DB-BAD884005E57">
<createdBy>Mateusz</createdBy>
<createdTime>2018-11-25 16:01:33 UTC</createdTime>
<generatorID>8D0EA245-9F3B-6AB9-791C-04E58A338119</generatorID>
<ownerDesignName>BD2</ownerDesignName>
<useDomainConstraints>false</useDomainConstraints>
<use>1</use>
<logicalDatatype>A3A3C77D-0366-9768-FF89-1C25E56881C8</logicalDatatype>
<ownDataTypeParameters>,,</ownDataTypeParameters>
<autoIncrementCycle>false</autoIncrementCycle>
</Column>
<Column name="Wynagrodzenie" id="BE5CEAD6-F632-17E1-F836-9F85070F5F05">
<createdBy>Mateusz</createdBy>
<createdTime>2018-11-25 16:01:33 UTC</createdTime>
<generatorID>51395FB5-195E-2BFF-8B48-4CDECD8CE00D</generatorID>
<ownerDesignName>BD2</ownerDesignName>
<useDomainConstraints>false</useDomainConstraints>
<use>1</use>
<logicalDatatype>LOGDT011</logicalDatatype>
<ownDataTypeParameters>,,</ownDataTypeParameters>
<autoIncrementCycle>false</autoIncrementCycle>
</Column>
</columns>
<indexes itemClass="oracle.dbtools.crest.model.design.relational.Index">
<ind_PK_UK id="6909D92F-336A-04EF-7100-D3A57465B06C" name="Stanowisko_PK">
<createdBy>Mateusz</createdBy>
<createdTime>2018-11-25 16:01:33 UTC</createdTime>
<generatorID>CC8EC311-027F-B948-DA35-FA6271B7517D</generatorID>
<ownerDesignName>BD2</ownerDesignName>
<pk>true</pk>
<indexState>Primary Constraint</indexState>
<isSurrogateKey>false</isSurrogateKey>
<indexColumnUsage>
<colUsage columnID="2727583E-8846-F299-E974-6AA114E39929"/>
</indexColumnUsage>
</ind_PK_UK>
</indexes>
</Table>