<?xml version = '1.0' encoding = 'UTF-8'?>
<Table class="oracle.dbtools.crest.model.design.relational.Table" directorySegmentName="seg_0" id="3A0412A9-2C2F-C4FD-B738-D94F095B2222" name="Transakcja">
<createdBy>Mateusz</createdBy>
<createdTime>2018-11-25 16:01:33 UTC</createdTime>
<generatorID>493C0EB5-0E1A-B19D-1A24-7C427918571A</generatorID>
<ownerDesignName>BD2</ownerDesignName>
<allowColumnReorder>false</allowColumnReorder>
<existDependencyGenerateInDDl>true</existDependencyGenerateInDDl>
<parsed>true</parsed>
<columns itemClass="oracle.dbtools.crest.model.design.relational.Column">
<Column name="Numer_transakcji" id="ED398AE1-0A60-AD1E-8CD5-8AB44F4704DC">
<createdBy>Mateusz</createdBy>
<createdTime>2018-11-25 16:01:33 UTC</createdTime>
<generatorID>CDBA6DC3-A465-B350-E8E9-105E8E727AA3</generatorID>
<ownerDesignName>BD2</ownerDesignName>
<useDomainConstraints>false</useDomainConstraints>
<use>1</use>
<logicalDatatype>LOGDT011</logicalDatatype>
<ownDataTypeParameters>,,</ownDataTypeParameters>
<autoIncrementCycle>false</autoIncrementCycle>
</Column>
<Column name="Data" id="7DC8FEB1-C202-3760-D074-64E79CF57657">
<createdBy>Mateusz</createdBy>
<createdTime>2018-11-25 16:01:33 UTC</createdTime>
<generatorID>5A82DBE7-0171-52DE-175B-17F862C7A987</generatorID>
<ownerDesignName>BD2</ownerDesignName>
<useDomainConstraints>false</useDomainConstraints>
<use>1</use>
<logicalDatatype>LOGDT007</logicalDatatype>
<ownDataTypeParameters>,,</ownDataTypeParameters>
<autoIncrementCycle>false</autoIncrementCycle>
</Column>
<Column name="Klient_Numer_klienta" id="602603CB-1285-92AD-F6D4-1FBA0D7BFBFE">
<createdBy>Mateusz</createdBy>
<createdTime>2018-11-25 16:01:33 UTC</createdTime>
<generatorID>842CA065-EB99-7729-F51E-27582DC160CE</generatorID>
<ownerDesignName>BD2</ownerDesignName>
<nullsAllowed>true</nullsAllowed>
<useDomainConstraints>false</useDomainConstraints>
<use>1</use>
<logicalDatatype>LOGDT011</logicalDatatype>
<ownDataTypeParameters>,,</ownDataTypeParameters>
<previousColumn>false</previousColumn>
<autoIncrementCycle>false</autoIncrementCycle>
<associations>
<colAssociation fkAssociation="668FB55E-7B68-69F3-E633-A7807C1E9ED7" referredColumn="4A80D1EA-762D-4FB4-C03E-F1B26D1EC27C"/>
</associations>
</Column>
</columns>
<indexes itemClass="oracle.dbtools.crest.model.design.relational.Index">
<ind_PK_UK id="6F703B02-7352-1814-EF7A-452D41802418" name="Transakcja_PK">
<createdBy>Mateusz</createdBy>
<createdTime>2018-11-25 16:01:33 UTC</createdTime>
<generatorID>602DEACC-3C89-E8AE-C77B-2A38067DB7D6</generatorID>
<ownerDesignName>BD2</ownerDesignName>
<pk>true</pk>
<indexState>Primary Constraint</indexState>
<isSurrogateKey>false</isSurrogateKey>
<indexColumnUsage>
<colUsage columnID="ED398AE1-0A60-AD1E-8CD5-8AB44F4704DC"/>
</indexColumnUsage>
</ind_PK_UK>
<ind_PK_UK id="0151BFE4-6758-78C7-0888-77931ED3BBD0" name="Transakcja_Klient_FK">
<createdBy>Mateusz</createdBy>
<createdTime>2018-11-25 16:01:33 UTC</createdTime>
<generatorID>1E253BDB-2D32-17C6-75D0-1AF3E8D396EA</generatorID>
<ownerDesignName>BD2</ownerDesignName>
<indexState>Foreign Key</indexState>
<isSurrogateKey>false</isSurrogateKey>
<indexColumnUsage>
<colUsage columnID="602603CB-1285-92AD-F6D4-1FBA0D7BFBFE"/>
</indexColumnUsage>
</ind_PK_UK>
</indexes>
</Table>