<?xml version = '1.0' encoding = 'UTF-8'?>
<Table class="oracle.dbtools.crest.model.design.relational.Table" directorySegmentName="seg_0" id="587D1957-F8B3-16C0-DA90-A89F0150AE4A" name="Dane_do_logowania">
<createdBy>Mateusz</createdBy>
<createdTime>2018-11-25 16:01:33 UTC</createdTime>
<generatorID>E3702F44-48ED-8840-A26F-3C2EA4BE255D</generatorID>
<ownerDesignName>BD2</ownerDesignName>
<allowColumnReorder>false</allowColumnReorder>
<existDependencyGenerateInDDl>true</existDependencyGenerateInDDl>
<parsed>true</parsed>
<columns itemClass="oracle.dbtools.crest.model.design.relational.Column">
<Column name="Id" id="A1FE4C86-60B8-E505-FF94-E79BEE10CD0B">
<createdBy>Mateusz</createdBy>
<createdTime>2018-11-25 22:17:34 UTC</createdTime>
<ownerDesignName>BD2</ownerDesignName>
<useDomainConstraints>false</useDomainConstraints>
<use>1</use>
<logicalDatatype>LOGDT011</logicalDatatype>
<ownDataTypeParameters>,,</ownDataTypeParameters>
<autoIncrementCycle>false</autoIncrementCycle>
</Column>
<Column name="Login" id="1B2AB559-58E8-2231-36FA-56C9A3154CD0">
<createdBy>Mateusz</createdBy>
<createdTime>2018-11-25 16:01:33 UTC</createdTime>
<generatorID>138B60BB-69B4-80A5-CC01-2FDB5F9D8343</generatorID>
<ownerDesignName>BD2</ownerDesignName>
<useDomainConstraints>false</useDomainConstraints>
<use>1</use>
<logicalDatatype>A3A3C77D-0366-9768-FF89-1C25E56881C8</logicalDatatype>
<ownDataTypeParameters>,,</ownDataTypeParameters>
<autoIncrementCycle>false</autoIncrementCycle>
</Column>
<Column name="Haslo" id="9D00B9C0-6AF5-31E7-6A8F-DB756C0E6F8A">
<createdBy>Mateusz</createdBy>
<createdTime>2018-11-25 16:01:33 UTC</createdTime>
<generatorID>6DF96A4F-4E89-ABBB-2A22-828245AFD3C0</generatorID>
<ownerDesignName>BD2</ownerDesignName>
<useDomainConstraints>false</useDomainConstraints>
<use>1</use>
<logicalDatatype>A3A3C77D-0366-9768-FF89-1C25E56881C8</logicalDatatype>
<ownDataTypeParameters>,,</ownDataTypeParameters>
<autoIncrementCycle>false</autoIncrementCycle>
</Column>
<Column name="Numer_identyfikacyjny" id="8B638805-8BB4-1D47-534B-B5281C67DAD1">
<createdBy>Mateusz</createdBy>
<createdTime>2018-11-25 21:20:10 UTC</createdTime>
<generatorID>A36EB370-3B84-4F92-EA4A-FEC9BF5E7F20</generatorID>
<ownerDesignName>BD2</ownerDesignName>
<nullsAllowed>true</nullsAllowed>
<useDomainConstraints>false</useDomainConstraints>
<use>1</use>
<logicalDatatype>LOGDT011</logicalDatatype>
<ownDataTypeParameters>,,</ownDataTypeParameters>
<previousColumn>false</previousColumn>
<autoIncrementCycle>false</autoIncrementCycle>
<associations>
<colAssociation fkAssociation="4D5E1D2B-1000-8F6C-6780-E8C500F37439" referredColumn="377CF945-B6C1-C337-3290-76EC6ED526AB"/>
<colAssociation fkAssociation="CE4030AB-932A-6841-E87D-B578F7B31D6E" referredColumn="68A3FB83-B8DC-C563-884D-058C2F65A92B"/>
<colAssociation fkAssociation="019D9420-0E87-6F14-7DD2-B93FE70BEC1D" referredColumn="6FE48D26-A747-24CC-F5D7-5506F1972C8D"/>
</associations>
</Column>
</columns>
<indexes itemClass="oracle.dbtools.crest.model.design.relational.Index">
<ind_PK_UK id="DF5BEC4A-E227-AA7E-E489-AF1C8DEAA0AA" name="Dane_do_logowania_PK">
<createdBy>Mateusz</createdBy>
<createdTime>2018-11-25 22:17:34 UTC</createdTime>
<ownerDesignName>BD2</ownerDesignName>
<pk>true</pk>
<indexState>Primary Constraint</indexState>
<isSurrogateKey>false</isSurrogateKey>
<indexColumnUsage>
<colUsage columnID="A1FE4C86-60B8-E505-FF94-E79BEE10CD0B"/>
</indexColumnUsage>
</ind_PK_UK>
<ind_PK_UK id="7E2E031C-8781-B449-6E79-A01B5F71CCBF" name="Dane_do_logowania__IDX">
<createdBy>Mateusz</createdBy>
<createdTime>2018-11-25 21:20:10 UTC</createdTime>
<ownerDesignName>BD2</ownerDesignName>
<indexState>Unique Plain Index</indexState>
<isSurrogateKey>false</isSurrogateKey>
<relationGeneratorID>D0AE7CF5-CDBF-138D-762F-3D527CF3C92D</relationGeneratorID>
<indexColumnUsage>
<colUsage columnID="8B638805-8BB4-1D47-534B-B5281C67DAD1"/>
</indexColumnUsage>
</ind_PK_UK>
<ind_PK_UK id="71673EA2-FA08-B8AD-10FE-631F726210CD" name="Dane_do_logowania_A_FK">
<createdBy>Mateusz</createdBy>
<createdTime>2018-11-25 21:20:10 UTC</createdTime>
<generatorID>D0AE7CF5-CDBF-138D-762F-3D527CF3C92D</generatorID>
<ownerDesignName>BD2</ownerDesignName>
<indexState>Foreign Key</indexState>
<isSurrogateKey>false</isSurrogateKey>
<indexColumnUsage>
<colUsage columnID="8B638805-8BB4-1D47-534B-B5281C67DAD1"/>
</indexColumnUsage>
</ind_PK_UK>
<ind_PK_UK id="FEAE0857-D3C3-4EAD-6E40-DBE560463FDC" name="Dane_do_logowania_W_FK">
<createdBy>Mateusz</createdBy>
<createdTime>2018-11-25 21:20:10 UTC</createdTime>
<generatorID>D0AE7CF5-CDBF-138D-762F-3D527CF3C92D</generatorID>
<ownerDesignName>BD2</ownerDesignName>
<indexState>Foreign Key</indexState>
<isSurrogateKey>false</isSurrogateKey>
<indexColumnUsage>
<colUsage columnID="8B638805-8BB4-1D47-534B-B5281C67DAD1"/>
</indexColumnUsage>
</ind_PK_UK>
<ind_PK_UK id="40ADDCB5-B9CA-5032-9196-C1B89FFEAE52" name="Dane_do_logowania_P_FK">
<createdBy>Mateusz</createdBy>
<createdTime>2018-11-25 21:20:10 UTC</createdTime>
<generatorID>D0AE7CF5-CDBF-138D-762F-3D527CF3C92D</generatorID>
<ownerDesignName>BD2</ownerDesignName>
<indexState>Foreign Key</indexState>
<isSurrogateKey>false</isSurrogateKey>
<indexColumnUsage>
<colUsage columnID="8B638805-8BB4-1D47-534B-B5281C67DAD1"/>
</indexColumnUsage>
</ind_PK_UK>
</indexes>
</Table>