<?xml version = '1.0' encoding = 'UTF-8'?>
<Table class="oracle.dbtools.crest.model.design.relational.Table" directorySegmentName="seg_0" id="8DB2F5A2-7160-AE59-6EF8-BDDAA86A4B68" name="Pracownik">
<createdBy>Mateusz</createdBy>
<createdTime>2018-11-25 16:01:33 UTC</createdTime>
<generatorID>DB21EEAF-CCD9-E8B3-A054-B79B496A5CBF</generatorID>
<ownerDesignName>BD2</ownerDesignName>
<allowColumnReorder>false</allowColumnReorder>
<existDependencyGenerateInDDl>true</existDependencyGenerateInDDl>
<parsed>true</parsed>
<columns itemClass="oracle.dbtools.crest.model.design.relational.Column">
<Column name="Numer_identyfikacyjny" id="68A3FB83-B8DC-C563-884D-058C2F65A92B">
<createdBy>Mateusz</createdBy>
<createdTime>2018-11-25 16:01:33 UTC</createdTime>
<generatorID>77E00DD4-0C1D-9409-FBF3-93D74A3F5136</generatorID>
<ownerDesignName>BD2</ownerDesignName>
<useDomainConstraints>false</useDomainConstraints>
<use>1</use>
<logicalDatatype>LOGDT011</logicalDatatype>
<ownDataTypeParameters>,,</ownDataTypeParameters>
<autoIncrementCycle>false</autoIncrementCycle>
</Column>
<Column name="Imie" id="848D72D3-433D-7938-F0D8-C682356B340C">
<createdBy>Mateusz</createdBy>
<createdTime>2018-11-25 16:01:33 UTC</createdTime>
<generatorID>A62A127D-135C-04EE-DAAA-B6793EEC3D25</generatorID>
<ownerDesignName>BD2</ownerDesignName>
<useDomainConstraints>false</useDomainConstraints>
<use>1</use>
<logicalDatatype>A3A3C77D-0366-9768-FF89-1C25E56881C8</logicalDatatype>
<ownDataTypeParameters>,,</ownDataTypeParameters>
<autoIncrementCycle>false</autoIncrementCycle>
</Column>
<Column name="Nazwisko" id="4AAC0D60-DC8A-AC54-8D1D-839A33D5D582">
<createdBy>Mateusz</createdBy>
<createdTime>2018-11-25 16:01:33 UTC</createdTime>
<generatorID>ECE3F544-79FC-F7F0-804F-400042A87A07</generatorID>
<ownerDesignName>BD2</ownerDesignName>
<useDomainConstraints>false</useDomainConstraints>
<use>1</use>
<logicalDatatype>A3A3C77D-0366-9768-FF89-1C25E56881C8</logicalDatatype>
<ownDataTypeParameters>,,</ownDataTypeParameters>
<autoIncrementCycle>false</autoIncrementCycle>
</Column>
<Column name="Dodatek_do_pensji" id="4F99C7C2-2F73-4033-0869-D7D2218C766A">
<createdBy>Mateusz</createdBy>
<createdTime>2018-11-25 16:01:33 UTC</createdTime>
<generatorID>091F35FB-89F3-17C9-E929-9750F3F2FE08</generatorID>
<ownerDesignName>BD2</ownerDesignName>
<nullsAllowed>true</nullsAllowed>
<useDomainConstraints>false</useDomainConstraints>
<use>1</use>
<logicalDatatype>LOGDT011</logicalDatatype>
<ownDataTypeParameters>,,</ownDataTypeParameters>
<autoIncrementCycle>false</autoIncrementCycle>
</Column>
<Column name="Stanowisko_Numer_stanowiska" id="E90C5F9F-38B6-7366-9F9E-1733DAA70363">
<createdBy>Mateusz</createdBy>
<createdTime>2018-11-25 16:01:33 UTC</createdTime>
<generatorID>9219766A-4DAA-D123-5235-1F326BA67F46</generatorID>
<ownerDesignName>BD2</ownerDesignName>
<useDomainConstraints>false</useDomainConstraints>
<use>1</use>
<logicalDatatype>LOGDT011</logicalDatatype>
<ownDataTypeParameters>,,</ownDataTypeParameters>
<previousColumn>false</previousColumn>
<autoIncrementCycle>false</autoIncrementCycle>
<associations>
<colAssociation fkAssociation="2B837DF4-C7CE-F88F-6182-9E2FBDB2DF9B" referredColumn="2727583E-8846-F299-E974-6AA114E39929"/>
</associations>
</Column>
<Column name="Basen_Numer_obiektu" id="25B3043B-E00D-7604-2D0B-E8570CB5D417">
<createdBy>Mateusz</createdBy>
<createdTime>2018-11-25 16:01:33 UTC</createdTime>
<generatorID>AC6EE259-2D6D-AE3C-CE65-1C71595684CB</generatorID>
<ownerDesignName>BD2</ownerDesignName>
<useDomainConstraints>false</useDomainConstraints>
<use>1</use>
<logicalDatatype>LOGDT011</logicalDatatype>
<ownDataTypeParameters>,,</ownDataTypeParameters>
<previousColumn>false</previousColumn>
<autoIncrementCycle>false</autoIncrementCycle>
<associations>
<colAssociation fkAssociation="91E0D898-A135-3DD2-9467-082E02F72A6F" referredColumn="E80362F7-0E34-F09A-DD81-FFB68814C12D"/>
</associations>
</Column>
</columns>
<indexes itemClass="oracle.dbtools.crest.model.design.relational.Index">
<ind_PK_UK id="33D3986C-0C39-E99A-F49F-FD7687B93801" name="Pracownik_PK">
<createdBy>Mateusz</createdBy>
<createdTime>2018-11-25 16:01:33 UTC</createdTime>
<generatorID>997D6CA4-9ACA-E1CB-6EF5-3B6C85044F1E</generatorID>
<ownerDesignName>BD2</ownerDesignName>
<pk>true</pk>
<indexState>Primary Constraint</indexState>
<isSurrogateKey>false</isSurrogateKey>
<indexColumnUsage>
<colUsage columnID="68A3FB83-B8DC-C563-884D-058C2F65A92B"/>
</indexColumnUsage>
</ind_PK_UK>
<ind_PK_UK id="15E4916C-A49D-6861-8C39-33DD7A75CA0B" name="Pracownik_Basen_FK">
<createdBy>Mateusz</createdBy>
<createdTime>2018-11-25 21:20:10 UTC</createdTime>
<generatorID>7BBB3C66-D3CC-5B0B-86A2-572C28644386</generatorID>
<ownerDesignName>BD2</ownerDesignName>
<indexState>Foreign Key</indexState>
<isSurrogateKey>false</isSurrogateKey>
<indexColumnUsage>
<colUsage columnID="25B3043B-E00D-7604-2D0B-E8570CB5D417"/>
</indexColumnUsage>
</ind_PK_UK>
<ind_PK_UK id="E10FE233-1501-6509-EBB3-16D8F824A512" name="Pracownik_Stanowisko_FK">
<createdBy>Mateusz</createdBy>
<createdTime>2018-11-25 21:20:10 UTC</createdTime>
<generatorID>FCD697A2-B6CF-8230-13F0-4DCEAD648303</generatorID>
<ownerDesignName>BD2</ownerDesignName>
<indexState>Foreign Key</indexState>
<isSurrogateKey>false</isSurrogateKey>
<indexColumnUsage>
<colUsage columnID="E90C5F9F-38B6-7366-9F9E-1733DAA70363"/>
</indexColumnUsage>
</ind_PK_UK>
</indexes>
</Table>