<?xml version = '1.0' encoding = 'UTF-8'?>
<Table class="oracle.dbtools.crest.model.design.relational.Table" directorySegmentName="seg_0" id="9D985481-36C3-8544-E8DF-528C8530E4B8" name="Koszyk">
<createdBy>Mateusz</createdBy>
<createdTime>2018-11-25 16:01:33 UTC</createdTime>
<generatorID>5CFB5DBA-4772-10E2-77AE-821D9B304FCA</generatorID>
<ownerDesignName>BD2</ownerDesignName>
<allowColumnReorder>false</allowColumnReorder>
<existDependencyGenerateInDDl>true</existDependencyGenerateInDDl>
<parsed>true</parsed>
<columns itemClass="oracle.dbtools.crest.model.design.relational.Column">
<Column name="Transakcja_Numer_transakcji" id="36C78FFF-622C-9710-6C6C-45D83275C7C6">
<createdBy>Mateusz</createdBy>
<createdTime>2018-11-25 16:01:33 UTC</createdTime>
<generatorID>A3966E43-AA73-8751-0AE0-4CB0A64D95D8</generatorID>
<ownerDesignName>BD2</ownerDesignName>
<useDomainConstraints>false</useDomainConstraints>
<use>1</use>
<logicalDatatype>LOGDT011</logicalDatatype>
<ownDataTypeParameters>,,</ownDataTypeParameters>
<previousColumn>false</previousColumn>
<autoIncrementCycle>false</autoIncrementCycle>
<associations>
<colAssociation fkAssociation="206BEE0F-AA2C-C65B-56F0-8EE254C7C5F0" referredColumn="ED398AE1-0A60-AD1E-8CD5-8AB44F4704DC"/>
</associations>
</Column>
<Column name="Usluga_Numer_uslugi" id="3253CD0D-33A4-297F-1867-FF6A65E9414A">
<createdBy>Mateusz</createdBy>
<createdTime>2018-11-25 16:01:33 UTC</createdTime>
<generatorID>1019F7B1-6CBB-0D55-FA5F-C1F3DE8AB4DC</generatorID>
<ownerDesignName>BD2</ownerDesignName>
<useDomainConstraints>false</useDomainConstraints>
<use>1</use>
<logicalDatatype>LOGDT011</logicalDatatype>
<ownDataTypeParameters>,,</ownDataTypeParameters>
<previousColumn>false</previousColumn>
<autoIncrementCycle>false</autoIncrementCycle>
<associations>
<colAssociation fkAssociation="34755D27-C616-9DE9-D0E5-C7B31BA90116" referredColumn="5A520647-B6D1-7885-F6D5-6638F95438F8"/>
</associations>
</Column>
<Column name="Ilosc" id="BDAC9DF6-85AF-D512-74C6-7DB48381E4FF">
<createdBy>Mateusz</createdBy>
<createdTime>2018-11-25 16:01:33 UTC</createdTime>
<generatorID>22F0F5B3-5C1C-F8F6-A058-B0BD133E34CB</generatorID>
<ownerDesignName>BD2</ownerDesignName>
<useDomainConstraints>false</useDomainConstraints>
<use>1</use>
<logicalDatatype>LOGDT011</logicalDatatype>
<ownDataTypeParameters>,,</ownDataTypeParameters>
<autoIncrementCycle>false</autoIncrementCycle>
</Column>
</columns>
<indexes itemClass="oracle.dbtools.crest.model.design.relational.Index">
<ind_PK_UK id="75614B77-61C6-6111-CE6F-A09914F87CD2" name="Koszyk_PK">
<createdBy>Mateusz</createdBy>
<createdTime>2018-11-25 16:01:33 UTC</createdTime>
<generatorID>EAE3F36B-D2BF-45F4-0F40-189E44ED11DC</generatorID>
<ownerDesignName>BD2</ownerDesignName>
<pk>true</pk>
<indexState>Primary Constraint</indexState>
<isSurrogateKey>false</isSurrogateKey>
<indexColumnUsage>
<colUsage columnID="3253CD0D-33A4-297F-1867-FF6A65E9414A"/>
<colUsage columnID="36C78FFF-622C-9710-6C6C-45D83275C7C6"/>
</indexColumnUsage>
</ind_PK_UK>
<ind_PK_UK id="5BD9CCB7-C621-917E-6287-B6418F056AA8" name="Koszyk_Usluga_FK">
<createdBy>Mateusz</createdBy>
<createdTime>2018-11-25 16:01:33 UTC</createdTime>
<generatorID>76898A5F-F74A-549D-2771-0ECB0D57D9AB</generatorID>
<ownerDesignName>BD2</ownerDesignName>
<indexState>Foreign Key</indexState>
<isSurrogateKey>false</isSurrogateKey>
<indexColumnUsage>
<colUsage columnID="3253CD0D-33A4-297F-1867-FF6A65E9414A"/>
</indexColumnUsage>
</ind_PK_UK>
<ind_PK_UK id="37D1574A-6638-2FE0-8179-AC37C80B53BC" name="Koszyk_Transakcja_FK">
<createdBy>Mateusz</createdBy>
<createdTime>2018-11-25 16:01:33 UTC</createdTime>
<generatorID>5C9132F7-6BDF-34E3-9703-DFB02933621F</generatorID>
<ownerDesignName>BD2</ownerDesignName>
<indexState>Foreign Key</indexState>
<isSurrogateKey>false</isSurrogateKey>
<indexColumnUsage>
<colUsage columnID="36C78FFF-622C-9710-6C6C-45D83275C7C6"/>
</indexColumnUsage>
</ind_PK_UK>
</indexes>
</Table>