<?xml version = '1.0' encoding = 'UTF-8'?>
<Table class="oracle.dbtools.crest.model.design.relational.Table" directorySegmentName="seg_0" id="C42186B8-F662-586E-3D50-9E3B5ED4C538" name="Basen">
<createdBy>Mateusz</createdBy>
<createdTime>2018-11-25 16:01:33 UTC</createdTime>
<generatorID>CF3E3259-BCE8-6EAF-F3CC-A37DAFD996B7</generatorID>
<ownerDesignName>BD2</ownerDesignName>
<allowColumnReorder>false</allowColumnReorder>
<existDependencyGenerateInDDl>true</existDependencyGenerateInDDl>
<parsed>true</parsed>
<columns itemClass="oracle.dbtools.crest.model.design.relational.Column">
<Column name="Numer_obiektu" id="E80362F7-0E34-F09A-DD81-FFB68814C12D">
<createdBy>Mateusz</createdBy>
<createdTime>2018-11-25 16:01:33 UTC</createdTime>
<generatorID>5E1CBFCC-28CD-F68A-8808-13AC44AB375E</generatorID>
<ownerDesignName>BD2</ownerDesignName>
<useDomainConstraints>false</useDomainConstraints>
<use>1</use>
<logicalDatatype>LOGDT011</logicalDatatype>
<ownDataTypeParameters>,,</ownDataTypeParameters>
<autoIncrementCycle>false</autoIncrementCycle>
</Column>
<Column name="Nazwa_obiektu" id="030A47EF-A376-2A52-59C9-91230529482B">
<createdBy>Mateusz</createdBy>
<createdTime>2018-11-25 16:01:33 UTC</createdTime>
<generatorID>2EDBB306-D943-6177-D0C2-C1615EAB907A</generatorID>
<ownerDesignName>BD2</ownerDesignName>
<useDomainConstraints>false</useDomainConstraints>
<use>1</use>
<logicalDatatype>A3A3C77D-0366-9768-FF89-1C25E56881C8</logicalDatatype>
<ownDataTypeParameters>,,</ownDataTypeParameters>
<autoIncrementCycle>false</autoIncrementCycle>
</Column>
<Column name="Liczba_torow_plywackich" id="CCD41B8B-5B5B-B156-0F82-A1A1AEC817F9">
<createdBy>Mateusz</createdBy>
<createdTime>2018-11-25 16:01:33 UTC</createdTime>
<generatorID>5C3C8977-0CFD-8780-3FD9-41F29A0CB8C3</generatorID>
<ownerDesignName>BD2</ownerDesignName>
<useDomainConstraints>false</useDomainConstraints>
<use>1</use>
<logicalDatatype>LOGDT011</logicalDatatype>
<ownDataTypeParameters>,,</ownDataTypeParameters>
<autoIncrementCycle>false</autoIncrementCycle>
</Column>
<Column name="Miasto" id="D708884F-1992-E081-259B-970CC820C301">
<createdBy>Mateusz</createdBy>
<createdTime>2018-11-25 16:01:33 UTC</createdTime>
<generatorID>99F82283-C836-6BED-F72A-B50573BA75D1</generatorID>
<ownerDesignName>BD2</ownerDesignName>
<nullsAllowed>true</nullsAllowed>
<useDomainConstraints>false</useDomainConstraints>
<use>1</use>
<logicalDatatype>A3A3C77D-0366-9768-FF89-1C25E56881C8</logicalDatatype>
<ownDataTypeParameters>,,</ownDataTypeParameters>
<autoIncrementCycle>false</autoIncrementCycle>
</Column>
<Column name="Ulica" id="9FD437A6-59BA-769E-F6DD-CF0D6CA7C6FF">
<createdBy>Mateusz</createdBy>
<createdTime>2018-11-25 16:01:33 UTC</createdTime>
<generatorID>8A8167E9-B737-1B4F-0FD2-1100A644A556</generatorID>
<ownerDesignName>BD2</ownerDesignName>
<nullsAllowed>true</nullsAllowed>
<useDomainConstraints>false</useDomainConstraints>
<use>1</use>
<logicalDatatype>A3A3C77D-0366-9768-FF89-1C25E56881C8</logicalDatatype>
<ownDataTypeParameters>,,</ownDataTypeParameters>
<autoIncrementCycle>false</autoIncrementCycle>
</Column>
</columns>
<indexes itemClass="oracle.dbtools.crest.model.design.relational.Index">
<ind_PK_UK id="613940EC-4CD3-32F5-EDC7-77E8EEF2D688" name="Basen_PK">
<createdBy>Mateusz</createdBy>
<createdTime>2018-11-25 16:01:33 UTC</createdTime>
<generatorID>CD35A6D9-358B-7B3C-020C-4DBD250F9FC0</generatorID>
<ownerDesignName>BD2</ownerDesignName>
<pk>true</pk>
<indexState>Primary Constraint</indexState>
<isSurrogateKey>false</isSurrogateKey>
<indexColumnUsage>
<colUsage columnID="E80362F7-0E34-F09A-DD81-FFB68814C12D"/>
</indexColumnUsage>
</ind_PK_UK>
</indexes>
</Table>