<?xml version = '1.0' encoding = 'UTF-8'?>
<Table class="oracle.dbtools.crest.model.design.relational.Table" directorySegmentName="seg_0" id="EA24DBB3-9EEC-6457-7D17-F40288C2C3E1" name="Rezerwacja_toru">
<createdBy>Mateusz</createdBy>
<createdTime>2018-11-25 16:01:33 UTC</createdTime>
<generatorID>A48551E6-030C-70A2-A7C9-A5AFFAFAF204</generatorID>
<ownerDesignName>BD2</ownerDesignName>
<allowColumnReorder>false</allowColumnReorder>
<existDependencyGenerateInDDl>true</existDependencyGenerateInDDl>
<parsed>true</parsed>
<columns itemClass="oracle.dbtools.crest.model.design.relational.Column">
<Column name="Numer_rezerwacji" id="37015BC3-BF02-E359-367E-8287F991110F">
<createdBy>Mateusz</createdBy>
<createdTime>2018-11-25 16:01:33 UTC</createdTime>
<generatorID>44AACD66-E782-DA2F-6745-EA10E8238D9E</generatorID>
<ownerDesignName>BD2</ownerDesignName>
<useDomainConstraints>false</useDomainConstraints>
<use>1</use>
<logicalDatatype>LOGDT011</logicalDatatype>
<ownDataTypeParameters>,,</ownDataTypeParameters>
<autoIncrementCycle>false</autoIncrementCycle>
</Column>
<Column name="Data" id="0856E612-B809-F034-631D-6BFB3F0345E8">
<createdBy>Mateusz</createdBy>
<createdTime>2018-11-25 16:01:33 UTC</createdTime>
<generatorID>2E4EB83B-0159-ED08-4F00-CAD4B34C8F63</generatorID>
<ownerDesignName>BD2</ownerDesignName>
<useDomainConstraints>false</useDomainConstraints>
<use>1</use>
<logicalDatatype>LOGDT007</logicalDatatype>
<ownDataTypeParameters>,,</ownDataTypeParameters>
<autoIncrementCycle>false</autoIncrementCycle>
</Column>
<Column name="Godzina" id="0A12B28F-4593-0171-DC8E-2F26495280B5">
<createdBy>Mateusz</createdBy>
<createdTime>2018-11-25 16:01:33 UTC</createdTime>
<generatorID>DD78125D-7957-103C-DAF7-2820B67885F8</generatorID>
<ownerDesignName>BD2</ownerDesignName>
<useDomainConstraints>false</useDomainConstraints>
<use>1</use>
<logicalDatatype>LOGDT014</logicalDatatype>
<ownDataTypeParameters>,,</ownDataTypeParameters>
<autoIncrementCycle>false</autoIncrementCycle>
</Column>
<Column name="Numer_toru" id="747768D7-B128-9540-BCA3-E2D1F1FFF917">
<createdBy>Mateusz</createdBy>
<createdTime>2018-11-25 16:01:33 UTC</createdTime>
<generatorID>A51BC866-A1F2-5C7C-24BC-DC94EF56F410</generatorID>
<ownerDesignName>BD2</ownerDesignName>
<useDomainConstraints>false</useDomainConstraints>
<use>1</use>
<logicalDatatype>LOGDT011</logicalDatatype>
<ownDataTypeParameters>,,</ownDataTypeParameters>
<autoIncrementCycle>false</autoIncrementCycle>
</Column>
<Column name="Status" id="E1C20352-EA10-8CFD-4D84-8509D3DA1825">
<createdBy>Mateusz</createdBy>
<createdTime>2018-11-25 16:01:33 UTC</createdTime>
<generatorID>4C96AA48-5473-4680-4B9E-FF4A34A11A8C</generatorID>
<ownerDesignName>BD2</ownerDesignName>
<useDomainConstraints>false</useDomainConstraints>
<use>1</use>
<logicalDatatype>LOGDT006</logicalDatatype>
<dataTypeSize>1 BYTE</dataTypeSize>
<ownDataTypeParameters>1 BYTE,,</ownDataTypeParameters>
<autoIncrementCycle>false</autoIncrementCycle>
</Column>
<Column name="Basen_Numer_obiektu" id="33F99A90-59FE-E721-DC3B-398AABEF2A5E">
<createdBy>Mateusz</createdBy>
<createdTime>2018-11-25 16:01:33 UTC</createdTime>
<generatorID>83B6A634-78AF-5466-4838-5CD59B282F86</generatorID>
<ownerDesignName>BD2</ownerDesignName>
<useDomainConstraints>false</useDomainConstraints>
<use>1</use>
<logicalDatatype>LOGDT011</logicalDatatype>
<ownDataTypeParameters>,,</ownDataTypeParameters>
<previousColumn>false</previousColumn>
<autoIncrementCycle>false</autoIncrementCycle>
<associations>
<colAssociation fkAssociation="18EB4A76-E67B-A197-3AE2-F790DEF62EC8" referredColumn="E80362F7-0E34-F09A-DD81-FFB68814C12D"/>
</associations>
</Column>
<Column name="Klient_Numer_klienta" id="0FF63FE1-6BF1-0499-6890-0E1AAB862984">
<createdBy>Mateusz</createdBy>
<createdTime>2018-11-25 16:01:33 UTC</createdTime>
<generatorID>FC529A8E-AFBD-A04D-5A5D-D1A0765D52AC</generatorID>
<ownerDesignName>BD2</ownerDesignName>
<useDomainConstraints>false</useDomainConstraints>
<use>1</use>
<logicalDatatype>LOGDT011</logicalDatatype>
<ownDataTypeParameters>,,</ownDataTypeParameters>
<previousColumn>false</previousColumn>
<autoIncrementCycle>false</autoIncrementCycle>
<associations>
<colAssociation fkAssociation="0E27A3E3-DD3C-CA84-D863-676141DF9D19" referredColumn="4A80D1EA-762D-4FB4-C03E-F1B26D1EC27C"/>
</associations>
</Column>
</columns>
<indexes itemClass="oracle.dbtools.crest.model.design.relational.Index">
<ind_PK_UK id="8E3B058C-63BA-2FEA-77E6-8AB0A56805C7" name="Rezerwacja_toru_PK">
<createdBy>Mateusz</createdBy>
<createdTime>2018-11-25 16:01:33 UTC</createdTime>
<generatorID>B61DA158-B7F4-5378-6F39-7917969676C1</generatorID>
<ownerDesignName>BD2</ownerDesignName>
<pk>true</pk>
<indexState>Primary Constraint</indexState>
<isSurrogateKey>false</isSurrogateKey>
<indexColumnUsage>
<colUsage columnID="37015BC3-BF02-E359-367E-8287F991110F"/>
</indexColumnUsage>
</ind_PK_UK>
<ind_PK_UK id="579AA724-E4C7-BDC3-6ADD-D3404F54C982" name="Rezerwacja_toru_Basen_FK">
<createdBy>Mateusz</createdBy>
<createdTime>2018-11-25 16:01:33 UTC</createdTime>
<generatorID>96779C23-4853-18A1-BD1A-FBD171A79BD5</generatorID>
<ownerDesignName>BD2</ownerDesignName>
<indexState>Foreign Key</indexState>
<isSurrogateKey>false</isSurrogateKey>
<indexColumnUsage>
<colUsage columnID="33F99A90-59FE-E721-DC3B-398AABEF2A5E"/>
</indexColumnUsage>
</ind_PK_UK>
<ind_PK_UK id="E36064EE-656F-B914-E80E-372E5CC7F260" name="Rezerwacja_toru_Klient_FK">
<createdBy>Mateusz</createdBy>
<createdTime>2018-11-25 16:01:33 UTC</createdTime>
<generatorID>B6CD27E5-6686-71D2-DD77-C169F649B526</generatorID>
<ownerDesignName>BD2</ownerDesignName>
<indexState>Foreign Key</indexState>
<isSurrogateKey>false</isSurrogateKey>
<indexColumnUsage>
<colUsage columnID="0FF63FE1-6BF1-0499-6890-0E1AAB862984"/>
</indexColumnUsage>
</ind_PK_UK>
</indexes>
</Table>