<?xml version = '1.0' encoding = 'UTF-8'?>
<Relation class="oracle.dbtools.crest.model.design.logical.Relation" name="Relation_7" directorySegmentName="seg_0" id="0B0DD6C7-FAB6-7395-64CA-6D1B092691D4">
<createdBy>Mateusz</createdBy>
<createdTime>2018-11-16 19:53:02 UTC</createdTime>
<ownerDesignName>BD2</ownerDesignName>
<engineerTo>
<item key="705D2A43-1C89-F3A7-C517-E664DC6AC410" value="true"/>
</engineerTo>
<sourcePk>CD35A6D9-358B-7B3C-020C-4DBD250F9FC0</sourcePk>
<identifying>false</identifying>
<nameOnSource>oferowac</nameOnSource>
<nameOnTarget>byc oferowana przez</nameOnTarget>
<optionalSource>false</optionalSource>
<optionalTarget>false</optionalTarget>
<sourceCardinality>1</sourceCardinality>
<sourceEntity>CF3E3259-BCE8-6EAF-F3CC-A37DAFD996B7</sourceEntity>
<targetCardinalityString>*</targetCardinalityString>
<targetEntity>DE532B82-7005-79A9-4E4F-EB09B93F08CF</targetEntity>
<transferable>true</transferable>
<deleteRule>NO ACTION</deleteRule>
</Relation>