<?xml version = '1.0' encoding = 'UTF-8'?>
<Relation class="oracle.dbtools.crest.model.design.logical.Relation" name="Relation_11" directorySegmentName="seg_0" id="1E253BDB-2D32-17C6-75D0-1AF3E8D396EA">
<createdBy>Mateusz</createdBy>
<createdTime>2018-11-16 20:04:40 UTC</createdTime>
<ownerDesignName>BD2</ownerDesignName>
<engineerTo>
<item key="D693870B-D925-C7DA-034F-740661552A16" value="true"/>
</engineerTo>
<sourcePk>A4D72857-10B7-3208-2293-AC6FE3657A0F</sourcePk>
<identifying>false</identifying>
<nameOnSource>wykonac</nameOnSource>
<nameOnTarget>byc wykonana przez</nameOnTarget>
<optionalSource>false</optionalSource>
<optionalTarget>true</optionalTarget>
<sourceCardinality>1</sourceCardinality>
<sourceEntity>238BF286-861E-53BC-C682-E880C9808F25</sourceEntity>
<targetCardinalityString>*</targetCardinalityString>
<targetEntity>493C0EB5-0E1A-B19D-1A24-7C427918571A</targetEntity>
<transferable>true</transferable>
<deleteRule>NO ACTION</deleteRule>
</Relation>