<?xml version = '1.0' encoding = 'UTF-8'?>
<Relation class="oracle.dbtools.crest.model.design.logical.Relation" name="Relation_9" directorySegmentName="seg_0" id="5C9132F7-6BDF-34E3-9703-DFB02933621F">
<createdBy>Mateusz</createdBy>
<createdTime>2018-11-16 19:56:29 UTC</createdTime>
<ownerDesignName>BD2</ownerDesignName>
<engineerTo>
<item key="D693870B-D925-C7DA-034F-740661552A16" value="true"/>
</engineerTo>
<sourcePk>602DEACC-3C89-E8AE-C77B-2A38067DB7D6</sourcePk>
<identifying>true</identifying>
<nameOnSource>zawierać</nameOnSource>
<nameOnTarget>opisywać</nameOnTarget>
<optionalSource>false</optionalSource>
<optionalTarget>false</optionalTarget>
<sourceCardinality>1</sourceCardinality>
<sourceEntity>493C0EB5-0E1A-B19D-1A24-7C427918571A</sourceEntity>
<targetCardinalityString>*</targetCardinalityString>
<targetEntity>5CFB5DBA-4772-10E2-77AE-821D9B304FCA</targetEntity>
<transferable>true</transferable>
<deleteRule>NO ACTION</deleteRule>
</Relation>