<?xml version = '1.0' encoding = 'UTF-8'?>
<Relation class="oracle.dbtools.crest.model.design.logical.Relation" name="Relation_8" directorySegmentName="seg_0" id="76898A5F-F74A-549D-2771-0ECB0D57D9AB">
<createdBy>Mateusz</createdBy>
<createdTime>2018-11-16 19:54:06 UTC</createdTime>
<ownerDesignName>BD2</ownerDesignName>
<engineerTo>
<item key="D693870B-D925-C7DA-034F-740661552A16" value="true"/>
</engineerTo>
<sourcePk>D9940A4E-595C-B1FC-43CD-E0E456478197</sourcePk>
<identifying>true</identifying>
<nameOnSource>byc w</nameOnSource>
<nameOnTarget>skladac sie z</nameOnTarget>
<optionalSource>true</optionalSource>
<optionalTarget>false</optionalTarget>
<sourceCardinality>1</sourceCardinality>
<sourceEntity>DE532B82-7005-79A9-4E4F-EB09B93F08CF</sourceEntity>
<targetCardinalityString>*</targetCardinalityString>
<targetEntity>5CFB5DBA-4772-10E2-77AE-821D9B304FCA</targetEntity>
<transferable>true</transferable>
<deleteRule>NO ACTION</deleteRule>
</Relation>