<?xml version = '1.0' encoding = 'UTF-8'?>
<Relation class="oracle.dbtools.crest.model.design.logical.Relation" name="Relation_14" directorySegmentName="seg_0" id="819FA4E0-9E15-41EC-5D70-549E4E65F156">
<createdBy>Mateusz</createdBy>
<createdTime>2018-11-17 10:36:00 UTC</createdTime>
<ownerDesignName>BD2</ownerDesignName>
<engineerTo>
<item key="705D2A43-1C89-F3A7-C517-E664DC6AC410" value="true"/>
</engineerTo>
<sourcePk>CD35A6D9-358B-7B3C-020C-4DBD250F9FC0</sourcePk>
<identifying>false</identifying>
<nameOnSource>miec</nameOnSource>
<nameOnTarget>byc przyporzadkowany do</nameOnTarget>
<optionalSource>true</optionalSource>
<optionalTarget>false</optionalTarget>
<sourceCardinality>1</sourceCardinality>
<sourceEntity>CF3E3259-BCE8-6EAF-F3CC-A37DAFD996B7</sourceEntity>
<targetCardinalityString>*</targetCardinalityString>
<targetEntity>A7D337A0-3E59-D8BC-6FF8-F7B1F5647DB9</targetEntity>
<transferable>true</transferable>
<deleteRule>NO ACTION</deleteRule>
</Relation>