<?xml version = '1.0' encoding = 'UTF-8'?>
<Relation class="oracle.dbtools.crest.model.design.logical.Relation" name="Relation_10" directorySegmentName="seg_0" id="96779C23-4853-18A1-BD1A-FBD171A79BD5">
<createdBy>Mateusz</createdBy>
<createdTime>2018-11-16 20:01:06 UTC</createdTime>
<ownerDesignName>BD2</ownerDesignName>
<engineerTo>
<item key="D693870B-D925-C7DA-034F-740661552A16" value="true"/>
</engineerTo>
<sourcePk>CD35A6D9-358B-7B3C-020C-4DBD250F9FC0</sourcePk>
<identifying>false</identifying>
<nameOnSource>miec</nameOnSource>
<nameOnTarget>byc przyporzadkowana do</nameOnTarget>
<optionalSource>true</optionalSource>
<optionalTarget>false</optionalTarget>
<sourceCardinality>1</sourceCardinality>
<sourceEntity>CF3E3259-BCE8-6EAF-F3CC-A37DAFD996B7</sourceEntity>
<targetCardinalityString>*</targetCardinalityString>
<targetEntity>A48551E6-030C-70A2-A7C9-A5AFFAFAF204</targetEntity>
<transferable>true</transferable>
<deleteRule>NO ACTION</deleteRule>
</Relation>