<?xml version = '1.0' encoding = 'UTF-8'?>
<Relation class="oracle.dbtools.crest.model.design.logical.Relation" name="Relation_20" directorySegmentName="seg_0" id="A26739F7-8241-8A04-3B37-686797558F0A">
<createdBy>kamil</createdBy>
<createdTime>2018-11-28 18:12:57 UTC</createdTime>
<ownerDesignName>BD2</ownerDesignName>
<engineerTo>
<item key="705D2A43-1C89-F3A7-C517-E664DC6AC410" value="true"/>
</engineerTo>
<sourcePk>D9940A4E-595C-B1FC-43CD-E0E456478197</sourcePk>
<identifying>false</identifying>
<nameOnSource>byc</nameOnSource>
<nameOnTarget>byc</nameOnTarget>
<optionalSource>true</optionalSource>
<optionalTarget>false</optionalTarget>
<sourceCardinality>1</sourceCardinality>
<sourceEntity>1FA5F92C-0B21-192D-FF82-BBCED76049A6</sourceEntity>
<targetCardinalityString>*</targetCardinalityString>
<targetEntity>A48551E6-030C-70A2-A7C9-A5AFFAFAF204</targetEntity>
<transferable>true</transferable>
<deleteRule>NO ACTION</deleteRule>
</Relation>