<?xml version = '1.0' encoding = 'UTF-8'?>
<Relation class="oracle.dbtools.crest.model.design.logical.Relation" name="Relation_20" directorySegmentName="seg_0" id="B6CD27E5-6686-71D2-DD77-C169F649B526">
<createdBy>kamil</createdBy>
<createdTime>2018-11-17 11:41:34 UTC</createdTime>
<ownerDesignName>BD2</ownerDesignName>
<engineerTo>
<item key="D693870B-D925-C7DA-034F-740661552A16" value="true"/>
</engineerTo>
<sourcePk>A4D72857-10B7-3208-2293-AC6FE3657A0F</sourcePk>
<identifying>false</identifying>
<nameOnSource>dokonac</nameOnSource>
<nameOnTarget>byc dokonana przez</nameOnTarget>
<optionalSource>true</optionalSource>
<optionalTarget>false</optionalTarget>
<sourceCardinality>1</sourceCardinality>
<sourceEntity>238BF286-861E-53BC-C682-E880C9808F25</sourceEntity>
<targetCardinalityString>*</targetCardinalityString>
<targetEntity>A48551E6-030C-70A2-A7C9-A5AFFAFAF204</targetEntity>
<transferable>true</transferable>
<deleteRule>NO ACTION</deleteRule>
</Relation>