<?xml version = '1.0' encoding = 'UTF-8'?>
<Relation class="oracle.dbtools.crest.model.design.logical.Relation" name="Relation_12" directorySegmentName="seg_0" id="D0AE7CF5-CDBF-138D-762F-3D527CF3C92D">
<createdBy>Mateusz</createdBy>
<createdTime>2018-11-17 10:32:53 UTC</createdTime>
<ownerDesignName>BD2</ownerDesignName>
<engineerTo>
<item key="705D2A43-1C89-F3A7-C517-E664DC6AC410" value="true"/>
</engineerTo>
<sourcePk>997D6CA4-9ACA-E1CB-6EF5-3B6C85044F1E</sourcePk>
<identifying>false</identifying>
<nameOnSource>miec</nameOnSource>
<nameOnTarget>istniec dla</nameOnTarget>
<optionalSource>true</optionalSource>
<optionalTarget>false</optionalTarget>
<sourceCardinality>1</sourceCardinality>
<sourceEntity>861EC6AE-BA55-F210-B04B-D2B9DCF54581</sourceEntity>
<targetCardinalityString>1</targetCardinalityString>
<targetEntity>E3702F44-48ED-8840-A26F-3C2EA4BE255D</targetEntity>
<transferable>true</transferable>
<deleteRule>NO ACTION</deleteRule>
</Relation>