<?xml version = '1.0' encoding = 'UTF-8'?>
<Relation class="oracle.dbtools.crest.model.design.logical.Relation" name="Relation_19" directorySegmentName="seg_0" id="D2E8CB77-4223-F0E5-E390-9CB7997C6795">
<createdBy>kamil</createdBy>
<createdTime>2018-11-28 18:10:36 UTC</createdTime>
<ownerDesignName>BD2</ownerDesignName>
<engineerTo>
<item key="705D2A43-1C89-F3A7-C517-E664DC6AC410" value="true"/>
</engineerTo>
<sourcePk>A4D72857-10B7-3208-2293-AC6FE3657A0F</sourcePk>
<identifying>false</identifying>
<nameOnSource>miec</nameOnSource>
<nameOnTarget>byc przyporzadkowana do</nameOnTarget>
<optionalSource>true</optionalSource>
<optionalTarget>false</optionalTarget>
<sourceCardinality>*</sourceCardinality>
<sourceEntity>238BF286-861E-53BC-C682-E880C9808F25</sourceEntity>
<targetCardinalityString>*</targetCardinalityString>
<targetEntity>55AE9785-060A-D1B2-3772-C723BF035B70</targetEntity>
<transferable>true</transferable>
<deleteRule>NO ACTION</deleteRule>
</Relation>