<?xml version = '1.0' encoding = 'UTF-8'?>
<Relation class="oracle.dbtools.crest.model.design.logical.Relation" name="Relation_21" directorySegmentName="seg_0" id="F3297DDD-9B42-ACCE-CCE7-6C8E6A02A363">
<createdBy>kamil</createdBy>
<createdTime>2018-11-28 18:13:06 UTC</createdTime>
<ownerDesignName>BD2</ownerDesignName>
<engineerTo>
<item key="705D2A43-1C89-F3A7-C517-E664DC6AC410" value="true"/>
</engineerTo>
<sourcePk>D9940A4E-595C-B1FC-43CD-E0E456478197</sourcePk>
<identifying>false</identifying>
<optionalSource>true</optionalSource>
<optionalTarget>false</optionalTarget>
<sourceCardinality>1</sourceCardinality>
<sourceEntity>1FA5F92C-0B21-192D-FF82-BBCED76049A6</sourceEntity>
<targetCardinalityString>*</targetCardinalityString>
<targetEntity>55AE9785-060A-D1B2-3772-C723BF035B70</targetEntity>
<transferable>true</transferable>
<deleteRule>NO ACTION</deleteRule>
</Relation>