<?xml version = '1.0' encoding = 'UTF-8'?>
<Relation class="oracle.dbtools.crest.model.design.logical.Relation" name="Relation_18" directorySegmentName="seg_0" id="F79E321F-8F21-4F6E-6322-BB340D99B39A">
<createdBy>kamil</createdBy>
<createdTime>2018-11-28 18:10:25 UTC</createdTime>
<ownerDesignName>BD2</ownerDesignName>
<engineerTo>
<item key="63A824A8-F01B-54C7-D031-D7C96E517C6A" value="true"/>
</engineerTo>
<sourcePk>A4D72857-10B7-3208-2293-AC6FE3657A0F</sourcePk>
<identifying>false</identifying>
<nameOnSource>miec</nameOnSource>
<nameOnTarget>byc przyporzadkowana do</nameOnTarget>
<optionalSource>true</optionalSource>
<optionalTarget>false</optionalTarget>
<sourceCardinality>1</sourceCardinality>
<sourceEntity>238BF286-861E-53BC-C682-E880C9808F25</sourceEntity>
<targetCardinalityString>*</targetCardinalityString>
<targetEntity>A48551E6-030C-70A2-A7C9-A5AFFAFAF204</targetEntity>
<transferable>true</transferable>
<deleteRule>NO ACTION</deleteRule>
</Relation>