<?xml version = '1.0' encoding = 'UTF-8'?>
<Relation class="oracle.dbtools.crest.model.design.logical.Relation" name="Relation_6" directorySegmentName="seg_0" id="FCD697A2-B6CF-8230-13F0-4DCEAD648303">
<createdBy>Mateusz</createdBy>
<createdTime>2018-11-17 10:31:28 UTC</createdTime>
<ownerDesignName>BD2</ownerDesignName>
<engineerTo>
<item key="D693870B-D925-C7DA-034F-740661552A16" value="true"/>
</engineerTo>
<targetPk>CC8EC311-027F-B948-DA35-FA6271B7517D</targetPk>
<identifying>false</identifying>
<nameOnSource>mieć</nameOnSource>
<optionalSource>false</optionalSource>
<optionalTarget>false</optionalTarget>
<sourceCardinality>*</sourceCardinality>
<sourceEntity>DB21EEAF-CCD9-E8B3-A054-B79B496A5CBF</sourceEntity>
<targetCardinalityString>1</targetCardinalityString>
<targetEntity>473FDD05-DAD9-EF3A-CEBE-F6A382691A31</targetEntity>
<transferable>true</transferable>
<deleteRule>NO ACTION</deleteRule>
</Relation>