<?xml version = '1.0' encoding = 'UTF-8'?>
<Relation class="oracle.dbtools.crest.model.design.logical.Relation" name="Relation_22" directorySegmentName="seg_0" id="FE1AB48A-7561-3731-3510-014CA45FC644">
<createdBy>Mateusz</createdBy>
<createdTime>2019-01-20 18:44:28 UTC</createdTime>
<ownerDesignName>BD2</ownerDesignName>
<engineerTo>
<item key="705D2A43-1C89-F3A7-C517-E664DC6AC410" value="true"/>
</engineerTo>
<sourcePk>609FB1A3-B74D-581A-5AF7-E71E878FA1BF</sourcePk>
<targetPk>A4D72857-10B7-3208-2293-AC6FE3657A0F</targetPk>
<identifying>false</identifying>
<nameOnSource>istniec dla</nameOnSource>
<nameOnTarget>miec</nameOnTarget>
<optionalSource>false</optionalSource>
<optionalTarget>false</optionalTarget>
<sourceCardinality>1</sourceCardinality>
<sourceEntity>0318A699-0D9A-EFCB-699A-9014EAF29D9D</sourceEntity>
<targetCardinalityString>1</targetCardinalityString>
<targetEntity>238BF286-861E-53BC-C682-E880C9808F25</targetEntity>
<transferable>true</transferable>
<deleteRule>NO ACTION</deleteRule>
</Relation>