<?xml version = '1.0' encoding = 'UTF-8'?>
<Diagram class="oracle.dbtools.crest.swingui.relational.DPVRelational" name="Relational_1" id="E5783C73-58C5-8F70-F8EA-D515EA2BE910">
<createdBy>kamil</createdBy>
<modifiedBy>kamil</modifiedBy>
<createdTime>2018-11-28 19:32:50 UTC</createdTime>
<autoRoute>false</autoRoute>
<boxInbox>true</boxInbox>
<showLegend>false</showLegend>
<showLabels>false</showLabels>
<showRelAttributes>false</showRelAttributes>
<gridEnabled>false</gridEnabled>
<showGrid>false</showGrid>
<diagramColor>-1</diagramColor>
<display>false</display>
<notation>1</notation>
<objectViews>
<OView class="oracle.dbtools.crest.swingui.relational.TVTable" oid="23C736D4-F24E-18B5-5035-B07316B00629" otype="Table" vid="D2CAAB53-5644-C5BE-4AFB-E1CBFEC4DE0B">
<hideElementsInCurrentOnly>false</hideElementsInCurrentOnly>
<bounds x="1197" y="536" width="243" height="88"/>
</OView>
<OView class="oracle.dbtools.crest.swingui.relational.TVTable" oid="2D06E9DA-22AF-0927-C4CA-6E0CA5E26DE7" otype="Table" vid="C14E7168-B8A6-38D3-F219-ABC346E377AC">
<hideElementsInCurrentOnly>false</hideElementsInCurrentOnly>
<bounds x="117" y="168" width="209" height="75"/>
</OView>
<OView class="oracle.dbtools.crest.swingui.relational.TVTable" oid="39C04967-86AD-95D1-5084-26937F38570F" otype="Table" vid="64A98A01-518A-8AC3-595A-3935A4A96095">
<hideElementsInCurrentOnly>false</hideElementsInCurrentOnly>
<bounds x="433" y="498" width="300" height="156"/>
</OView>
<OView class="oracle.dbtools.crest.swingui.relational.TVTable" oid="7BB37280-EDD3-8C51-0FF8-23EC15752086" otype="Table" vid="F8CAEA74-42D5-3E50-C5C5-C6843D76FD9E">
<hideElementsInCurrentOnly>false</hideElementsInCurrentOnly>
<bounds x="523" y="128" width="172" height="62"/>
</OView>
<OView class="oracle.dbtools.crest.swingui.relational.TVTable" oid="7EBF75F8-3A0C-DE27-1DFC-D2E5D1D18817" otype="Table" vid="19625BC4-4A2D-6825-B9D0-54E7FC77BD9F">
<hideElementsInCurrentOnly>false</hideElementsInCurrentOnly>
<bounds x="399" y="684" width="248" height="90"/>
</OView>
<OView class="oracle.dbtools.crest.swingui.relational.TVTable" oid="7F1D058F-D6B1-97B4-4DD6-6E5E1098C5D0" otype="Table" vid="AB379D26-540F-D253-D2F6-13F75A36593B">
<hideElementsInCurrentOnly>false</hideElementsInCurrentOnly>
<bounds x="1186" y="21" width="240" height="119"/>
</OView>
<OView class="oracle.dbtools.crest.swingui.relational.TVTable" oid="80EBFFE3-9165-F19E-778B-523E1A5FA9F7" otype="Table" vid="A130B31A-A540-EC13-B955-BC329B38218E">
<hideElementsInCurrentOnly>false</hideElementsInCurrentOnly>
<bounds x="839" y="357" width="267" height="116"/>
</OView>
<OView class="oracle.dbtools.crest.swingui.relational.TVTable" oid="8C6BE2E5-E131-6F38-B140-230D6CD807CB" otype="Table" vid="72EBB306-5E5D-4B1B-0685-641D7FCD23E7">
<hideElementsInCurrentOnly>false</hideElementsInCurrentOnly>
<bounds x="1137" y="179" width="280" height="190"/>
</OView>
<OView class="oracle.dbtools.crest.swingui.relational.TVTable" oid="AD1FB554-61FC-C1E0-5800-2D2756DD6C0F" otype="Table" vid="8B3C5167-EA80-ABA1-C1D7-0A569FFB691A">
<hideElementsInCurrentOnly>false</hideElementsInCurrentOnly>
<bounds x="1207" y="394" width="245" height="113"/>
</OView>
<OView class="oracle.dbtools.crest.swingui.relational.TVTable" oid="AEBE4092-7BF7-D2CA-398F-9605B1EE8998" otype="Table" vid="2595ECE0-E4FC-6C44-0109-97EEEFCBF423">
<hideElementsInCurrentOnly>false</hideElementsInCurrentOnly>
<bounds x="830" y="502" width="304" height="165"/>
</OView>
<OView class="oracle.dbtools.crest.swingui.relational.TVTable" oid="B46F979B-475C-9B27-BFA0-B789CFA18677" otype="Table" vid="FA677A3A-2090-00BA-7974-CD62B8F47062">
<hideElementsInCurrentOnly>false</hideElementsInCurrentOnly>
<bounds x="44" y="492" width="332" height="172"/>
</OView>
<OView class="oracle.dbtools.crest.swingui.relational.TVTable" oid="CA856878-0185-09CC-F3A5-0E594D6D0583" otype="Table" vid="DDE85F98-D5AE-9E2C-92E1-93749A40BD51">
<hideElementsInCurrentOnly>false</hideElementsInCurrentOnly>
<bounds x="792" y="13" width="285" height="178"/>
</OView>
<OView class="oracle.dbtools.crest.swingui.relational.TVTable" oid="CC793198-E981-825F-3F8F-E5DF96E496D4" otype="Table" vid="984C0C94-05BC-B5FD-DFE1-8A7965596BE6">
<hideElementsInCurrentOnly>false</hideElementsInCurrentOnly>
<bounds x="502" y="263" width="256" height="182"/>
</OView>
<OView class="oracle.dbtools.crest.swingui.relational.TVTable" oid="D618BBF3-BEEA-CD7C-7AF2-8561E414A5D1" otype="Table" vid="0E64285B-7990-C144-A1FE-352DF1AA6A07">
<hideElementsInCurrentOnly>false</hideElementsInCurrentOnly>
<bounds x="75" y="292" width="331" height="124"/>
</OView>
<OView class="oracle.dbtools.crest.swingui.relational.TVTable" oid="F62F1780-32E4-E98B-D5B8-D216FFC6D45E" otype="Table" vid="2EEBBF19-D0F2-E657-37DF-83376A9E14BA">
<hideElementsInCurrentOnly>false</hideElementsInCurrentOnly>
<bounds x="833" y="253" width="163" height="66"/>
</OView>
<OView class="oracle.dbtools.crest.swingui.relational.TVTable" oid="FA70E1FE-A985-9C0B-6196-67A330288631" otype="Table" vid="5BFC9A26-EEF2-60BA-DC52-D820697DFE49">
<hideElementsInCurrentOnly>false</hideElementsInCurrentOnly>
<bounds x="698" y="691" width="210" height="62"/>
</OView>
</objectViews>
<connectors>
<Connector class="oracle.dbtools.crest.swingui.relational.TVFKRelation" oid="2761F604-1664-25CE-CBEF-3CC406044C40" otype="FKIndexAssociation" vid_source="64A98A01-518A-8AC3-595A-3935A4A96095" vid_target="FA677A3A-2090-00BA-7974-CD62B8F47062">
<hideElementsInCurrentOnly>false</hideElementsInCurrentOnly>
<backgroundColor>-16777216</backgroundColor>
<lineWidth>1</lineWidth>
<points>
<point x="433" y="591"/>
<point x="376" y="591"/>
</points>
</Connector>
<Connector class="oracle.dbtools.crest.swingui.relational.TVFKRelation" oid="287C53AB-45D9-77C5-8271-0C9703643E8E" otype="FKIndexAssociation" vid_source="984C0C94-05BC-B5FD-DFE1-8A7965596BE6" vid_target="0E64285B-7990-C144-A1FE-352DF1AA6A07">
<hideElementsInCurrentOnly>false</hideElementsInCurrentOnly>
<backgroundColor>-16777216</backgroundColor>
<lineWidth>1</lineWidth>
<points>
<point x="502" y="369"/>
<point x="406" y="369"/>
</points>
</Connector>
<Connector class="oracle.dbtools.crest.swingui.relational.TVFKRelation" oid="2CD0E240-EA40-8A57-DEE5-B1D783F2775D" otype="FKIndexAssociation" vid_source="2595ECE0-E4FC-6C44-0109-97EEEFCBF423" vid_target="64A98A01-518A-8AC3-595A-3935A4A96095">
<hideElementsInCurrentOnly>false</hideElementsInCurrentOnly>
<backgroundColor>-16777216</backgroundColor>
<lineWidth>1</lineWidth>
<points>
<point x="830" y="593"/>
<point x="733" y="593"/>
</points>
</Connector>
<Connector class="oracle.dbtools.crest.swingui.relational.TVFKRelation" oid="6762D5F9-20B9-F920-0AF9-48C8D588570E" otype="FKIndexAssociation" vid_source="A130B31A-A540-EC13-B955-BC329B38218E" vid_target="8B3C5167-EA80-ABA1-C1D7-0A569FFB691A">
<hideElementsInCurrentOnly>false</hideElementsInCurrentOnly>
<backgroundColor>-16777216</backgroundColor>
<lineWidth>1</lineWidth>
<points>
<point x="1106" y="433"/>
<point x="1207" y="433"/>
</points>
</Connector>
<Connector class="oracle.dbtools.crest.swingui.relational.TVFKRelation" oid="68F66D6F-37A6-9F9A-A0F0-C4725DB1FF0C" otype="FKIndexAssociation" vid_source="A130B31A-A540-EC13-B955-BC329B38218E" vid_target="2595ECE0-E4FC-6C44-0109-97EEEFCBF423">
<hideElementsInCurrentOnly>false</hideElementsInCurrentOnly>
<backgroundColor>-16777216</backgroundColor>
<lineWidth>1</lineWidth>
<points>
<point x="957" y="473"/>
<point x="957" y="502"/>
</points>
</Connector>
<Connector class="oracle.dbtools.crest.swingui.relational.TVFKRelation" oid="7AFF64F7-9B7C-FDF5-23B8-071038681988" otype="FKIndexAssociation" vid_source="19625BC4-4A2D-6825-B9D0-54E7FC77BD9F" vid_target="64A98A01-518A-8AC3-595A-3935A4A96095">
<hideElementsInCurrentOnly>false</hideElementsInCurrentOnly>
<backgroundColor>-16777216</backgroundColor>
<lineWidth>1</lineWidth>
<points>
<point x="555" y="684"/>
<point x="555" y="654"/>
</points>
</Connector>
<Connector class="oracle.dbtools.crest.swingui.relational.TVFKRelation" oid="811C4A72-6AB6-D238-25D8-5AB932E33B23" otype="FKIndexAssociation" vid_source="C14E7168-B8A6-38D3-F219-ABC346E377AC" vid_target="0E64285B-7990-C144-A1FE-352DF1AA6A07">
<hideElementsInCurrentOnly>false</hideElementsInCurrentOnly>
<backgroundColor>-16777216</backgroundColor>
<lineWidth>1</lineWidth>
<points>
<point x="221" y="243"/>
<point x="221" y="292"/>
</points>
</Connector>
<Connector class="oracle.dbtools.crest.swingui.relational.TVFKRelation" oid="8C99CE92-5BB2-2810-E79A-A74590D1AFCD" otype="FKIndexAssociation" vid_source="2EEBBF19-D0F2-E657-37DF-83376A9E14BA" vid_target="984C0C94-05BC-B5FD-DFE1-8A7965596BE6">
<hideElementsInCurrentOnly>false</hideElementsInCurrentOnly>
<backgroundColor>-16777216</backgroundColor>
<lineWidth>1</lineWidth>
<points>
<point x="833" y="291"/>
<point x="758" y="291"/>
</points>
</Connector>
<Connector class="oracle.dbtools.crest.swingui.relational.TVFKRelation" oid="98DDE9BE-EEF4-56D9-2F2C-F22F9CAFE891" otype="FKIndexAssociation" vid_source="D2CAAB53-5644-C5BE-4AFB-E1CBFEC4DE0B" vid_target="2595ECE0-E4FC-6C44-0109-97EEEFCBF423">
<hideElementsInCurrentOnly>false</hideElementsInCurrentOnly>
<backgroundColor>-16777216</backgroundColor>
<lineWidth>1</lineWidth>
<points>
<point x="1148" y="426"/>
<point x="1134" y="580"/>
</points>
</Connector>
<Connector class="oracle.dbtools.crest.swingui.relational.TVFKRelation" oid="B63CB94A-93A4-8BB8-7926-1BF82E07607E" otype="FKIndexAssociation" vid_source="AB379D26-540F-D253-D2F6-13F75A36593B" vid_target="72EBB306-5E5D-4B1B-0685-641D7FCD23E7">
<hideElementsInCurrentOnly>false</hideElementsInCurrentOnly>
<backgroundColor>-16777216</backgroundColor>
<lineWidth>1</lineWidth>
<points>
<point x="1301" y="140"/>
<point x="1301" y="179"/>
</points>
</Connector>
<Connector class="oracle.dbtools.crest.swingui.relational.TVFKRelation" oid="C5BB236B-4446-0E9E-6E88-01FA90D13068" otype="FKIndexAssociation" vid_source="A130B31A-A540-EC13-B955-BC329B38218E" vid_target="984C0C94-05BC-B5FD-DFE1-8A7965596BE6">
<hideElementsInCurrentOnly>false</hideElementsInCurrentOnly>
<backgroundColor>-16777216</backgroundColor>
<lineWidth>1</lineWidth>
<points>
<point x="839" y="401"/>
<point x="758" y="401"/>
</points>
</Connector>
<Connector class="oracle.dbtools.crest.swingui.relational.TVFKRelation" oid="CFEB60EF-B2EA-A7FC-D5B9-74EF68C5247E" otype="FKIndexAssociation" vid_source="2EEBBF19-D0F2-E657-37DF-83376A9E14BA" vid_target="DDE85F98-D5AE-9E2C-92E1-93749A40BD51">
<hideElementsInCurrentOnly>false</hideElementsInCurrentOnly>
<backgroundColor>-16777216</backgroundColor>
<lineWidth>1</lineWidth>
<points>
<point x="914" y="253"/>
<point x="914" y="191"/>
</points>
</Connector>
<Connector class="oracle.dbtools.crest.swingui.relational.TVFKRelation" oid="E4A7ADA4-6367-80D9-197C-E837B966C4D9" otype="FKIndexAssociation" vid_source="AB379D26-540F-D253-D2F6-13F75A36593B" vid_target="DDE85F98-D5AE-9E2C-92E1-93749A40BD51">
<hideElementsInCurrentOnly>false</hideElementsInCurrentOnly>
<backgroundColor>-16777216</backgroundColor>
<lineWidth>1</lineWidth>
<points>
<point x="1186" y="80"/>
<point x="1077" y="80"/>
</points>
</Connector>
<Connector class="oracle.dbtools.crest.swingui.relational.TVFKRelation" oid="F14A436C-A59C-8F1C-E9C5-C011F7DABC92" otype="FKIndexAssociation" vid_source="F8CAEA74-42D5-3E50-C5C5-C6843D76FD9E" vid_target="984C0C94-05BC-B5FD-DFE1-8A7965596BE6">
<hideElementsInCurrentOnly>false</hideElementsInCurrentOnly>
<backgroundColor>-16777216</backgroundColor>
<lineWidth>1</lineWidth>
<points>
<point x="609" y="190"/>
<point x="609" y="263"/>
</points>
</Connector>
<Connector class="oracle.dbtools.crest.swingui.relational.TVFKRelation" oid="F539BC8A-61D0-8C46-050D-E9CEAECC27D9" otype="FKIndexAssociation" vid_source="2EEBBF19-D0F2-E657-37DF-83376A9E14BA" vid_target="72EBB306-5E5D-4B1B-0685-641D7FCD23E7">
<hideElementsInCurrentOnly>false</hideElementsInCurrentOnly>
<backgroundColor>-16777216</backgroundColor>
<lineWidth>1</lineWidth>
<points>
<point x="996" y="286"/>
<point x="1137" y="286"/>
</points>
</Connector>
<Connector class="oracle.dbtools.crest.swingui.relational.TVFKRelation" oid="FD5FCA61-E30C-8141-2EF5-F93BE5D320E1" otype="FKIndexAssociation" vid_source="5BFC9A26-EEF2-60BA-DC52-D820697DFE49" vid_target="64A98A01-518A-8AC3-595A-3935A4A96095">
<hideElementsInCurrentOnly>false</hideElementsInCurrentOnly>
<backgroundColor>-16777216</backgroundColor>
<lineWidth>1</lineWidth>
<points>
<point x="715" y="691"/>
<point x="715" y="654"/>
</points>
</Connector>
</connectors>
<arcs>
<Arc class="oracle.dbtools.crest.swingui.relational.TVFKArc" oid="46256A77-ACC2-C7A4-9D28-11FCB44C86E9" otype="FKArc" vid="92FD55E9-A8B8-E762-2751-D9B3692ADA3D">
<hideElementsInCurrentOnly>false</hideElementsInCurrentOnly>
<bounds x="482" y="243" width="296" height="222"/>
</Arc>
<Arc class="oracle.dbtools.crest.swingui.relational.TVFKArc" oid="62B96922-8A2A-907E-992D-DCE97DDDC2AB" otype="FKArc" vid="CE7FDB52-86C2-291D-1605-7586292FDEC3">
<hideElementsInCurrentOnly>false</hideElementsInCurrentOnly>
<bounds x="413" y="478" width="340" height="196"/>
</Arc>
</arcs>
</Diagram>