<?xml version = '1.0' encoding = 'UTF-8'?>
<Diagram class="oracle.dbtools.crest.swingui.relational.DPVRelational" name="Relational_1" id="E5783C73-58C5-8F70-F8EA-D515EA2BE910">
<createdBy>kamil</createdBy>
<modifiedBy>kamil</modifiedBy>
<createdTime>2018-11-28 19:32:50 UTC</createdTime>
<autoRoute>false</autoRoute>
<boxInbox>true</boxInbox>
<showLegend>false</showLegend>
<showLabels>false</showLabels>
<showRelAttributes>false</showRelAttributes>
<gridEnabled>false</gridEnabled>
<showGrid>false</showGrid>
<diagramColor>-1</diagramColor>
<display>false</display>
<notation>1</notation>
<objectViews>
<OView class="oracle.dbtools.crest.swingui.relational.TVTable" oid="23C736D4-F24E-18B5-5035-B07316B00629" otype="Table" vid="D2CAAB53-5644-C5BE-4AFB-E1CBFEC4DE0B">
<hideElementsInCurrentOnly>false</hideElementsInCurrentOnly>
<bounds x="1053" y="238" width="238" height="85"/>
</OView>
<OView class="oracle.dbtools.crest.swingui.relational.TVTable" oid="2D06E9DA-22AF-0927-C4CA-6E0CA5E26DE7" otype="Table" vid="C14E7168-B8A6-38D3-F219-ABC346E377AC">
<hideElementsInCurrentOnly>false</hideElementsInCurrentOnly>
<bounds x="50" y="12" width="200" height="80"/>
</OView>
<OView class="oracle.dbtools.crest.swingui.relational.TVTable" oid="7BB37280-EDD3-8C51-0FF8-23EC15752086" otype="Table" vid="F8CAEA74-42D5-3E50-C5C5-C6843D76FD9E">
<hideElementsInCurrentOnly>false</hideElementsInCurrentOnly>
<bounds x="12" y="310" width="259" height="115"/>
</OView>
<OView class="oracle.dbtools.crest.swingui.relational.TVTable" oid="7EBF75F8-3A0C-DE27-1DFC-D2E5D1D18817" otype="Table" vid="19625BC4-4A2D-6825-B9D0-54E7FC77BD9F">
<hideElementsInCurrentOnly>false</hideElementsInCurrentOnly>
<bounds x="1039" y="489" width="257" height="97"/>
</OView>
<OView class="oracle.dbtools.crest.swingui.relational.TVTable" oid="7F1D058F-D6B1-97B4-4DD6-6E5E1098C5D0" otype="Table" vid="AB379D26-540F-D253-D2F6-13F75A36593B">
<hideElementsInCurrentOnly>false</hideElementsInCurrentOnly>
<bounds x="1063" y="74" width="228" height="110"/>
</OView>
<OView class="oracle.dbtools.crest.swingui.relational.TVTable" oid="80EBFFE3-9165-F19E-778B-523E1A5FA9F7" otype="Table" vid="A130B31A-A540-EC13-B955-BC329B38218E">
<hideElementsInCurrentOnly>false</hideElementsInCurrentOnly>
<bounds x="367" y="252" width="270" height="113"/>
</OView>
<OView class="oracle.dbtools.crest.swingui.relational.TVTable" oid="8C6BE2E5-E131-6F38-B140-230D6CD807CB" otype="Table" vid="72EBB306-5E5D-4B1B-0685-641D7FCD23E7">
<hideElementsInCurrentOnly>false</hideElementsInCurrentOnly>
<bounds x="696" y="196" width="273" height="168"/>
</OView>
<OView class="oracle.dbtools.crest.swingui.relational.TVTable" oid="AD1FB554-61FC-C1E0-5800-2D2756DD6C0F" otype="Table" vid="8B3C5167-EA80-ABA1-C1D7-0A569FFB691A">
<hideElementsInCurrentOnly>false</hideElementsInCurrentOnly>
<bounds x="12" y="452" width="245" height="105"/>
</OView>
<OView class="oracle.dbtools.crest.swingui.relational.TVTable" oid="AEBE4092-7BF7-D2CA-398F-9605B1EE8998" otype="Table" vid="2595ECE0-E4FC-6C44-0109-97EEEFCBF423">
<hideElementsInCurrentOnly>false</hideElementsInCurrentOnly>
<bounds x="311" y="430" width="312" height="157"/>
</OView>
<OView class="oracle.dbtools.crest.swingui.relational.TVTable" oid="B46F979B-475C-9B27-BFA0-B789CFA18677" otype="Table" vid="FA677A3A-2090-00BA-7974-CD62B8F47062">
<hideElementsInCurrentOnly>false</hideElementsInCurrentOnly>
<bounds x="678" y="413" width="314" height="177"/>
</OView>
<OView class="oracle.dbtools.crest.swingui.relational.TVTable" oid="CA856878-0185-09CC-F3A5-0E594D6D0583" otype="Table" vid="DDE85F98-D5AE-9E2C-92E1-93749A40BD51">
<hideElementsInCurrentOnly>false</hideElementsInCurrentOnly>
<bounds x="687" y="14" width="282" height="170"/>
</OView>
<OView class="oracle.dbtools.crest.swingui.relational.TVTable" oid="D618BBF3-BEEA-CD7C-7AF2-8561E414A5D1" otype="Table" vid="0E64285B-7990-C144-A1FE-352DF1AA6A07">
<hideElementsInCurrentOnly>false</hideElementsInCurrentOnly>
<bounds x="9" y="134" width="298" height="130"/>
</OView>
<OView class="oracle.dbtools.crest.swingui.relational.TVTable" oid="F62F1780-32E4-E98B-D5B8-D216FFC6D45E" otype="Table" vid="2EEBBF19-D0F2-E657-37DF-83376A9E14BA">
<hideElementsInCurrentOnly>false</hideElementsInCurrentOnly>
<bounds x="374" y="101" width="254" height="117"/>
</OView>
<OView class="oracle.dbtools.crest.swingui.relational.TVTable" oid="FA70E1FE-A985-9C0B-6196-67A330288631" otype="Table" vid="5BFC9A26-EEF2-60BA-DC52-D820697DFE49">
<hideElementsInCurrentOnly>false</hideElementsInCurrentOnly>
<bounds x="1060" y="401" width="211" height="71"/>
</OView>
</objectViews>
<connectors>
<Connector class="oracle.dbtools.crest.swingui.relational.TVFKRelation" oid="3351D1CD-C73F-047E-7DA3-CC949652A169" otype="FKIndexAssociation" vid_source="A130B31A-A540-EC13-B955-BC329B38218E" vid_target="2595ECE0-E4FC-6C44-0109-97EEEFCBF423">
<hideElementsInCurrentOnly>false</hideElementsInCurrentOnly>
<backgroundColor>-16777216</backgroundColor>
<lineWidth>1</lineWidth>
<points>
<point x="495" y="365"/>
<point x="495" y="430"/>
</points>
</Connector>
<Connector class="oracle.dbtools.crest.swingui.relational.TVFKRelation" oid="6762D5F9-20B9-F920-0AF9-48C8D588570E" otype="FKIndexAssociation" vid_source="A130B31A-A540-EC13-B955-BC329B38218E" vid_target="8B3C5167-EA80-ABA1-C1D7-0A569FFB691A">
<hideElementsInCurrentOnly>false</hideElementsInCurrentOnly>
<backgroundColor>-16777216</backgroundColor>
<lineWidth>1</lineWidth>
<points>
<point x="367" y="361"/>
<point x="289" y="361"/>
<point x="289" y="508"/>
<point x="257" y="508"/>
</points>
</Connector>
<Connector class="oracle.dbtools.crest.swingui.relational.TVFKRelation" oid="67C3387A-686C-2422-9516-E16D6355CC99" otype="FKIndexAssociation" vid_source="5BFC9A26-EEF2-60BA-DC52-D820697DFE49" vid_target="FA677A3A-2090-00BA-7974-CD62B8F47062">
<hideElementsInCurrentOnly>false</hideElementsInCurrentOnly>
<backgroundColor>-16777216</backgroundColor>
<lineWidth>1</lineWidth>
<points>
<point x="1060" y="442"/>
<point x="992" y="442"/>
</points>
</Connector>
<Connector class="oracle.dbtools.crest.swingui.relational.TVFKRelation" oid="6D7F6EBB-E6DF-99B2-4ED8-BCE353D3EBA1" otype="FKIndexAssociation" vid_source="A130B31A-A540-EC13-B955-BC329B38218E" vid_target="F8CAEA74-42D5-3E50-C5C5-C6843D76FD9E">
<hideElementsInCurrentOnly>false</hideElementsInCurrentOnly>
<backgroundColor>-16777216</backgroundColor>
<lineWidth>1</lineWidth>
<points>
<point x="367" y="337"/>
<point x="271" y="337"/>
</points>
</Connector>
<Connector class="oracle.dbtools.crest.swingui.relational.TVFKRelation" oid="811C4A72-6AB6-D238-25D8-5AB932E33B23" otype="FKIndexAssociation" vid_source="C14E7168-B8A6-38D3-F219-ABC346E377AC" vid_target="0E64285B-7990-C144-A1FE-352DF1AA6A07">
<hideElementsInCurrentOnly>false</hideElementsInCurrentOnly>
<backgroundColor>-16777216</backgroundColor>
<lineWidth>1</lineWidth>
<points>
<point x="150" y="92"/>
<point x="150" y="134"/>
</points>
</Connector>
<Connector class="oracle.dbtools.crest.swingui.relational.TVFKRelation" oid="90D8CB0B-F9E7-1BE9-DB93-2E86528F15C4" otype="FKIndexAssociation" vid_source="D2CAAB53-5644-C5BE-4AFB-E1CBFEC4DE0B" vid_target="2595ECE0-E4FC-6C44-0109-97EEEFCBF423">
<hideElementsInCurrentOnly>false</hideElementsInCurrentOnly>
<backgroundColor>-16777216</backgroundColor>
<lineWidth>1</lineWidth>
<points>
<point x="1174" y="323"/>
<point x="1174" y="383"/>
<point x="616" y="383"/>
<point x="616" y="430"/>
</points>
</Connector>
<Connector class="oracle.dbtools.crest.swingui.relational.TVFKRelation" oid="927FD3E8-8494-04DA-A356-7FD233C62387" otype="FKIndexAssociation" vid_source="A130B31A-A540-EC13-B955-BC329B38218E" vid_target="2EEBBF19-D0F2-E657-37DF-83376A9E14BA">
<hideElementsInCurrentOnly>false</hideElementsInCurrentOnly>
<backgroundColor>-16777216</backgroundColor>
<lineWidth>1</lineWidth>
<points>
<point x="501" y="252"/>
<point x="501" y="218"/>
</points>
</Connector>
<Connector class="oracle.dbtools.crest.swingui.relational.TVFKRelation" oid="95B274AB-5CED-4261-D057-7843DD4A48BE" otype="FKIndexAssociation" vid_source="2EEBBF19-D0F2-E657-37DF-83376A9E14BA" vid_target="0E64285B-7990-C144-A1FE-352DF1AA6A07">
<hideElementsInCurrentOnly>false</hideElementsInCurrentOnly>
<backgroundColor>-16777216</backgroundColor>
<lineWidth>1</lineWidth>
<points>
<point x="374" y="176"/>
<point x="307" y="176"/>
</points>
</Connector>
<Connector class="oracle.dbtools.crest.swingui.relational.TVFKRelation" oid="B63CB94A-93A4-8BB8-7926-1BF82E07607E" otype="FKIndexAssociation" vid_source="AB379D26-540F-D253-D2F6-13F75A36593B" vid_target="72EBB306-5E5D-4B1B-0685-641D7FCD23E7">
<hideElementsInCurrentOnly>false</hideElementsInCurrentOnly>
<backgroundColor>-16777216</backgroundColor>
<lineWidth>1</lineWidth>
<points>
<point x="1175" y="184"/>
<point x="1175" y="207"/>
<point x="969" y="207"/>
</points>
</Connector>
<Connector class="oracle.dbtools.crest.swingui.relational.TVFKRelation" oid="BA22B8AE-592A-6DCF-4C56-1701CBAA8123" otype="FKIndexAssociation" vid_source="2595ECE0-E4FC-6C44-0109-97EEEFCBF423" vid_target="FA677A3A-2090-00BA-7974-CD62B8F47062">
<hideElementsInCurrentOnly>false</hideElementsInCurrentOnly>
<backgroundColor>-16777216</backgroundColor>
<lineWidth>1</lineWidth>
<points>
<point x="623" y="508"/>
<point x="678" y="508"/>
</points>
</Connector>
<Connector class="oracle.dbtools.crest.swingui.relational.TVFKRelation" oid="BC721DCA-E39A-A2FA-9778-D7CB137B1BDE" otype="FKIndexAssociation" vid_source="19625BC4-4A2D-6825-B9D0-54E7FC77BD9F" vid_target="FA677A3A-2090-00BA-7974-CD62B8F47062">
<hideElementsInCurrentOnly>false</hideElementsInCurrentOnly>
<backgroundColor>-16777216</backgroundColor>
<lineWidth>1</lineWidth>
<points>
<point x="1039" y="537"/>
<point x="992" y="537"/>
</points>
</Connector>
<Connector class="oracle.dbtools.crest.swingui.relational.TVFKRelation" oid="CA4F0D06-A572-3A91-FC7E-1F8287877585" otype="FKIndexAssociation" vid_source="F8CAEA74-42D5-3E50-C5C5-C6843D76FD9E" vid_target="0E64285B-7990-C144-A1FE-352DF1AA6A07">
<hideElementsInCurrentOnly>false</hideElementsInCurrentOnly>
<backgroundColor>-16777216</backgroundColor>
<lineWidth>1</lineWidth>
<points>
<point x="141" y="310"/>
<point x="141" y="264"/>
</points>
</Connector>
<Connector class="oracle.dbtools.crest.swingui.relational.TVFKRelation" oid="CFEB60EF-B2EA-A7FC-D5B9-74EF68C5247E" otype="FKIndexAssociation" vid_source="2EEBBF19-D0F2-E657-37DF-83376A9E14BA" vid_target="DDE85F98-D5AE-9E2C-92E1-93749A40BD51">
<hideElementsInCurrentOnly>false</hideElementsInCurrentOnly>
<backgroundColor>-16777216</backgroundColor>
<lineWidth>1</lineWidth>
<points>
<point x="628" y="142"/>
<point x="687" y="142"/>
</points>
</Connector>
<Connector class="oracle.dbtools.crest.swingui.relational.TVFKRelation" oid="E4A7ADA4-6367-80D9-197C-E837B966C4D9" otype="FKIndexAssociation" vid_source="AB379D26-540F-D253-D2F6-13F75A36593B" vid_target="DDE85F98-D5AE-9E2C-92E1-93749A40BD51">
<hideElementsInCurrentOnly>false</hideElementsInCurrentOnly>
<backgroundColor>-16777216</backgroundColor>
<lineWidth>1</lineWidth>
<points>
<point x="1063" y="129"/>
<point x="969" y="129"/>
</points>
</Connector>
<Connector class="oracle.dbtools.crest.swingui.relational.TVFKRelation" oid="F539BC8A-61D0-8C46-050D-E9CEAECC27D9" otype="FKIndexAssociation" vid_source="2EEBBF19-D0F2-E657-37DF-83376A9E14BA" vid_target="72EBB306-5E5D-4B1B-0685-641D7FCD23E7">
<hideElementsInCurrentOnly>false</hideElementsInCurrentOnly>
<backgroundColor>-16777216</backgroundColor>
<lineWidth>1</lineWidth>
<points>
<point x="628" y="207"/>
<point x="696" y="207"/>
</points>
</Connector>
</connectors>
<arcs>
<Arc class="oracle.dbtools.crest.swingui.relational.TVFKArc" oid="083DDE7A-41E3-715B-7DD0-7E8CE427ACAF" otype="FKArc" vid="30636437-1FCD-2241-89C8-977173CEDB2B">
<hideElementsInCurrentOnly>false</hideElementsInCurrentOnly>
<bounds x="658" y="393" width="354" height="217"/>
</Arc>
<Arc class="oracle.dbtools.crest.swingui.relational.TVFKArc" oid="C875DA9E-DD86-7965-5E14-13C5BDF94DA5" otype="FKArc" vid="ACF2AC47-75EE-285A-5B1A-C1A7B2656F50">
<hideElementsInCurrentOnly>false</hideElementsInCurrentOnly>
<bounds x="-11" y="114" width="338" height="170"/>
</Arc>
</arcs>
</Diagram>