<?xml version = '1.0' encoding = 'UTF-8'?>
<FKIndexAssociation class="oracle.dbtools.crest.model.design.relational.FKIndexAssociation" directorySegmentName="seg_0" id="2761F604-1664-25CE-CBEF-3CC406044C40" containerWithKeyObject="B46F979B-475C-9B27-BFA0-B789CFA18677" localFKIndex="545CA607-E46E-33D5-8155-6344DA40DE2B" name="Dane_do_logowania_Osoba_FK">
<createdBy>Mateusz</createdBy>
<createdTime>2018-12-05 13:59:35 UTC</createdTime>
<generatorID>D0AE7CF5-CDBF-138D-762F-3D527CF3C92D</generatorID>
<ownerDesignName>BD2</ownerDesignName>
<referredTableLongName>Osoba</referredTableLongName>
<deleteRule>NO ACTION</deleteRule>
<referredTableID>39C04967-86AD-95D1-5084-26937F38570F</referredTableID>
<keyObject>3E1B641E-12D7-D96F-F62C-0A2B1AEEFC0D</keyObject>
<referredKeyID>3E1B641E-12D7-D96F-F62C-0A2B1AEEFC0D</referredKeyID>
<mandatory>true</mandatory>
<refColNames>Numer_identyfikacyjny</refColNames>
<transferable>true</transferable>
<rely>false</rely>
<columnDependencyConstraintGenerateInDDL>true</columnDependencyConstraintGenerateInDDL>
</FKIndexAssociation>