<?xml version = '1.0' encoding = 'UTF-8'?>
<FKIndexAssociation class="oracle.dbtools.crest.model.design.relational.FKIndexAssociation" directorySegmentName="seg_0" id="287C53AB-45D9-77C5-8271-0C9703643E8E" containerWithKeyObject="D618BBF3-BEEA-CD7C-7AF2-8561E414A5D1" localFKIndex="55BB3099-2146-2196-C079-B6B8C3015A18" name="Koszyk_Usluga_FK">
<createdBy>Mateusz</createdBy>
<createdTime>2018-12-05 13:59:35 UTC</createdTime>
<generatorID>76898A5F-F74A-549D-2771-0ECB0D57D9AB</generatorID>
<ownerDesignName>BD2</ownerDesignName>
<referredTableLongName>Usluga</referredTableLongName>
<deleteRule>NO ACTION</deleteRule>
<referredTableID>CC793198-E981-825F-3F8F-E5DF96E496D4</referredTableID>
<keyObject>69D9D587-9236-0C83-1EA7-68740415B688</keyObject>
<referredKeyID>69D9D587-9236-0C83-1EA7-68740415B688</referredKeyID>
<mandatory>true</mandatory>
<refColNames>Numer_uslugi</refColNames>
<transferable>true</transferable>
<rely>false</rely>
<columnDependencyConstraintGenerateInDDL>true</columnDependencyConstraintGenerateInDDL>
</FKIndexAssociation>