<?xml version = '1.0' encoding = 'UTF-8'?>
<FKIndexAssociation class="oracle.dbtools.crest.model.design.relational.FKIndexAssociation" directorySegmentName="seg_0" id="2CD0E240-EA40-8A57-DEE5-B1D783F2775D" containerWithKeyObject="39C04967-86AD-95D1-5084-26937F38570F" localFKIndex="93E909C8-786C-311C-9555-0F0AEBE92838" name="Osoba_Pracownik_FK">
<createdBy>Mateusz</createdBy>
<createdTime>2018-12-05 13:59:35 UTC</createdTime>
<generatorID>D9BF2584-4A29-F0CB-D01F-DCF2999FCB88</generatorID>
<ownerDesignName>BD2</ownerDesignName>
<referredTableLongName>Pracownik</referredTableLongName>
<arc>62B96922-8A2A-907E-992D-DCE97DDDC2AB</arc>
<deleteRule>NO ACTION</deleteRule>
<referredTableID>AEBE4092-7BF7-D2CA-398F-9605B1EE8998</referredTableID>
<keyObject>83EC3344-EB99-144A-4087-A67B2D674EF5</keyObject>
<referredKeyID>83EC3344-EB99-144A-4087-A67B2D674EF5</referredKeyID>
<mandatory>false</mandatory>
<refColNames>Numer_identyfikacyjny</refColNames>
<transferable>true</transferable>
<rely>false</rely>
<columnDependencyConstraintGenerateInDDL>true</columnDependencyConstraintGenerateInDDL>
</FKIndexAssociation>