<?xml version = '1.0' encoding = 'UTF-8'?>
<FKIndexAssociation class="oracle.dbtools.crest.model.design.relational.FKIndexAssociation" directorySegmentName="seg_0" id="3351D1CD-C73F-047E-7DA3-CC949652A169" containerWithKeyObject="AEBE4092-7BF7-D2CA-398F-9605B1EE8998" localFKIndex="8BE83372-7592-C06C-183B-1990D70736FD" name="Pracownik_Basen_FK">
<createdBy>kamil</createdBy>
<createdTime>2018-11-28 19:34:05 UTC</createdTime>
<generatorID>7BBB3C66-D3CC-5B0B-86A2-572C28644386</generatorID>
<ownerDesignName>BD2</ownerDesignName>
<referredTableLongName>Basen</referredTableLongName>
<deleteRule>NO ACTION</deleteRule>
<referredTableID>80EBFFE3-9165-F19E-778B-523E1A5FA9F7</referredTableID>
<keyObject>22C0CABA-8F09-BC9E-69E6-77421CF273DD</keyObject>
<referredKeyID>22C0CABA-8F09-BC9E-69E6-77421CF273DD</referredKeyID>
<mandatory>true</mandatory>
<refColNames>Numer_obiektu</refColNames>
<transferable>true</transferable>
<rely>false</rely>
<columnDependencyConstraintGenerateInDDL>true</columnDependencyConstraintGenerateInDDL>
</FKIndexAssociation>