<?xml version = '1.0' encoding = 'UTF-8'?>
<FKIndexAssociation class="oracle.dbtools.crest.model.design.relational.FKIndexAssociation" directorySegmentName="seg_0" id="6762D5F9-20B9-F920-0AF9-48C8D588570E" containerWithKeyObject="AD1FB554-61FC-C1E0-5800-2D2756DD6C0F" localFKIndex="2D973460-4929-0A95-5111-53C90840054A" name="Przeglad_Basen_FK">
<createdBy>kamil</createdBy>
<createdTime>2018-11-28 19:34:05 UTC</createdTime>
<generatorID>819FA4E0-9E15-41EC-5D70-549E4E65F156</generatorID>
<ownerDesignName>BD2</ownerDesignName>
<referredTableLongName>Basen</referredTableLongName>
<deleteRule>NO ACTION</deleteRule>
<referredTableID>80EBFFE3-9165-F19E-778B-523E1A5FA9F7</referredTableID>
<keyObject>22C0CABA-8F09-BC9E-69E6-77421CF273DD</keyObject>
<referredKeyID>22C0CABA-8F09-BC9E-69E6-77421CF273DD</referredKeyID>
<mandatory>true</mandatory>
<refColNames>Numer_obiektu</refColNames>
<transferable>true</transferable>
<rely>false</rely>
<columnDependencyConstraintGenerateInDDL>true</columnDependencyConstraintGenerateInDDL>
</FKIndexAssociation>