<?xml version = '1.0' encoding = 'UTF-8'?>
<FKIndexAssociation class="oracle.dbtools.crest.model.design.relational.FKIndexAssociation" directorySegmentName="seg_0" id="67C3387A-686C-2422-9516-E16D6355CC99" containerWithKeyObject="B46F979B-475C-9B27-BFA0-B789CFA18677" localFKIndex="3C82B682-D0A4-439E-BA38-9737B399D9E5" name="Dane_Audytor_FK">
<createdBy>kamil</createdBy>
<createdTime>2018-11-28 19:34:05 UTC</createdTime>
<generatorID>D0AE7CF5-CDBF-138D-762F-3D527CF3C92D</generatorID>
<ownerDesignName>BD2</ownerDesignName>
<referredTableLongName>Audytor</referredTableLongName>
<arc>083DDE7A-41E3-715B-7DD0-7E8CE427ACAF</arc>
<deleteRule>NO ACTION</deleteRule>
<referredTableID>FA70E1FE-A985-9C0B-6196-67A330288631</referredTableID>
<keyObject>F677CCA8-60C6-6663-0598-2277C767C3B4</keyObject>
<referredKeyID>F677CCA8-60C6-6663-0598-2277C767C3B4</referredKeyID>
<mandatory>false</mandatory>
<refColNames>Numer_identyfikacyjny</refColNames>
<transferable>true</transferable>
<rely>false</rely>
<columnDependencyConstraintGenerateInDDL>true</columnDependencyConstraintGenerateInDDL>
</FKIndexAssociation>