<?xml version = '1.0' encoding = 'UTF-8'?>
<FKIndexAssociation class="oracle.dbtools.crest.model.design.relational.FKIndexAssociation" directorySegmentName="seg_0" id="68F66D6F-37A6-9F9A-A0F0-C4725DB1FF0C" containerWithKeyObject="AEBE4092-7BF7-D2CA-398F-9605B1EE8998" localFKIndex="DE4C403A-973F-617C-E49D-242CAAD5C54C" name="Pracownik_Basen_FK">
<createdBy>Mateusz</createdBy>
<createdTime>2018-12-05 13:59:35 UTC</createdTime>
<generatorID>7BBB3C66-D3CC-5B0B-86A2-572C28644386</generatorID>
<ownerDesignName>BD2</ownerDesignName>
<referredTableLongName>Basen</referredTableLongName>
<deleteRule>NO ACTION</deleteRule>
<referredTableID>80EBFFE3-9165-F19E-778B-523E1A5FA9F7</referredTableID>
<keyObject>22C0CABA-8F09-BC9E-69E6-77421CF273DD</keyObject>
<referredKeyID>22C0CABA-8F09-BC9E-69E6-77421CF273DD</referredKeyID>
<mandatory>true</mandatory>
<refColNames>Numer_obiektu</refColNames>
<transferable>true</transferable>
<rely>false</rely>
<columnDependencyConstraintGenerateInDDL>true</columnDependencyConstraintGenerateInDDL>
</FKIndexAssociation>