<?xml version = '1.0' encoding = 'UTF-8'?>
<FKIndexAssociation class="oracle.dbtools.crest.model.design.relational.FKIndexAssociation" directorySegmentName="seg_0" id="6D7F6EBB-E6DF-99B2-4ED8-BCE353D3EBA1" containerWithKeyObject="7BB37280-EDD3-8C51-0FF8-23EC15752086" localFKIndex="4464DF3F-FF16-6E0B-C6CB-8B86EF5196DE" name="Lokalna_Basen_FK">
<createdBy>kamil</createdBy>
<createdTime>2018-11-28 19:34:05 UTC</createdTime>
<generatorID>0B0DD6C7-FAB6-7395-64CA-6D1B092691D4</generatorID>
<ownerDesignName>BD2</ownerDesignName>
<referredTableLongName>Basen</referredTableLongName>
<deleteRule>NO ACTION</deleteRule>
<referredTableID>80EBFFE3-9165-F19E-778B-523E1A5FA9F7</referredTableID>
<keyObject>22C0CABA-8F09-BC9E-69E6-77421CF273DD</keyObject>
<referredKeyID>22C0CABA-8F09-BC9E-69E6-77421CF273DD</referredKeyID>
<mandatory>true</mandatory>
<refColNames>Numer_obiektu</refColNames>
<transferable>true</transferable>
<rely>false</rely>
<columnDependencyConstraintGenerateInDDL>true</columnDependencyConstraintGenerateInDDL>
</FKIndexAssociation>