<?xml version = '1.0' encoding = 'UTF-8'?>
<FKIndexAssociation class="oracle.dbtools.crest.model.design.relational.FKIndexAssociation" directorySegmentName="seg_0" id="7AFF64F7-9B7C-FDF5-23B8-071038681988" containerWithKeyObject="39C04967-86AD-95D1-5084-26937F38570F" localFKIndex="B5FE6736-DE9F-0AE1-85BA-E73EE4D9A3EA" name="Osoba_Wlasciciel_FK">
<createdBy>Mateusz</createdBy>
<createdTime>2018-12-05 13:59:35 UTC</createdTime>
<generatorID>627B198B-8147-3E57-F76C-983195AE459A</generatorID>
<ownerDesignName>BD2</ownerDesignName>
<referredTableLongName>Wlasciciel</referredTableLongName>
<arc>62B96922-8A2A-907E-992D-DCE97DDDC2AB</arc>
<deleteRule>NO ACTION</deleteRule>
<referredTableID>7EBF75F8-3A0C-DE27-1DFC-D2E5D1D18817</referredTableID>
<keyObject>B4CCC109-DC91-06A2-8E74-461235AE9C8F</keyObject>
<referredKeyID>B4CCC109-DC91-06A2-8E74-461235AE9C8F</referredKeyID>
<mandatory>false</mandatory>
<refColNames>Numer_identyfikacyjny</refColNames>
<transferable>true</transferable>
<rely>false</rely>
<columnDependencyConstraintGenerateInDDL>true</columnDependencyConstraintGenerateInDDL>
</FKIndexAssociation>