<?xml version = '1.0' encoding = 'UTF-8'?>
<FKIndexAssociation class="oracle.dbtools.crest.model.design.relational.FKIndexAssociation" directorySegmentName="seg_0" id="811C4A72-6AB6-D238-25D8-5AB932E33B23" containerWithKeyObject="D618BBF3-BEEA-CD7C-7AF2-8561E414A5D1" localFKIndex="1BDED090-66E5-6E73-6248-DAC9CE8E0FE3" name="Koszyk_Transakcja_FK">
<createdBy>kamil</createdBy>
<createdTime>2018-11-28 19:34:05 UTC</createdTime>
<generatorID>5C9132F7-6BDF-34E3-9703-DFB02933621F</generatorID>
<ownerDesignName>BD2</ownerDesignName>
<referredTableLongName>Transakcja</referredTableLongName>
<deleteRule>NO ACTION</deleteRule>
<referredTableID>2D06E9DA-22AF-0927-C4CA-6E0CA5E26DE7</referredTableID>
<keyObject>78630C1C-2EB8-D9B1-E9CD-0638789C9F67</keyObject>
<referredKeyID>78630C1C-2EB8-D9B1-E9CD-0638789C9F67</referredKeyID>
<mandatory>true</mandatory>
<refColNames>Numer_transakcji</refColNames>
<transferable>true</transferable>
<rely>false</rely>
<columnDependencyConstraintGenerateInDDL>true</columnDependencyConstraintGenerateInDDL>
</FKIndexAssociation>