<?xml version = '1.0' encoding = 'UTF-8'?>
<FKIndexAssociation class="oracle.dbtools.crest.model.design.relational.FKIndexAssociation" directorySegmentName="seg_0" id="8C99CE92-5BB2-2810-E79A-A74590D1AFCD" containerWithKeyObject="CC793198-E981-825F-3F8F-E5DF96E496D4" localFKIndex="2D1D1F8E-2BA4-9D72-675B-74DD2210DD60" name="Usluga_Ogolna_FK">
<createdBy>Mateusz</createdBy>
<createdTime>2018-12-05 13:59:35 UTC</createdTime>
<generatorID>1C04BEEB-FE19-BAF8-CE80-48AA4570F0DB</generatorID>
<ownerDesignName>BD2</ownerDesignName>
<referredTableLongName>Ogolna</referredTableLongName>
<arc>46256A77-ACC2-C7A4-9D28-11FCB44C86E9</arc>
<deleteRule>NO ACTION</deleteRule>
<referredTableID>F62F1780-32E4-E98B-D5B8-D216FFC6D45E</referredTableID>
<keyObject>95B80D71-DCE6-593F-FD24-51B01AAF77C1</keyObject>
<referredKeyID>95B80D71-DCE6-593F-FD24-51B01AAF77C1</referredKeyID>
<mandatory>false</mandatory>
<refColNames>Numer_uslugi</refColNames>
<transferable>true</transferable>
<rely>false</rely>
<columnDependencyConstraintGenerateInDDL>true</columnDependencyConstraintGenerateInDDL>
</FKIndexAssociation>