<?xml version = '1.0' encoding = 'UTF-8'?>
<FKIndexAssociation class="oracle.dbtools.crest.model.design.relational.FKIndexAssociation" directorySegmentName="seg_0" id="90D8CB0B-F9E7-1BE9-DB93-2E86528F15C4" containerWithKeyObject="AEBE4092-7BF7-D2CA-398F-9605B1EE8998" localFKIndex="C0922B16-36CE-F3C1-A4A7-2DDEB8C6BED1" name="Pracownik_Stanowisko_FK">
<createdBy>kamil</createdBy>
<createdTime>2018-11-28 19:34:05 UTC</createdTime>
<generatorID>FCD697A2-B6CF-8230-13F0-4DCEAD648303</generatorID>
<ownerDesignName>BD2</ownerDesignName>
<referredTableLongName>Stanowisko</referredTableLongName>
<deleteRule>NO ACTION</deleteRule>
<referredTableID>23C736D4-F24E-18B5-5035-B07316B00629</referredTableID>
<keyObject>444B8D47-E2F9-05B2-FE7B-82E7082D08F5</keyObject>
<referredKeyID>444B8D47-E2F9-05B2-FE7B-82E7082D08F5</referredKeyID>
<mandatory>true</mandatory>
<refColNames>Numer_stanowiska</refColNames>
<transferable>true</transferable>
<rely>false</rely>
<columnDependencyConstraintGenerateInDDL>true</columnDependencyConstraintGenerateInDDL>
</FKIndexAssociation>