<?xml version = '1.0' encoding = 'UTF-8'?>
<FKIndexAssociation class="oracle.dbtools.crest.model.design.relational.FKIndexAssociation" directorySegmentName="seg_0" id="95B274AB-5CED-4261-D057-7843DD4A48BE" containerWithKeyObject="D618BBF3-BEEA-CD7C-7AF2-8561E414A5D1" localFKIndex="336414AE-2D5F-C4A2-A2B6-B3D81CE9DC79" name="Koszyk_Ogolna_FK">
<createdBy>kamil</createdBy>
<createdTime>2018-11-28 19:34:05 UTC</createdTime>
<generatorID>76898A5F-F74A-549D-2771-0ECB0D57D9AB</generatorID>
<ownerDesignName>BD2</ownerDesignName>
<referredTableLongName>Ogolna</referredTableLongName>
<arc>C875DA9E-DD86-7965-5E14-13C5BDF94DA5</arc>
<deleteRule>NO ACTION</deleteRule>
<referredTableID>F62F1780-32E4-E98B-D5B8-D216FFC6D45E</referredTableID>
<keyObject>95B80D71-DCE6-593F-FD24-51B01AAF77C1</keyObject>
<referredKeyID>95B80D71-DCE6-593F-FD24-51B01AAF77C1</referredKeyID>
<mandatory>false</mandatory>
<refColNames>Numer_uslugi</refColNames>
<transferable>true</transferable>
<rely>false</rely>
<columnDependencyConstraintGenerateInDDL>true</columnDependencyConstraintGenerateInDDL>
</FKIndexAssociation>