<?xml version = '1.0' encoding = 'UTF-8'?>
<FKIndexAssociation class="oracle.dbtools.crest.model.design.relational.FKIndexAssociation" directorySegmentName="seg_0" id="98DDE9BE-EEF4-56D9-2F2C-F22F9CAFE891" containerWithKeyObject="AEBE4092-7BF7-D2CA-398F-9605B1EE8998" localFKIndex="4F6B0ED5-4674-BC7A-9827-9F2DB888BAD1" name="Pracownik_Stanowisko_FK">
<createdBy>Mateusz</createdBy>
<createdTime>2018-12-05 13:59:35 UTC</createdTime>
<generatorID>FCD697A2-B6CF-8230-13F0-4DCEAD648303</generatorID>
<ownerDesignName>BD2</ownerDesignName>
<referredTableLongName>Stanowisko</referredTableLongName>
<deleteRule>NO ACTION</deleteRule>
<referredTableID>23C736D4-F24E-18B5-5035-B07316B00629</referredTableID>
<keyObject>444B8D47-E2F9-05B2-FE7B-82E7082D08F5</keyObject>
<referredKeyID>444B8D47-E2F9-05B2-FE7B-82E7082D08F5</referredKeyID>
<mandatory>true</mandatory>
<refColNames>Numer_stanowiska</refColNames>
<transferable>true</transferable>
<rely>false</rely>
<columnDependencyConstraintGenerateInDDL>true</columnDependencyConstraintGenerateInDDL>
</FKIndexAssociation>