<?xml version = '1.0' encoding = 'UTF-8'?>
<FKIndexAssociation class="oracle.dbtools.crest.model.design.relational.FKIndexAssociation" directorySegmentName="seg_0" id="B63CB94A-93A4-8BB8-7926-1BF82E07607E" containerWithKeyObject="8C6BE2E5-E131-6F38-B140-230D6CD807CB" localFKIndex="3F737A9B-6B97-B8E0-2198-C3D86A1F8074" name="Lekcja_plywania_Klient_FK">
<createdBy>kamil</createdBy>
<createdTime>2018-11-28 19:34:05 UTC</createdTime>
<generatorID>D2E8CB77-4223-F0E5-E390-9CB7997C6795</generatorID>
<ownerDesignName>BD2</ownerDesignName>
<referredTableLongName>Klient</referredTableLongName>
<deleteRule>NO ACTION</deleteRule>
<referredTableID>7F1D058F-D6B1-97B4-4DD6-6E5E1098C5D0</referredTableID>
<keyObject>56C895F0-6F7C-F64D-7F76-91EA6E70B57B</keyObject>
<referredKeyID>56C895F0-6F7C-F64D-7F76-91EA6E70B57B</referredKeyID>
<mandatory>true</mandatory>
<refColNames>Numer_klienta</refColNames>
<transferable>true</transferable>
<rely>false</rely>
<columnDependencyConstraintGenerateInDDL>true</columnDependencyConstraintGenerateInDDL>
</FKIndexAssociation>