<?xml version = '1.0' encoding = 'UTF-8'?>
<FKIndexAssociation class="oracle.dbtools.crest.model.design.relational.FKIndexAssociation" directorySegmentName="seg_0" id="BA22B8AE-592A-6DCF-4C56-1701CBAA8123" containerWithKeyObject="B46F979B-475C-9B27-BFA0-B789CFA18677" localFKIndex="CBD347F4-510A-1F03-A0AD-A5DF3398C97C" name="Dane_Pracownik_FK">
<createdBy>kamil</createdBy>
<createdTime>2018-11-28 19:34:05 UTC</createdTime>
<generatorID>D0AE7CF5-CDBF-138D-762F-3D527CF3C92D</generatorID>
<ownerDesignName>BD2</ownerDesignName>
<referredTableLongName>Pracownik</referredTableLongName>
<arc>083DDE7A-41E3-715B-7DD0-7E8CE427ACAF</arc>
<deleteRule>NO ACTION</deleteRule>
<referredTableID>AEBE4092-7BF7-D2CA-398F-9605B1EE8998</referredTableID>
<keyObject>83EC3344-EB99-144A-4087-A67B2D674EF5</keyObject>
<referredKeyID>83EC3344-EB99-144A-4087-A67B2D674EF5</referredKeyID>
<mandatory>false</mandatory>
<refColNames>Numer_identyfikacyjny</refColNames>
<transferable>true</transferable>
<rely>false</rely>
<columnDependencyConstraintGenerateInDDL>true</columnDependencyConstraintGenerateInDDL>
</FKIndexAssociation>