<?xml version = '1.0' encoding = 'UTF-8'?>
<FKIndexAssociation class="oracle.dbtools.crest.model.design.relational.FKIndexAssociation" directorySegmentName="seg_0" id="BC721DCA-E39A-A2FA-9778-D7CB137B1BDE" containerWithKeyObject="B46F979B-475C-9B27-BFA0-B789CFA18677" localFKIndex="7B8A0D73-2C0E-4410-36F5-2DEFA95331EC" name="Dane_Wlasciciel_FK">
<createdBy>kamil</createdBy>
<createdTime>2018-11-28 19:34:05 UTC</createdTime>
<generatorID>D0AE7CF5-CDBF-138D-762F-3D527CF3C92D</generatorID>
<ownerDesignName>BD2</ownerDesignName>
<referredTableLongName>Wlasciciel</referredTableLongName>
<arc>083DDE7A-41E3-715B-7DD0-7E8CE427ACAF</arc>
<deleteRule>NO ACTION</deleteRule>
<referredTableID>7EBF75F8-3A0C-DE27-1DFC-D2E5D1D18817</referredTableID>
<keyObject>B4CCC109-DC91-06A2-8E74-461235AE9C8F</keyObject>
<referredKeyID>B4CCC109-DC91-06A2-8E74-461235AE9C8F</referredKeyID>
<mandatory>false</mandatory>
<refColNames>Numer_identyfikacyjny</refColNames>
<transferable>true</transferable>
<rely>false</rely>
<columnDependencyConstraintGenerateInDDL>true</columnDependencyConstraintGenerateInDDL>
</FKIndexAssociation>