<?xml version = '1.0' encoding = 'UTF-8'?>
<FKIndexAssociation class="oracle.dbtools.crest.model.design.relational.FKIndexAssociation" directorySegmentName="seg_0" id="C5BB236B-4446-0E9E-6E88-01FA90D13068" containerWithKeyObject="CC793198-E981-825F-3F8F-E5DF96E496D4" localFKIndex="F7A0C369-DCC3-3893-A712-EEEF2D6AD4C8" name="Usluga_Basen_FK">
<createdBy>Mateusz</createdBy>
<createdTime>2018-12-05 13:48:58 UTC</createdTime>
<generatorID>0B0DD6C7-FAB6-7395-64CA-6D1B092691D4</generatorID>
<ownerDesignName>BD2</ownerDesignName>
<referredTableLongName>Basen</referredTableLongName>
<deleteRule>NO ACTION</deleteRule>
<referredTableID>80EBFFE3-9165-F19E-778B-523E1A5FA9F7</referredTableID>
<keyObject>22C0CABA-8F09-BC9E-69E6-77421CF273DD</keyObject>
<referredKeyID>22C0CABA-8F09-BC9E-69E6-77421CF273DD</referredKeyID>
<mandatory>true</mandatory>
<refColNames>Numer_obiektu</refColNames>
<transferable>true</transferable>
<rely>false</rely>
<columnDependencyConstraintGenerateInDDL>true</columnDependencyConstraintGenerateInDDL>
</FKIndexAssociation>