<?xml version = '1.0' encoding = 'UTF-8'?>
<FKIndexAssociation class="oracle.dbtools.crest.model.design.relational.FKIndexAssociation" directorySegmentName="seg_0" id="CA4F0D06-A572-3A91-FC7E-1F8287877585" containerWithKeyObject="D618BBF3-BEEA-CD7C-7AF2-8561E414A5D1" localFKIndex="35BDD143-8AE7-4675-209B-68944B1349D5" name="Koszyk_Lokalna_FK">
<createdBy>kamil</createdBy>
<createdTime>2018-11-28 19:34:05 UTC</createdTime>
<generatorID>76898A5F-F74A-549D-2771-0ECB0D57D9AB</generatorID>
<ownerDesignName>BD2</ownerDesignName>
<referredTableLongName>Lokalna</referredTableLongName>
<arc>C875DA9E-DD86-7965-5E14-13C5BDF94DA5</arc>
<deleteRule>NO ACTION</deleteRule>
<referredTableID>7BB37280-EDD3-8C51-0FF8-23EC15752086</referredTableID>
<keyObject>4200960F-3840-D7E4-2343-5488F9E73150</keyObject>
<referredKeyID>4200960F-3840-D7E4-2343-5488F9E73150</referredKeyID>
<mandatory>false</mandatory>
<refColNames>Numer_uslugi</refColNames>
<transferable>true</transferable>
<rely>false</rely>
<columnDependencyConstraintGenerateInDDL>true</columnDependencyConstraintGenerateInDDL>
</FKIndexAssociation>