<?xml version = '1.0' encoding = 'UTF-8'?>
<FKIndexAssociation class="oracle.dbtools.crest.model.design.relational.FKIndexAssociation" directorySegmentName="seg_0" id="CFEB60EF-B2EA-A7FC-D5B9-74EF68C5247E" containerWithKeyObject="CA856878-0185-09CC-F3A5-0E594D6D0583" localFKIndex="AAF93010-987C-A490-8848-46716B0EF7B7" name="Rezerwacja_toru_Ogolna_FK">
<createdBy>kamil</createdBy>
<createdTime>2018-11-28 19:34:05 UTC</createdTime>
<generatorID>A26739F7-8241-8A04-3B37-686797558F0A</generatorID>
<ownerDesignName>BD2</ownerDesignName>
<referredTableLongName>Ogolna</referredTableLongName>
<deleteRule>NO ACTION</deleteRule>
<referredTableID>F62F1780-32E4-E98B-D5B8-D216FFC6D45E</referredTableID>
<keyObject>95B80D71-DCE6-593F-FD24-51B01AAF77C1</keyObject>
<referredKeyID>95B80D71-DCE6-593F-FD24-51B01AAF77C1</referredKeyID>
<mandatory>true</mandatory>
<refColNames>Numer_uslugi</refColNames>
<transferable>true</transferable>
<rely>false</rely>
<columnDependencyConstraintGenerateInDDL>true</columnDependencyConstraintGenerateInDDL>
</FKIndexAssociation>