<?xml version = '1.0' encoding = 'UTF-8'?>
<FKIndexAssociation class="oracle.dbtools.crest.model.design.relational.FKIndexAssociation" directorySegmentName="seg_0" id="E4A7ADA4-6367-80D9-197C-E837B966C4D9" containerWithKeyObject="CA856878-0185-09CC-F3A5-0E594D6D0583" localFKIndex="D7B78D89-7406-4464-196F-0426022004EA" name="Rezerwacja_toru_Klient_FK">
<createdBy>kamil</createdBy>
<createdTime>2018-11-28 19:34:05 UTC</createdTime>
<generatorID>F79E321F-8F21-4F6E-6322-BB340D99B39A</generatorID>
<ownerDesignName>BD2</ownerDesignName>
<referredTableLongName>Klient</referredTableLongName>
<deleteRule>NO ACTION</deleteRule>
<referredTableID>7F1D058F-D6B1-97B4-4DD6-6E5E1098C5D0</referredTableID>
<keyObject>56C895F0-6F7C-F64D-7F76-91EA6E70B57B</keyObject>
<referredKeyID>56C895F0-6F7C-F64D-7F76-91EA6E70B57B</referredKeyID>
<mandatory>true</mandatory>
<refColNames>Numer_klienta</refColNames>
<transferable>true</transferable>
<rely>false</rely>
<columnDependencyConstraintGenerateInDDL>true</columnDependencyConstraintGenerateInDDL>
</FKIndexAssociation>