<?xml version = '1.0' encoding = 'UTF-8'?>
<FKIndexAssociation class="oracle.dbtools.crest.model.design.relational.FKIndexAssociation" directorySegmentName="seg_0" id="F14A436C-A59C-8F1C-E9C5-C011F7DABC92" containerWithKeyObject="CC793198-E981-825F-3F8F-E5DF96E496D4" localFKIndex="C9342618-016D-D78E-56D6-C04A64C92284" name="Usluga_Lokalna_FK">
<createdBy>Mateusz</createdBy>
<createdTime>2018-12-05 13:59:35 UTC</createdTime>
<generatorID>F0B9C125-0F1D-AB20-872A-5DF0F4317A57</generatorID>
<ownerDesignName>BD2</ownerDesignName>
<referredTableLongName>Lokalna</referredTableLongName>
<arc>46256A77-ACC2-C7A4-9D28-11FCB44C86E9</arc>
<deleteRule>NO ACTION</deleteRule>
<referredTableID>7BB37280-EDD3-8C51-0FF8-23EC15752086</referredTableID>
<keyObject>4200960F-3840-D7E4-2343-5488F9E73150</keyObject>
<referredKeyID>4200960F-3840-D7E4-2343-5488F9E73150</referredKeyID>
<mandatory>false</mandatory>
<refColNames>Numer_uslugi</refColNames>
<transferable>true</transferable>
<rely>false</rely>
<columnDependencyConstraintGenerateInDDL>true</columnDependencyConstraintGenerateInDDL>
</FKIndexAssociation>