<?xml version = '1.0' encoding = 'UTF-8'?>
<FKIndexAssociation class="oracle.dbtools.crest.model.design.relational.FKIndexAssociation" directorySegmentName="seg_0" id="F539BC8A-61D0-8C46-050D-E9CEAECC27D9" containerWithKeyObject="8C6BE2E5-E131-6F38-B140-230D6CD807CB" localFKIndex="DDF93731-B9C3-67DD-0C7F-F85745CBF1F1" name="Lekcja_plywania_Ogolna_FK">
<createdBy>kamil</createdBy>
<createdTime>2018-11-28 19:34:05 UTC</createdTime>
<generatorID>F3297DDD-9B42-ACCE-CCE7-6C8E6A02A363</generatorID>
<ownerDesignName>BD2</ownerDesignName>
<referredTableLongName>Ogolna</referredTableLongName>
<deleteRule>NO ACTION</deleteRule>
<referredTableID>F62F1780-32E4-E98B-D5B8-D216FFC6D45E</referredTableID>
<keyObject>95B80D71-DCE6-593F-FD24-51B01AAF77C1</keyObject>
<referredKeyID>95B80D71-DCE6-593F-FD24-51B01AAF77C1</referredKeyID>
<mandatory>true</mandatory>
<refColNames>Numer_uslugi</refColNames>
<transferable>true</transferable>
<rely>false</rely>
<columnDependencyConstraintGenerateInDDL>true</columnDependencyConstraintGenerateInDDL>
</FKIndexAssociation>