<?xml version = '1.0' encoding = 'UTF-8'?>
<FKIndexAssociation class="oracle.dbtools.crest.model.design.relational.FKIndexAssociation" directorySegmentName="seg_0" id="FD5FCA61-E30C-8141-2EF5-F93BE5D320E1" containerWithKeyObject="39C04967-86AD-95D1-5084-26937F38570F" localFKIndex="8023A59D-5170-5F34-AAA3-2A98E3002379" name="Osoba_Audytor_FK">
<createdBy>Mateusz</createdBy>
<createdTime>2018-12-05 13:59:35 UTC</createdTime>
<generatorID>06B7FA53-13BA-6611-218B-AA77C3D386EF</generatorID>
<ownerDesignName>BD2</ownerDesignName>
<referredTableLongName>Audytor</referredTableLongName>
<arc>62B96922-8A2A-907E-992D-DCE97DDDC2AB</arc>
<deleteRule>NO ACTION</deleteRule>
<referredTableID>FA70E1FE-A985-9C0B-6196-67A330288631</referredTableID>
<keyObject>F677CCA8-60C6-6663-0598-2277C767C3B4</keyObject>
<referredKeyID>F677CCA8-60C6-6663-0598-2277C767C3B4</referredKeyID>
<mandatory>false</mandatory>
<refColNames>Numer_identyfikacyjny</refColNames>
<transferable>true</transferable>
<rely>false</rely>
<columnDependencyConstraintGenerateInDDL>true</columnDependencyConstraintGenerateInDDL>
</FKIndexAssociation>