<?xml version = '1.0' encoding = 'UTF-8'?>
<FKIndexAssociation class="oracle.dbtools.crest.model.design.relational.FKIndexAssociation" directorySegmentName="seg_0" id="0467FAF9-247F-FB21-E666-7045BF7A7EC4" containerWithKeyObject="D72C4A10-C53C-52D5-9B31-1A7471AED123" localFKIndex="6F69F9EE-333D-5C0F-0CF5-F81BD1435EB7" name="Lekcje_plywania_Ogolne_FK">
<createdBy>Kamil</createdBy>
<createdTime>2018-11-10 21:55:13 UTC</createdTime>
<generatorID>F3297DDD-9B42-ACCE-CCE7-6C8E6A02A363</generatorID>
<ownerDesignName>BD2</ownerDesignName>
<referredTableLongName>Ogolne</referredTableLongName>
<deleteRule>NO ACTION</deleteRule>
<referredTableID>065D8EB3-7BD9-2243-F8E8-0A5E7233FA56</referredTableID>
<keyObject>39D8A477-4014-D891-118B-4EB645084300</keyObject>
<referredKeyID>39D8A477-4014-D891-118B-4EB645084300</referredKeyID>
<mandatory>true</mandatory>
<refColNames>Numer_uslugi</refColNames>
<transferable>true</transferable>
<rely>false</rely>
<columnDependencyConstraintGenerateInDDL>true</columnDependencyConstraintGenerateInDDL>
</FKIndexAssociation>