<?xml version = '1.0' encoding = 'UTF-8'?>
<FKIndexAssociation class="oracle.dbtools.crest.model.design.relational.FKIndexAssociation" directorySegmentName="seg_0" id="1A5FB29F-C39B-5917-CB7C-5407E022B69D" containerWithKeyObject="09ADC93F-97C8-FBB0-D410-740BF59D03C4" localFKIndex="5FC50C13-03F1-84F3-53C7-47308500DF78" name="Pracownicy_Stanowiska_FK">
<createdBy>Kamil</createdBy>
<createdTime>2018-11-10 21:55:13 UTC</createdTime>
<generatorID>FCD697A2-B6CF-8230-13F0-4DCEAD648303</generatorID>
<ownerDesignName>BD2</ownerDesignName>
<referredTableLongName>Stanowiska</referredTableLongName>
<deleteRule>NO ACTION</deleteRule>
<referredTableID>6D94E970-4A13-8EB1-2F89-B83E4917B796</referredTableID>
<keyObject>D3AE7D95-410A-E643-5746-CC7AFFC73796</keyObject>
<referredKeyID>D3AE7D95-410A-E643-5746-CC7AFFC73796</referredKeyID>
<mandatory>true</mandatory>
<refColNames>Numer_stanowiska</refColNames>
<transferable>true</transferable>
<rely>false</rely>
<columnDependencyConstraintGenerateInDDL>true</columnDependencyConstraintGenerateInDDL>
</FKIndexAssociation>