<?xml version = '1.0' encoding = 'UTF-8'?>
<FKIndexAssociation class="oracle.dbtools.crest.model.design.relational.FKIndexAssociation" directorySegmentName="seg_0" id="48A2509F-B561-0319-F170-9A74425EEBFA" containerWithKeyObject="9F2AC2C0-F6A5-2510-CBE1-BC93003C15AD" localFKIndex="C8ED8E9C-7D9F-899F-F575-7B82BEFB6D0A" name="Uczestnicy_lekcji_Lekcje_plywania_FK">
<createdBy>Kamil</createdBy>
<createdTime>2018-11-10 21:55:13 UTC</createdTime>
<generatorID>D2E8CB77-4223-F0E5-E390-9CB7997C6795</generatorID>
<ownerDesignName>BD2</ownerDesignName>
<referredTableLongName>Lekcje_plywania</referredTableLongName>
<deleteRule>NO ACTION</deleteRule>
<referredTableID>D72C4A10-C53C-52D5-9B31-1A7471AED123</referredTableID>
<keyObject>E85A88DF-30CB-008A-3F51-90E35F75EF8C</keyObject>
<referredKeyID>E85A88DF-30CB-008A-3F51-90E35F75EF8C</referredKeyID>
<mandatory>true</mandatory>
<refColNames>Numer_lekcji</refColNames>
<transferable>true</transferable>
<rely>false</rely>
<columnDependencyConstraintGenerateInDDL>true</columnDependencyConstraintGenerateInDDL>
</FKIndexAssociation>