<?xml version = '1.0' encoding = 'UTF-8'?>
<FKIndexAssociation class="oracle.dbtools.crest.model.design.relational.FKIndexAssociation" directorySegmentName="seg_0" id="493976CC-EDE7-2D4B-D974-592A0D9A2070" containerWithKeyObject="400EA509-1920-18C2-B514-97247FE66708" localFKIndex="F4242ABF-3702-CD6C-191B-4378085E0568" name="Uslugi_Ogolne_FK">
<createdBy>Kamil</createdBy>
<createdTime>2018-11-10 21:55:13 UTC</createdTime>
<generatorID>1C04BEEB-FE19-BAF8-CE80-48AA4570F0DB</generatorID>
<ownerDesignName>BD2</ownerDesignName>
<referredTableLongName>Ogolne</referredTableLongName>
<arc>C680FD14-C661-8E32-7831-BF62A0F48CB6</arc>
<deleteRule>NO ACTION</deleteRule>
<referredTableID>065D8EB3-7BD9-2243-F8E8-0A5E7233FA56</referredTableID>
<keyObject>39D8A477-4014-D891-118B-4EB645084300</keyObject>
<referredKeyID>39D8A477-4014-D891-118B-4EB645084300</referredKeyID>
<mandatory>false</mandatory>
<refColNames>Numer_uslugi</refColNames>
<transferable>true</transferable>
<rely>false</rely>
<columnDependencyConstraintGenerateInDDL>true</columnDependencyConstraintGenerateInDDL>
</FKIndexAssociation>