<?xml version = '1.0' encoding = 'UTF-8'?>
<FKIndexAssociation class="oracle.dbtools.crest.model.design.relational.FKIndexAssociation" directorySegmentName="seg_0" id="74331633-FA83-1F6F-3BB8-837D5459BFD3" containerWithKeyObject="9F2AC2C0-F6A5-2510-CBE1-BC93003C15AD" localFKIndex="C51230AA-B5CF-60A5-52C0-69820C1CE195" name="Uczestnicy_lekcji_Klienci_FK">
<createdBy>Kamil</createdBy>
<createdTime>2018-11-10 21:55:13 UTC</createdTime>
<generatorID>D2E8CB77-4223-F0E5-E390-9CB7997C6795</generatorID>
<ownerDesignName>BD2</ownerDesignName>
<referredTableLongName>Klienci</referredTableLongName>
<deleteRule>NO ACTION</deleteRule>
<referredTableID>F0B1B4C4-6E2E-9E8F-3EEA-ECF6E01D44F8</referredTableID>
<keyObject>7BD2DE82-B0F0-258C-7267-C887F3758ECF</keyObject>
<referredKeyID>7BD2DE82-B0F0-258C-7267-C887F3758ECF</referredKeyID>
<mandatory>true</mandatory>
<refColNames>Numer_klienta</refColNames>
<transferable>true</transferable>
<rely>false</rely>
<columnDependencyConstraintGenerateInDDL>true</columnDependencyConstraintGenerateInDDL>
</FKIndexAssociation>