<?xml version = '1.0' encoding = 'UTF-8'?>
<FKIndexAssociation class="oracle.dbtools.crest.model.design.relational.FKIndexAssociation" directorySegmentName="seg_0" id="7C47343C-F20D-E66D-FE08-83CA381632E6" containerWithKeyObject="E5E3A52F-9D5D-3A95-9796-48639489549B" localFKIndex="28CE49AD-3B60-8489-8F3D-6537EE07873A" name="Osoby_Audytorzy_FK">
<createdBy>Kamil</createdBy>
<createdTime>2018-11-10 21:55:13 UTC</createdTime>
<generatorID>06B7FA53-13BA-6611-218B-AA77C3D386EF</generatorID>
<ownerDesignName>BD2</ownerDesignName>
<referredTableLongName>Audytorzy</referredTableLongName>
<arc>AF807ED1-68E8-183F-6E2E-CD01F80BFADA</arc>
<deleteRule>NO ACTION</deleteRule>
<referredTableID>9BC5CC99-A947-1455-CB35-D50AED450F44</referredTableID>
<keyObject>D65F599E-0084-F29A-4BC3-3E0974CB2ED1</keyObject>
<referredKeyID>D65F599E-0084-F29A-4BC3-3E0974CB2ED1</referredKeyID>
<mandatory>false</mandatory>
<refColNames>Numer_identyfikacyjny</refColNames>
<transferable>true</transferable>
<rely>false</rely>
<columnDependencyConstraintGenerateInDDL>true</columnDependencyConstraintGenerateInDDL>
</FKIndexAssociation>