<?xml version = '1.0' encoding = 'UTF-8'?>
<FKIndexAssociation class="oracle.dbtools.crest.model.design.relational.FKIndexAssociation" directorySegmentName="seg_0" id="93FDC143-110E-68F8-0012-17B08733F931" containerWithKeyObject="400EA509-1920-18C2-B514-97247FE66708" localFKIndex="015E679D-9555-ECAA-E19B-9B90F536B8D4" name="Uslugi_Lokalne_FK">
<createdBy>Kamil</createdBy>
<createdTime>2018-11-10 21:55:13 UTC</createdTime>
<generatorID>F0B9C125-0F1D-AB20-872A-5DF0F4317A57</generatorID>
<ownerDesignName>BD2</ownerDesignName>
<referredTableLongName>Lokalne</referredTableLongName>
<arc>C680FD14-C661-8E32-7831-BF62A0F48CB6</arc>
<deleteRule>NO ACTION</deleteRule>
<referredTableID>7FBE8A93-9ADC-8A20-25E2-71DFB01A6041</referredTableID>
<keyObject>26924518-0F90-5BEC-E673-43629CEBB237</keyObject>
<referredKeyID>26924518-0F90-5BEC-E673-43629CEBB237</referredKeyID>
<mandatory>false</mandatory>
<refColNames>Numer_uslugi</refColNames>
<transferable>true</transferable>
<rely>false</rely>
<columnDependencyConstraintGenerateInDDL>true</columnDependencyConstraintGenerateInDDL>
</FKIndexAssociation>