<?xml version = '1.0' encoding = 'UTF-8'?>
<FKIndexAssociation class="oracle.dbtools.crest.model.design.relational.FKIndexAssociation" directorySegmentName="seg_0" id="9489DFC7-130A-3A22-87A2-8B50AB16033C" containerWithKeyObject="E5E3A52F-9D5D-3A95-9796-48639489549B" localFKIndex="6B92E145-A98A-C8E3-1C58-F462B602DA48" name="Osoby_Wlasciciele_FK">
<createdBy>Kamil</createdBy>
<createdTime>2018-11-10 21:55:13 UTC</createdTime>
<generatorID>627B198B-8147-3E57-F76C-983195AE459A</generatorID>
<ownerDesignName>BD2</ownerDesignName>
<referredTableLongName>Wlasciciele</referredTableLongName>
<arc>AF807ED1-68E8-183F-6E2E-CD01F80BFADA</arc>
<deleteRule>NO ACTION</deleteRule>
<referredTableID>F4CCA627-299E-63F8-6DA6-02AB31688167</referredTableID>
<keyObject>E897A526-D8FA-095C-83A1-45658448AC06</keyObject>
<referredKeyID>E897A526-D8FA-095C-83A1-45658448AC06</referredKeyID>
<mandatory>false</mandatory>
<refColNames>Numer_identyfikacyjny</refColNames>
<transferable>true</transferable>
<rely>false</rely>
<columnDependencyConstraintGenerateInDDL>true</columnDependencyConstraintGenerateInDDL>
</FKIndexAssociation>