<?xml version = '1.0' encoding = 'UTF-8'?>
<FKIndexAssociation class="oracle.dbtools.crest.model.design.relational.FKIndexAssociation" directorySegmentName="seg_0" id="9B2BC493-4A2C-D8DC-FBBC-523334CC13E5" containerWithKeyObject="CC3DE890-342B-85BB-7206-6D68E5290839" localFKIndex="0C7A556C-385A-CE25-39A0-EEBFDE2DA0D8" name="Dane_do_logowania_klienci_Klienci_FK">
<createdBy>Mateusz</createdBy>
<createdTime>2019-01-20 19:17:12 UTC</createdTime>
<generatorID>A4D72857-10B7-3208-2293-AC6FE3657A0F</generatorID>
<ownerDesignName>BD2</ownerDesignName>
<referredTableLongName>Klienci</referredTableLongName>
<deleteRule>NO ACTION</deleteRule>
<referredTableID>F0B1B4C4-6E2E-9E8F-3EEA-ECF6E01D44F8</referredTableID>
<keyObject>7BD2DE82-B0F0-258C-7267-C887F3758ECF</keyObject>
<referredKeyID>7BD2DE82-B0F0-258C-7267-C887F3758ECF</referredKeyID>
<mandatory>true</mandatory>
<refColNames>Numer_klienta</refColNames>
<transferable>true</transferable>
<rely>false</rely>
<columnDependencyConstraintGenerateInDDL>true</columnDependencyConstraintGenerateInDDL>
</FKIndexAssociation>