<?xml version = '1.0' encoding = 'UTF-8'?>
<FKIndexAssociation class="oracle.dbtools.crest.model.design.relational.FKIndexAssociation" directorySegmentName="seg_0" id="9B3D5C45-07A1-58D4-81C0-02EF37C43E9B" containerWithKeyObject="706A8DBD-8EF2-89AE-EB8B-DC258CAABEEF" localFKIndex="9A088391-8893-B146-C4D0-5328F4A5B935" name="Rezerwacje_toru_Ogolne_FK">
<createdBy>Kamil</createdBy>
<createdTime>2018-11-10 21:55:13 UTC</createdTime>
<generatorID>A26739F7-8241-8A04-3B37-686797558F0A</generatorID>
<ownerDesignName>BD2</ownerDesignName>
<referredTableLongName>Ogolne</referredTableLongName>
<deleteRule>NO ACTION</deleteRule>
<referredTableID>065D8EB3-7BD9-2243-F8E8-0A5E7233FA56</referredTableID>
<keyObject>39D8A477-4014-D891-118B-4EB645084300</keyObject>
<referredKeyID>39D8A477-4014-D891-118B-4EB645084300</referredKeyID>
<mandatory>true</mandatory>
<refColNames>Numer_uslugi</refColNames>
<transferable>true</transferable>
<rely>false</rely>
<columnDependencyConstraintGenerateInDDL>true</columnDependencyConstraintGenerateInDDL>
</FKIndexAssociation>