<?xml version = '1.0' encoding = 'UTF-8'?>
<FKIndexAssociation class="oracle.dbtools.crest.model.design.relational.FKIndexAssociation" directorySegmentName="seg_0" id="B6D7D09D-C629-0947-4217-4EC82FB5DF1A" containerWithKeyObject="DA02F692-0ACA-D3E6-BCD9-C8ADE15463F3" localFKIndex="5C10C495-AB7C-993C-1736-5789AF40E4A0" name="Przeglady_Baseny_FK">
<createdBy>Kamil</createdBy>
<createdTime>2018-11-10 21:55:13 UTC</createdTime>
<generatorID>819FA4E0-9E15-41EC-5D70-549E4E65F156</generatorID>
<ownerDesignName>BD2</ownerDesignName>
<referredTableLongName>Baseny</referredTableLongName>
<deleteRule>NO ACTION</deleteRule>
<referredTableID>733A77B5-4C7A-2317-9D69-B4B60A8D9E73</referredTableID>
<keyObject>8036635D-408E-4437-8852-ED88AFD6513A</keyObject>
<referredKeyID>8036635D-408E-4437-8852-ED88AFD6513A</referredKeyID>
<mandatory>true</mandatory>
<refColNames>Numer_obiektu</refColNames>
<transferable>true</transferable>
<rely>false</rely>
<columnDependencyConstraintGenerateInDDL>true</columnDependencyConstraintGenerateInDDL>
</FKIndexAssociation>