<?xml version = '1.0' encoding = 'UTF-8'?>
<FKIndexAssociation class="oracle.dbtools.crest.model.design.relational.FKIndexAssociation" directorySegmentName="seg_0" id="C1A7056E-DFBD-9EE7-5079-031E6C4B658D" containerWithKeyObject="706A8DBD-8EF2-89AE-EB8B-DC258CAABEEF" localFKIndex="E5E91766-D7C8-0A2A-8ACB-D3EA08F67522" name="Rezerwacje_toru_Klienci_FK">
<createdBy>Kamil</createdBy>
<createdTime>2018-11-10 21:55:13 UTC</createdTime>
<generatorID>F79E321F-8F21-4F6E-6322-BB340D99B39A</generatorID>
<ownerDesignName>BD2</ownerDesignName>
<referredTableLongName>Klienci</referredTableLongName>
<deleteRule>NO ACTION</deleteRule>
<referredTableID>F0B1B4C4-6E2E-9E8F-3EEA-ECF6E01D44F8</referredTableID>
<keyObject>7BD2DE82-B0F0-258C-7267-C887F3758ECF</keyObject>
<referredKeyID>7BD2DE82-B0F0-258C-7267-C887F3758ECF</referredKeyID>
<mandatory>true</mandatory>
<refColNames>Numer_klienta</refColNames>
<transferable>true</transferable>
<rely>false</rely>
<columnDependencyConstraintGenerateInDDL>true</columnDependencyConstraintGenerateInDDL>
</FKIndexAssociation>