<?xml version = '1.0' encoding = 'UTF-8'?>
<FKIndexAssociation class="oracle.dbtools.crest.model.design.relational.FKIndexAssociation" directorySegmentName="seg_0" id="D23DD455-BB4B-6D15-5249-27D3BDBE66F1" containerWithKeyObject="5003CF0B-0BEA-5114-0BB3-3A10B45299B3" localFKIndex="E0FB9B57-921F-14D2-7B24-3EED6C73EC7F" name="Koszyki_Transakcje_FK">
<createdBy>Kamil</createdBy>
<createdTime>2018-11-10 21:55:13 UTC</createdTime>
<generatorID>5C9132F7-6BDF-34E3-9703-DFB02933621F</generatorID>
<ownerDesignName>BD2</ownerDesignName>
<referredTableLongName>Transakcje</referredTableLongName>
<deleteRule>NO ACTION</deleteRule>
<referredTableID>857E39A4-1055-9D98-CD61-0AA251EC3315</referredTableID>
<keyObject>143ACD6B-8545-17AC-4390-7E5655BE2051</keyObject>
<referredKeyID>143ACD6B-8545-17AC-4390-7E5655BE2051</referredKeyID>
<mandatory>true</mandatory>
<refColNames>Numer_transakcji</refColNames>
<transferable>true</transferable>
<rely>false</rely>
<columnDependencyConstraintGenerateInDDL>true</columnDependencyConstraintGenerateInDDL>
</FKIndexAssociation>