<?xml version = '1.0' encoding = 'UTF-8'?>
<FKIndexAssociation class="oracle.dbtools.crest.model.design.relational.FKIndexAssociation" directorySegmentName="seg_0" id="D5B73C46-DC91-47D3-9F7D-8E02515A9AA5" containerWithKeyObject="5003CF0B-0BEA-5114-0BB3-3A10B45299B3" localFKIndex="DE7E2E0E-C3F7-CE98-D0A5-FE128373E739" name="Koszyki_Uslugi_FK">
<createdBy>Kamil</createdBy>
<createdTime>2018-11-10 21:55:13 UTC</createdTime>
<generatorID>76898A5F-F74A-549D-2771-0ECB0D57D9AB</generatorID>
<ownerDesignName>BD2</ownerDesignName>
<referredTableLongName>Uslugi</referredTableLongName>
<deleteRule>NO ACTION</deleteRule>
<referredTableID>400EA509-1920-18C2-B514-97247FE66708</referredTableID>
<keyObject>3CF7BEA5-20F7-AB7A-4DFD-D284C3073954</keyObject>
<referredKeyID>3CF7BEA5-20F7-AB7A-4DFD-D284C3073954</referredKeyID>
<mandatory>true</mandatory>
<refColNames>Numer_uslugi</refColNames>
<transferable>true</transferable>
<rely>false</rely>
<columnDependencyConstraintGenerateInDDL>true</columnDependencyConstraintGenerateInDDL>
</FKIndexAssociation>