<?xml version = '1.0' encoding = 'UTF-8'?>
<FKIndexAssociation class="oracle.dbtools.crest.model.design.relational.FKIndexAssociation" directorySegmentName="seg_0" id="E1E5A5C9-5949-5B2A-DBA9-7FF8DCB5EB27" containerWithKeyObject="09ADC93F-97C8-FBB0-D410-740BF59D03C4" localFKIndex="35CE58B6-5767-347B-5431-593389CE52D1" name="Pracownicy_Baseny_FK">
<createdBy>Kamil</createdBy>
<createdTime>2018-11-10 21:55:13 UTC</createdTime>
<generatorID>7BBB3C66-D3CC-5B0B-86A2-572C28644386</generatorID>
<ownerDesignName>BD2</ownerDesignName>
<referredTableLongName>Baseny</referredTableLongName>
<deleteRule>NO ACTION</deleteRule>
<referredTableID>733A77B5-4C7A-2317-9D69-B4B60A8D9E73</referredTableID>
<keyObject>8036635D-408E-4437-8852-ED88AFD6513A</keyObject>
<referredKeyID>8036635D-408E-4437-8852-ED88AFD6513A</referredKeyID>
<mandatory>true</mandatory>
<refColNames>Numer_obiektu</refColNames>
<transferable>true</transferable>
<rely>false</rely>
<columnDependencyConstraintGenerateInDDL>true</columnDependencyConstraintGenerateInDDL>
</FKIndexAssociation>