<?xml version = '1.0' encoding = 'UTF-8'?>
<FKIndexAssociation class="oracle.dbtools.crest.model.design.relational.FKIndexAssociation" directorySegmentName="seg_0" id="F1AB53B2-24F3-0655-1B77-CFBEF67C3F23" containerWithKeyObject="43930685-E1F9-1E9C-7112-1B99AB6695C4" localFKIndex="81D19C61-CB6A-3280-1112-CEE110A5C9D9" name="Dane_do_logowania_Osoby_FK">
<createdBy>Kamil</createdBy>
<createdTime>2018-11-10 21:55:13 UTC</createdTime>
<generatorID>D0AE7CF5-CDBF-138D-762F-3D527CF3C92D</generatorID>
<ownerDesignName>BD2</ownerDesignName>
<referredTableLongName>Osoby</referredTableLongName>
<deleteRule>NO ACTION</deleteRule>
<referredTableID>E5E3A52F-9D5D-3A95-9796-48639489549B</referredTableID>
<keyObject>D42837AE-286A-2C80-703D-AD9EE90AC07B</keyObject>
<referredKeyID>D42837AE-286A-2C80-703D-AD9EE90AC07B</referredKeyID>
<mandatory>true</mandatory>
<refColNames>Numer_identyfikacyjny</refColNames>
<transferable>true</transferable>
<rely>false</rely>
<columnDependencyConstraintGenerateInDDL>true</columnDependencyConstraintGenerateInDDL>
</FKIndexAssociation>