<?xml version = '1.0' encoding = 'UTF-8'?>
<FKIndexAssociation class="oracle.dbtools.crest.model.design.relational.FKIndexAssociation" directorySegmentName="seg_0" id="FDA73B33-6296-B9E8-C415-5906036E5E84" containerWithKeyObject="400EA509-1920-18C2-B514-97247FE66708" localFKIndex="EDBC4B6E-AC72-B671-15A3-830BADAD10D9" name="Uslugi_Baseny_FK">
<createdBy>Kamil</createdBy>
<createdTime>2018-11-10 21:55:13 UTC</createdTime>
<generatorID>0B0DD6C7-FAB6-7395-64CA-6D1B092691D4</generatorID>
<ownerDesignName>BD2</ownerDesignName>
<referredTableLongName>Baseny</referredTableLongName>
<deleteRule>NO ACTION</deleteRule>
<referredTableID>733A77B5-4C7A-2317-9D69-B4B60A8D9E73</referredTableID>
<keyObject>8036635D-408E-4437-8852-ED88AFD6513A</keyObject>
<referredKeyID>8036635D-408E-4437-8852-ED88AFD6513A</referredKeyID>
<mandatory>true</mandatory>
<refColNames>Numer_obiektu</refColNames>
<transferable>true</transferable>
<rely>false</rely>
<columnDependencyConstraintGenerateInDDL>true</columnDependencyConstraintGenerateInDDL>
</FKIndexAssociation>