<?xml version = '1.0' encoding = 'UTF-8'?>
<FKIndexAssociation class="oracle.dbtools.crest.model.design.relational.FKIndexAssociation" directorySegmentName="seg_0" id="FE14438C-B467-928F-64B1-2D710D49DF8C" containerWithKeyObject="E5E3A52F-9D5D-3A95-9796-48639489549B" localFKIndex="EADA08AC-6192-AB9A-1F9A-810D5083FEC0" name="Osoby_Pracownicy_FK">
<createdBy>Kamil</createdBy>
<createdTime>2018-11-10 21:55:13 UTC</createdTime>
<generatorID>D9BF2584-4A29-F0CB-D01F-DCF2999FCB88</generatorID>
<ownerDesignName>BD2</ownerDesignName>
<referredTableLongName>Pracownicy</referredTableLongName>
<arc>AF807ED1-68E8-183F-6E2E-CD01F80BFADA</arc>
<deleteRule>NO ACTION</deleteRule>
<referredTableID>09ADC93F-97C8-FBB0-D410-740BF59D03C4</referredTableID>
<keyObject>DEFACD7F-387F-5BD7-E267-4DB4FE4CB35C</keyObject>
<referredKeyID>DEFACD7F-387F-5BD7-E267-4DB4FE4CB35C</referredKeyID>
<mandatory>false</mandatory>
<refColNames>Numer_identyfikacyjny</refColNames>
<transferable>true</transferable>
<rely>false</rely>
<columnDependencyConstraintGenerateInDDL>true</columnDependencyConstraintGenerateInDDL>
</FKIndexAssociation>