<?xml version = '1.0' encoding = 'UTF-8'?>
<Diagram class="oracle.dbtools.crest.swingui.relational.DPVRelational" name="Relational_1" id="1AD4E456-583B-6DFB-93CE-834BBF400B2D">
<createdBy>Kamil</createdBy>
<modifiedBy>Kamil</modifiedBy>
<createdTime>2018-11-10 21:54:43 UTC</createdTime>
<autoRoute>false</autoRoute>
<boxInbox>true</boxInbox>
<showLegend>false</showLegend>
<showLabels>false</showLabels>
<showRelAttributes>false</showRelAttributes>
<gridEnabled>false</gridEnabled>
<showGrid>false</showGrid>
<diagramColor>-1</diagramColor>
<display>false</display>
<notation>1</notation>
<objectViews>
<OView class="oracle.dbtools.crest.swingui.relational.TVTable" oid="065D8EB3-7BD9-2243-F8E8-0A5E7233FA56" otype="Table" vid="CDC02319-4483-1E11-13EB-05EE9E463035">
<hideElementsInCurrentOnly>false</hideElementsInCurrentOnly>
<bounds x="359" y="398" width="164" height="60"/>
</OView>
<OView class="oracle.dbtools.crest.swingui.relational.TVTable" oid="09ADC93F-97C8-FBB0-D410-740BF59D03C4" otype="Table" vid="D94C5341-8EB5-0D65-E36C-5513A619EBE4">
<hideElementsInCurrentOnly>false</hideElementsInCurrentOnly>
<bounds x="656" y="121" width="308" height="166"/>
</OView>
<OView class="oracle.dbtools.crest.swingui.relational.TVTable" oid="400EA509-1920-18C2-B514-97247FE66708" otype="Table" vid="F7D53041-2DCF-7E00-A708-8167A5D24E76">
<hideElementsInCurrentOnly>false</hideElementsInCurrentOnly>
<bounds x="50" y="388" width="250" height="178"/>
</OView>
<OView class="oracle.dbtools.crest.swingui.relational.TVTable" oid="43930685-E1F9-1E9C-7112-1B99AB6695C4" otype="Table" vid="B4B4A6F4-06A1-0D94-677C-80B2AA4184C5">
<hideElementsInCurrentOnly>false</hideElementsInCurrentOnly>
<bounds x="1007" y="4" width="328" height="143"/>
</OView>
<OView class="oracle.dbtools.crest.swingui.relational.TVTable" oid="5003CF0B-0BEA-5114-0BB3-3A10B45299B3" otype="Table" vid="8B75ABD5-0384-BF02-1FEA-16339DCB995D">
<hideElementsInCurrentOnly>false</hideElementsInCurrentOnly>
<bounds x="6" y="142" width="334" height="120"/>
</OView>
<OView class="oracle.dbtools.crest.swingui.relational.TVTable" oid="6D94E970-4A13-8EB1-2F89-B83E4917B796" otype="Table" vid="76012B03-45D5-3566-EA6E-F46CCD22D8C2">
<hideElementsInCurrentOnly>false</hideElementsInCurrentOnly>
<bounds x="691" y="7" width="227" height="86"/>
</OView>
<OView class="oracle.dbtools.crest.swingui.relational.TVTable" oid="706A8DBD-8EF2-89AE-EB8B-DC258CAABEEF" otype="Table" vid="D54C722D-43CA-A231-0D2F-87D259073933">
<hideElementsInCurrentOnly>false</hideElementsInCurrentOnly>
<bounds x="670" y="450" width="280" height="178"/>
</OView>
<OView class="oracle.dbtools.crest.swingui.relational.TVTable" oid="733A77B5-4C7A-2317-9D69-B4B60A8D9E73" otype="Table" vid="36A0D4D1-5201-1AAF-0F7B-08BC91A7808F">
<hideElementsInCurrentOnly>false</hideElementsInCurrentOnly>
<bounds x="359" y="144" width="263" height="114"/>
</OView>
<OView class="oracle.dbtools.crest.swingui.relational.TVTable" oid="7FBE8A93-9ADC-8A20-25E2-71DFB01A6041" otype="Table" vid="3E4649B1-B4A6-7E0F-3B07-A1A1A975FFDD">
<hideElementsInCurrentOnly>false</hideElementsInCurrentOnly>
<bounds x="361" y="484" width="163" height="61"/>
</OView>
<OView class="oracle.dbtools.crest.swingui.relational.TVTable" oid="857E39A4-1055-9D98-CD61-0AA251EC3315" otype="Table" vid="01D57AEC-3314-27EF-460E-CDDBFB642096">
<hideElementsInCurrentOnly>false</hideElementsInCurrentOnly>
<bounds x="89" y="18" width="189" height="76"/>
</OView>
<OView class="oracle.dbtools.crest.swingui.relational.TVTable" oid="9BC5CC99-A947-1455-CB35-D50AED450F44" otype="Table" vid="5B0DEE19-1178-8162-0B64-256A2E257DA4">
<hideElementsInCurrentOnly>false</hideElementsInCurrentOnly>
<bounds x="1364" y="160" width="209" height="62"/>
</OView>
<OView class="oracle.dbtools.crest.swingui.relational.TVTable" oid="9F2AC2C0-F6A5-2510-CBE1-BC93003C15AD" otype="Table" vid="D5D40191-9BAE-053B-D88F-BCA7C75592B9">
<hideElementsInCurrentOnly>false</hideElementsInCurrentOnly>
<bounds x="988" y="361" width="397" height="110"/>
</OView>
<OView class="oracle.dbtools.crest.swingui.relational.TVTable" oid="D72C4A10-C53C-52D5-9B31-1A7471AED123" otype="Table" vid="9C9E7EA5-20C9-6CA5-D0F2-D23FDB918DFA">
<hideElementsInCurrentOnly>false</hideElementsInCurrentOnly>
<bounds x="668" y="293" width="281" height="150"/>
</OView>
<OView class="oracle.dbtools.crest.swingui.relational.TVTable" oid="DA02F692-0ACA-D3E6-BCD9-C8ADE15463F3" otype="Table" vid="A02F10B6-1E98-7799-BD2C-47DBBE7FE882">
<hideElementsInCurrentOnly>false</hideElementsInCurrentOnly>
<bounds x="363" y="9" width="253" height="107"/>
</OView>
<OView class="oracle.dbtools.crest.swingui.relational.TVTable" oid="E5E3A52F-9D5D-3A95-9796-48639489549B" otype="Table" vid="7B32C0A1-F59B-D92F-CDB2-93C83B88D2AB">
<hideElementsInCurrentOnly>false</hideElementsInCurrentOnly>
<bounds x="1048" y="179" width="250" height="149"/>
</OView>
<OView class="oracle.dbtools.crest.swingui.relational.TVTable" oid="F0B1B4C4-6E2E-9E8F-3EEA-ECF6E01D44F8" otype="Table" vid="747FE206-22E0-4522-5CA4-069CEC054DFD">
<hideElementsInCurrentOnly>false</hideElementsInCurrentOnly>
<bounds x="1070" y="501" width="216" height="115"/>
</OView>
<OView class="oracle.dbtools.crest.swingui.relational.TVTable" oid="F4CCA627-299E-63F8-6DA6-02AB31688167" otype="Table" vid="8BC76977-B827-A448-94BB-057217314930">
<hideElementsInCurrentOnly>false</hideElementsInCurrentOnly>
<bounds x="1343" y="247" width="247" height="88"/>
</OView>
</objectViews>
<connectors>
<Connector class="oracle.dbtools.crest.swingui.relational.TVFKRelation" oid="0467FAF9-247F-FB21-E666-7045BF7A7EC4" otype="FKIndexAssociation" vid_source="CDC02319-4483-1E11-13EB-05EE9E463035" vid_target="9C9E7EA5-20C9-6CA5-D0F2-D23FDB918DFA">
<hideElementsInCurrentOnly>false</hideElementsInCurrentOnly>
<backgroundColor>-16777216</backgroundColor>
<lineWidth>1</lineWidth>
<points>
<point x="523" y="420"/>
<point x="668" y="420"/>
</points>
</Connector>
<Connector class="oracle.dbtools.crest.swingui.relational.TVFKRelation" oid="1A5FB29F-C39B-5917-CB7C-5407E022B69D" otype="FKIndexAssociation" vid_source="76012B03-45D5-3566-EA6E-F46CCD22D8C2" vid_target="D94C5341-8EB5-0D65-E36C-5513A619EBE4">
<hideElementsInCurrentOnly>false</hideElementsInCurrentOnly>
<backgroundColor>-16777216</backgroundColor>
<lineWidth>1</lineWidth>
<points>
<point x="804" y="93"/>
<point x="804" y="121"/>
</points>
</Connector>
<Connector class="oracle.dbtools.crest.swingui.relational.TVFKRelation" oid="48A2509F-B561-0319-F170-9A74425EEBFA" otype="FKIndexAssociation" vid_source="9C9E7EA5-20C9-6CA5-D0F2-D23FDB918DFA" vid_target="D5D40191-9BAE-053B-D88F-BCA7C75592B9">
<hideElementsInCurrentOnly>false</hideElementsInCurrentOnly>
<backgroundColor>-16777216</backgroundColor>
<lineWidth>1</lineWidth>
<points>
<point x="949" y="402"/>
<point x="988" y="402"/>
</points>
</Connector>
<Connector class="oracle.dbtools.crest.swingui.relational.TVFKRelation" oid="493976CC-EDE7-2D4B-D974-592A0D9A2070" otype="FKIndexAssociation" vid_source="CDC02319-4483-1E11-13EB-05EE9E463035" vid_target="F7D53041-2DCF-7E00-A708-8167A5D24E76">
<hideElementsInCurrentOnly>false</hideElementsInCurrentOnly>
<backgroundColor>-16777216</backgroundColor>
<lineWidth>1</lineWidth>
<points>
<point x="359" y="428"/>
<point x="300" y="428"/>
</points>
</Connector>
<Connector class="oracle.dbtools.crest.swingui.relational.TVFKRelation" oid="74331633-FA83-1F6F-3BB8-837D5459BFD3" otype="FKIndexAssociation" vid_source="747FE206-22E0-4522-5CA4-069CEC054DFD" vid_target="D5D40191-9BAE-053B-D88F-BCA7C75592B9">
<hideElementsInCurrentOnly>false</hideElementsInCurrentOnly>
<backgroundColor>-16777216</backgroundColor>
<lineWidth>1</lineWidth>
<points>
<point x="1178" y="501"/>
<point x="1178" y="471"/>
</points>
</Connector>
<Connector class="oracle.dbtools.crest.swingui.relational.TVFKRelation" oid="7C47343C-F20D-E66D-FE08-83CA381632E6" otype="FKIndexAssociation" vid_source="5B0DEE19-1178-8162-0B64-256A2E257DA4" vid_target="7B32C0A1-F59B-D92F-CDB2-93C83B88D2AB">
<hideElementsInCurrentOnly>false</hideElementsInCurrentOnly>
<backgroundColor>-16777216</backgroundColor>
<lineWidth>1</lineWidth>
<points>
<point x="1364" y="200"/>
<point x="1298" y="200"/>
</points>
</Connector>
<Connector class="oracle.dbtools.crest.swingui.relational.TVFKRelation" oid="93FDC143-110E-68F8-0012-17B08733F931" otype="FKIndexAssociation" vid_source="3E4649B1-B4A6-7E0F-3B07-A1A1A975FFDD" vid_target="F7D53041-2DCF-7E00-A708-8167A5D24E76">
<hideElementsInCurrentOnly>false</hideElementsInCurrentOnly>
<backgroundColor>-16777216</backgroundColor>
<lineWidth>1</lineWidth>
<points>
<point x="361" y="514"/>
<point x="300" y="514"/>
</points>
</Connector>
<Connector class="oracle.dbtools.crest.swingui.relational.TVFKRelation" oid="9489DFC7-130A-3A22-87A2-8B50AB16033C" otype="FKIndexAssociation" vid_source="8BC76977-B827-A448-94BB-057217314930" vid_target="7B32C0A1-F59B-D92F-CDB2-93C83B88D2AB">
<hideElementsInCurrentOnly>false</hideElementsInCurrentOnly>
<backgroundColor>-16777216</backgroundColor>
<lineWidth>1</lineWidth>
<points>
<point x="1343" y="287"/>
<point x="1298" y="287"/>
</points>
</Connector>
<Connector class="oracle.dbtools.crest.swingui.relational.TVFKRelation" oid="9B3D5C45-07A1-58D4-81C0-02EF37C43E9B" otype="FKIndexAssociation" vid_source="CDC02319-4483-1E11-13EB-05EE9E463035" vid_target="D54C722D-43CA-A231-0D2F-87D259073933">
<hideElementsInCurrentOnly>false</hideElementsInCurrentOnly>
<backgroundColor>-16777216</backgroundColor>
<lineWidth>1</lineWidth>
<points>
<point x="523" y="454"/>
<point x="670" y="454"/>
</points>
</Connector>
<Connector class="oracle.dbtools.crest.swingui.relational.TVFKRelation" oid="B6D7D09D-C629-0947-4217-4EC82FB5DF1A" otype="FKIndexAssociation" vid_source="36A0D4D1-5201-1AAF-0F7B-08BC91A7808F" vid_target="A02F10B6-1E98-7799-BD2C-47DBBE7FE882">
<hideElementsInCurrentOnly>false</hideElementsInCurrentOnly>
<backgroundColor>-16777216</backgroundColor>
<lineWidth>1</lineWidth>
<points>
<point x="489" y="144"/>
<point x="489" y="116"/>
</points>
</Connector>
<Connector class="oracle.dbtools.crest.swingui.relational.TVFKRelation" oid="C1A7056E-DFBD-9EE7-5079-031E6C4B658D" otype="FKIndexAssociation" vid_source="747FE206-22E0-4522-5CA4-069CEC054DFD" vid_target="D54C722D-43CA-A231-0D2F-87D259073933">
<hideElementsInCurrentOnly>false</hideElementsInCurrentOnly>
<backgroundColor>-16777216</backgroundColor>
<lineWidth>1</lineWidth>
<points>
<point x="1070" y="558"/>
<point x="950" y="558"/>
</points>
</Connector>
<Connector class="oracle.dbtools.crest.swingui.relational.TVFKRelation" oid="D23DD455-BB4B-6D15-5249-27D3BDBE66F1" otype="FKIndexAssociation" vid_source="01D57AEC-3314-27EF-460E-CDDBFB642096" vid_target="8B75ABD5-0384-BF02-1FEA-16339DCB995D">
<hideElementsInCurrentOnly>false</hideElementsInCurrentOnly>
<backgroundColor>-16777216</backgroundColor>
<lineWidth>1</lineWidth>
<points>
<point x="183" y="94"/>
<point x="183" y="142"/>
</points>
</Connector>
<Connector class="oracle.dbtools.crest.swingui.relational.TVFKRelation" oid="D5B73C46-DC91-47D3-9F7D-8E02515A9AA5" otype="FKIndexAssociation" vid_source="F7D53041-2DCF-7E00-A708-8167A5D24E76" vid_target="8B75ABD5-0384-BF02-1FEA-16339DCB995D">
<hideElementsInCurrentOnly>false</hideElementsInCurrentOnly>
<backgroundColor>-16777216</backgroundColor>
<lineWidth>1</lineWidth>
<points>
<point x="175" y="388"/>
<point x="175" y="262"/>
</points>
</Connector>
<Connector class="oracle.dbtools.crest.swingui.relational.TVFKRelation" oid="E1E5A5C9-5949-5B2A-DBA9-7FF8DCB5EB27" otype="FKIndexAssociation" vid_source="36A0D4D1-5201-1AAF-0F7B-08BC91A7808F" vid_target="D94C5341-8EB5-0D65-E36C-5513A619EBE4">
<hideElementsInCurrentOnly>false</hideElementsInCurrentOnly>
<backgroundColor>-16777216</backgroundColor>
<lineWidth>1</lineWidth>
<points>
<point x="622" y="201"/>
<point x="656" y="201"/>
</points>
</Connector>
<Connector class="oracle.dbtools.crest.swingui.relational.TVFKRelation" oid="F1AB53B2-24F3-0655-1B77-CFBEF67C3F23" otype="FKIndexAssociation" vid_source="7B32C0A1-F59B-D92F-CDB2-93C83B88D2AB" vid_target="B4B4A6F4-06A1-0D94-677C-80B2AA4184C5">
<hideElementsInCurrentOnly>false</hideElementsInCurrentOnly>
<backgroundColor>-16777216</backgroundColor>
<lineWidth>1</lineWidth>
<points>
<point x="1173" y="179"/>
<point x="1173" y="147"/>
</points>
</Connector>
<Connector class="oracle.dbtools.crest.swingui.relational.TVFKRelation" oid="FDA73B33-6296-B9E8-C415-5906036E5E84" otype="FKIndexAssociation" vid_source="36A0D4D1-5201-1AAF-0F7B-08BC91A7808F" vid_target="F7D53041-2DCF-7E00-A708-8167A5D24E76">
<hideElementsInCurrentOnly>false</hideElementsInCurrentOnly>
<backgroundColor>-16777216</backgroundColor>
<lineWidth>1</lineWidth>
<points>
<point x="485" y="258"/>
<point x="485" y="334"/>
<point x="246" y="333"/>
<point x="246" y="388"/>
</points>
</Connector>
<Connector class="oracle.dbtools.crest.swingui.relational.TVFKRelation" oid="FE14438C-B467-928F-64B1-2D710D49DF8C" otype="FKIndexAssociation" vid_source="D94C5341-8EB5-0D65-E36C-5513A619EBE4" vid_target="7B32C0A1-F59B-D92F-CDB2-93C83B88D2AB">
<hideElementsInCurrentOnly>false</hideElementsInCurrentOnly>
<backgroundColor>-16777216</backgroundColor>
<lineWidth>1</lineWidth>
<points>
<point x="964" y="233"/>
<point x="1048" y="233"/>
</points>
</Connector>
</connectors>
<arcs>
<Arc class="oracle.dbtools.crest.swingui.relational.TVFKArc" oid="AF807ED1-68E8-183F-6E2E-CD01F80BFADA" otype="FKArc" vid="FCE8A5EC-BB27-45A7-818D-BFA555DB45E3">
<hideElementsInCurrentOnly>false</hideElementsInCurrentOnly>
<bounds x="1028" y="159" width="290" height="189"/>
</Arc>
<Arc class="oracle.dbtools.crest.swingui.relational.TVFKArc" oid="C680FD14-C661-8E32-7831-BF62A0F48CB6" otype="FKArc" vid="344C1523-3838-16B0-693B-12D380C05C1B">
<hideElementsInCurrentOnly>false</hideElementsInCurrentOnly>
<bounds x="30" y="368" width="290" height="218"/>
</Arc>
</arcs>
</Diagram>