<?xml version = '1.0' encoding = 'UTF-8'?>
<Entity class="oracle.dbtools.crest.model.design.logical.Entity" directorySegmentName="seg_0" id="0318A699-0D9A-EFCB-699A-9014EAF29D9D" name="Dane do logowania klientow">
<createdBy>Mateusz</createdBy>
<createdTime>2019-01-20 18:43:18 UTC</createdTime>
<ownerDesignName>BD2</ownerDesignName>
<engineerTo>
<item key="705D2A43-1C89-F3A7-C517-E664DC6AC410" value="true"/>
</engineerTo>
<adequatelyNormalized>NO</adequatelyNormalized>
<expectedVolumes>0</expectedVolumes>
<fwdEngineeringStrategyName>Single Table</fwdEngineeringStrategyName>
<growthPercent>0</growthPercent>
<growthType>Year</growthType>
<maxVolumes>9999999</maxVolumes>
<minVolumes>0</minVolumes>
<normalForm>Third</normalForm>
<attributes itemClass="oracle.dbtools.crest.model.design.logical.Attribute">
<Attribute name="Id" id="321BA8DC-05CD-9C77-5E21-9B55F47A5726">
<createdBy>Mateusz</createdBy>
<createdTime>2019-01-20 18:43:37 UTC</createdTime>
<ownerDesignName>BD2</ownerDesignName>
<engineerTo>
<item key="705D2A43-1C89-F3A7-C517-E664DC6AC410" value="true"/>
</engineerTo>
<useDomainConstraints>false</useDomainConstraints>
<use>1</use>
<logicalDatatype>LOGDT011</logicalDatatype>
<ownDataTypeParameters>,,</ownDataTypeParameters>
</Attribute>
<Attribute name="Login" id="B3B95D21-1203-A7BD-351E-91FA93268201">
<createdBy>Mateusz</createdBy>
<createdTime>2019-01-20 18:43:48 UTC</createdTime>
<ownerDesignName>BD2</ownerDesignName>
<engineerTo>
<item key="705D2A43-1C89-F3A7-C517-E664DC6AC410" value="true"/>
</engineerTo>
<useDomainConstraints>false</useDomainConstraints>
<use>1</use>
<logicalDatatype>A3A3C77D-0366-9768-FF89-1C25E56881C8</logicalDatatype>
<ownDataTypeParameters>,,</ownDataTypeParameters>
</Attribute>
<Attribute name="Haslo" id="5EC1C59A-5E0F-B2FD-0901-EA9B680C63DB">
<createdBy>Mateusz</createdBy>
<createdTime>2019-01-20 18:44:00 UTC</createdTime>
<ownerDesignName>BD2</ownerDesignName>
<engineerTo>
<item key="705D2A43-1C89-F3A7-C517-E664DC6AC410" value="true"/>
</engineerTo>
<useDomainConstraints>false</useDomainConstraints>
<use>1</use>
<logicalDatatype>A3A3C77D-0366-9768-FF89-1C25E56881C8</logicalDatatype>
<ownDataTypeParameters>,,</ownDataTypeParameters>
</Attribute>
<Attribute name="Numer klienta" id="06B420AF-793B-0CE1-5C43-C7C9487B2B3A">
<createdBy>Mateusz</createdBy>
<createdTime>2019-01-20 18:44:43 UTC</createdTime>
<generatorID>FE1AB48A-7561-3731-3510-014CA45FC644</generatorID>
<ownerDesignName>BD2</ownerDesignName>
<engineerTo>
<item key="705D2A43-1C89-F3A7-C517-E664DC6AC410" value="true"/>
</engineerTo>
<referedAttribute>FA7D99EC-3665-7045-18F0-75FF8ADDAC2E</referedAttribute>
<useDomainConstraints>false</useDomainConstraints>
<use>1</use>
<logicalDatatype>LOGDT011</logicalDatatype>
<ownDataTypeParameters>,,</ownDataTypeParameters>
</Attribute>
</attributes>
<identifiers itemClass="oracle.dbtools.crest.model.design.logical.CandidateKey">
<identifier id="609FB1A3-B74D-581A-5AF7-E71E878FA1BF" name="Dane do logowania klientow PK">
<createdBy>Mateusz</createdBy>
<createdTime>2019-01-20 18:43:39 UTC</createdTime>
<ownerDesignName>BD2</ownerDesignName>
<engineerTo>
<item key="705D2A43-1C89-F3A7-C517-E664DC6AC410" value="true"/>
</engineerTo>
<pk>true</pk>
<usedAttributes>
<attributeRef>321BA8DC-05CD-9C77-5E21-9B55F47A5726</attributeRef>
</usedAttributes>
</identifier>
</identifiers>
</Entity>