<?xml version = '1.0' encoding = 'UTF-8'?>
<Entity class="oracle.dbtools.crest.model.design.logical.Entity" directorySegmentName="seg_0" id="493C0EB5-0E1A-B19D-1A24-7C427918571A" name="Transakcja">
<createdBy>Mateusz</createdBy>
<createdTime>2018-11-16 19:29:38 UTC</createdTime>
<ownerDesignName>BD2</ownerDesignName>
<engineerTo>
<item key="D693870B-D925-C7DA-034F-740661552A16" value="true"/>
</engineerTo>
<adequatelyNormalized>NO</adequatelyNormalized>
<expectedVolumes>0</expectedVolumes>
<fwdEngineeringStrategyName>Single Table</fwdEngineeringStrategyName>
<growthPercent>0</growthPercent>
<growthType>Year</growthType>
<maxVolumes>9999999</maxVolumes>
<minVolumes>0</minVolumes>
<normalForm>Third</normalForm>
<attributes itemClass="oracle.dbtools.crest.model.design.logical.Attribute">
<Attribute name="Numer transakcji" id="CDBA6DC3-A465-B350-E8E9-105E8E727AA3">
<createdBy>Mateusz</createdBy>
<createdTime>2018-11-16 19:29:49 UTC</createdTime>
<ownerDesignName>BD2</ownerDesignName>
<engineerTo>
<item key="D693870B-D925-C7DA-034F-740661552A16" value="true"/>
</engineerTo>
<useDomainConstraints>false</useDomainConstraints>
<use>1</use>
<logicalDatatype>LOGDT011</logicalDatatype>
<ownDataTypeParameters>,,</ownDataTypeParameters>
</Attribute>
<Attribute name="Data" id="5A82DBE7-0171-52DE-175B-17F862C7A987">
<createdBy>Mateusz</createdBy>
<createdTime>2018-11-16 19:30:01 UTC</createdTime>
<ownerDesignName>BD2</ownerDesignName>
<engineerTo>
<item key="D693870B-D925-C7DA-034F-740661552A16" value="true"/>
</engineerTo>
<useDomainConstraints>false</useDomainConstraints>
<use>1</use>
<logicalDatatype>LOGDT007</logicalDatatype>
<ownDataTypeParameters>,,</ownDataTypeParameters>
</Attribute>
<Attribute name="Numer klienta" id="842CA065-EB99-7729-F51E-27582DC160CE">
<createdBy>Mateusz</createdBy>
<createdTime>2018-11-16 20:04:40 UTC</createdTime>
<generatorID>1E253BDB-2D32-17C6-75D0-1AF3E8D396EA</generatorID>
<ownerDesignName>BD2</ownerDesignName>
<engineerTo>
<item key="D693870B-D925-C7DA-034F-740661552A16" value="true"/>
</engineerTo>
<nullsAllowed>true</nullsAllowed>
<referedAttribute>FA7D99EC-3665-7045-18F0-75FF8ADDAC2E</referedAttribute>
<useDomainConstraints>false</useDomainConstraints>
<use>1</use>
<logicalDatatype>LOGDT011</logicalDatatype>
<ownDataTypeParameters>,,</ownDataTypeParameters>
</Attribute>
</attributes>
<identifiers itemClass="oracle.dbtools.crest.model.design.logical.CandidateKey">
<identifier id="602DEACC-3C89-E8AE-C77B-2A38067DB7D6" name="Transkacja PK">
<createdBy>Mateusz</createdBy>
<createdTime>2018-11-16 19:30:22 UTC</createdTime>
<ownerDesignName>BD2</ownerDesignName>
<engineerTo>
<item key="D693870B-D925-C7DA-034F-740661552A16" value="true"/>
</engineerTo>
<pk>true</pk>
<usedAttributes>
<attributeRef>CDBA6DC3-A465-B350-E8E9-105E8E727AA3</attributeRef>
</usedAttributes>
</identifier>
</identifiers>
</Entity>