<?xml version = '1.0' encoding = 'UTF-8'?>
<Entity class="oracle.dbtools.crest.model.design.logical.Entity" directorySegmentName="seg_0" id="55AE9785-060A-D1B2-3772-C723BF035B70" name="Lekcja plywania">
<createdBy>kamil</createdBy>
<createdTime>2018-11-28 17:38:48 UTC</createdTime>
<ownerDesignName>BD2</ownerDesignName>
<engineerTo>
<item key="63A824A8-F01B-54C7-D031-D7C96E517C6A" value="true"/>
</engineerTo>
<adequatelyNormalized>NO</adequatelyNormalized>
<expectedVolumes>0</expectedVolumes>
<fwdEngineeringStrategyName>Single Table</fwdEngineeringStrategyName>
<growthPercent>0</growthPercent>
<growthType>Year</growthType>
<maxVolumes>9999999</maxVolumes>
<minVolumes>0</minVolumes>
<normalForm>Third</normalForm>
<attributes itemClass="oracle.dbtools.crest.model.design.logical.Attribute">
<Attribute name="Numer lekcji" id="210C3632-6CA6-DEC2-DF49-8ED15A038686">
<createdBy>kamil</createdBy>
<createdTime>2018-11-28 18:18:20 UTC</createdTime>
<ownerDesignName>BD2</ownerDesignName>
<engineerTo>
<item key="63A824A8-F01B-54C7-D031-D7C96E517C6A" value="true"/>
</engineerTo>
<useDomainConstraints>false</useDomainConstraints>
<use>1</use>
<logicalDatatype>LOGDT011</logicalDatatype>
<ownDataTypeParameters>,,</ownDataTypeParameters>
</Attribute>
<Attribute name="Data" id="30518108-1FE4-874B-8F8C-F5FB6CC33990">
<createdBy>kamil</createdBy>
<createdTime>2018-11-28 18:19:06 UTC</createdTime>
<ownerDesignName>BD2</ownerDesignName>
<engineerTo>
<item key="63A824A8-F01B-54C7-D031-D7C96E517C6A" value="true"/>
</engineerTo>
<useDomainConstraints>false</useDomainConstraints>
<use>1</use>
<logicalDatatype>LOGDT007</logicalDatatype>
<ownDataTypeParameters>,,</ownDataTypeParameters>
</Attribute>
<Attribute name="Godzina" id="1D896927-15A6-A899-85C8-447E61BC1A0A">
<createdBy>kamil</createdBy>
<createdTime>2018-11-28 18:19:47 UTC</createdTime>
<ownerDesignName>BD2</ownerDesignName>
<engineerTo>
<item key="63A824A8-F01B-54C7-D031-D7C96E517C6A" value="true"/>
</engineerTo>
<useDomainConstraints>false</useDomainConstraints>
<use>1</use>
<logicalDatatype>LOGDT014</logicalDatatype>
<ownDataTypeParameters>,,</ownDataTypeParameters>
</Attribute>
<Attribute name="Numer ratownika" id="7F67A63F-4394-654B-B3C6-85FA3FCEC3F2">
<createdBy>kamil</createdBy>
<createdTime>2018-11-28 18:20:17 UTC</createdTime>
<ownerDesignName>BD2</ownerDesignName>
<engineerTo>
<item key="63A824A8-F01B-54C7-D031-D7C96E517C6A" value="true"/>
</engineerTo>
<useDomainConstraints>false</useDomainConstraints>
<use>1</use>
<logicalDatatype>LOGDT011</logicalDatatype>
<ownDataTypeParameters>,,</ownDataTypeParameters>
</Attribute>
<Attribute name="Numer klienta" id="DE7837DD-5894-9353-8A43-566B838F835B">
<createdBy>kamil</createdBy>
<createdTime>2018-11-28 18:10:36 UTC</createdTime>
<generatorID>D2E8CB77-4223-F0E5-E390-9CB7997C6795</generatorID>
<ownerDesignName>BD2</ownerDesignName>
<engineerTo>
<item key="63A824A8-F01B-54C7-D031-D7C96E517C6A" value="true"/>
</engineerTo>
<referedAttribute>FA7D99EC-3665-7045-18F0-75FF8ADDAC2E</referedAttribute>
<useDomainConstraints>false</useDomainConstraints>
<use>1</use>
<logicalDatatype>LOGDT011</logicalDatatype>
<ownDataTypeParameters>,,</ownDataTypeParameters>
</Attribute>
<Attribute name="Numer uslugi" id="0956642A-EA95-7010-E582-D7F3A60868E1">
<createdBy>kamil</createdBy>
<createdTime>2018-11-28 18:13:06 UTC</createdTime>
<generatorID>F3297DDD-9B42-ACCE-CCE7-6C8E6A02A363</generatorID>
<ownerDesignName>BD2</ownerDesignName>
<engineerTo>
<item key="63A824A8-F01B-54C7-D031-D7C96E517C6A" value="true"/>
</engineerTo>
<referedAttribute>6BBC0ABB-983B-3898-2D60-00867F16EF71</referedAttribute>
<useDomainConstraints>false</useDomainConstraints>
<use>1</use>
<logicalDatatype>LOGDT011</logicalDatatype>
<ownDataTypeParameters>,,</ownDataTypeParameters>
</Attribute>
</attributes>
<identifiers itemClass="oracle.dbtools.crest.model.design.logical.CandidateKey">
<identifier id="BCA32AF6-2F28-2B33-0CEB-BA37D2915362" name="Lekcja plywania PK">
<createdBy>kamil</createdBy>
<createdTime>2018-11-28 18:19:00 UTC</createdTime>
<ownerDesignName>BD2</ownerDesignName>
<engineerTo>
<item key="63A824A8-F01B-54C7-D031-D7C96E517C6A" value="true"/>
</engineerTo>
<pk>true</pk>
<usedAttributes>
<attributeRef>210C3632-6CA6-DEC2-DF49-8ED15A038686</attributeRef>
</usedAttributes>
</identifier>
</identifiers>
</Entity>