<?xml version = '1.0' encoding = 'UTF-8'?>
<Entity class="oracle.dbtools.crest.model.design.logical.Entity" directorySegmentName="seg_0" id="5CFB5DBA-4772-10E2-77AE-821D9B304FCA" name="Koszyk">
<createdBy>Mateusz</createdBy>
<createdTime>2018-11-16 19:28:14 UTC</createdTime>
<ownerDesignName>BD2</ownerDesignName>
<engineerTo>
<item key="705D2A43-1C89-F3A7-C517-E664DC6AC410" value="true"/>
</engineerTo>
<adequatelyNormalized>NO</adequatelyNormalized>
<expectedVolumes>0</expectedVolumes>
<fwdEngineeringStrategyName>Single Table</fwdEngineeringStrategyName>
<growthPercent>0</growthPercent>
<growthType>Year</growthType>
<maxVolumes>9999999</maxVolumes>
<minVolumes>0</minVolumes>
<normalForm>Third</normalForm>
<attributes itemClass="oracle.dbtools.crest.model.design.logical.Attribute">
<Attribute name="Numer transakcji" id="A3966E43-AA73-8751-0AE0-4CB0A64D95D8">
<createdBy>Mateusz</createdBy>
<createdTime>2018-11-16 20:00:01 UTC</createdTime>
<generatorID>5C9132F7-6BDF-34E3-9703-DFB02933621F</generatorID>
<ownerDesignName>BD2</ownerDesignName>
<engineerTo>
<item key="705D2A43-1C89-F3A7-C517-E664DC6AC410" value="true"/>
</engineerTo>
<referedAttribute>CDBA6DC3-A465-B350-E8E9-105E8E727AA3</referedAttribute>
<useDomainConstraints>false</useDomainConstraints>
<use>1</use>
<logicalDatatype>LOGDT011</logicalDatatype>
<ownDataTypeParameters>,,</ownDataTypeParameters>
</Attribute>
<Attribute name="Numer uslugi" id="1019F7B1-6CBB-0D55-FA5F-C1F3DE8AB4DC">
<createdBy>Mateusz</createdBy>
<createdTime>2018-11-16 19:54:30 UTC</createdTime>
<generatorID>76898A5F-F74A-549D-2771-0ECB0D57D9AB</generatorID>
<ownerDesignName>BD2</ownerDesignName>
<engineerTo>
<item key="705D2A43-1C89-F3A7-C517-E664DC6AC410" value="true"/>
</engineerTo>
<referedAttribute>6BBC0ABB-983B-3898-2D60-00867F16EF71</referedAttribute>
<useDomainConstraints>false</useDomainConstraints>
<use>1</use>
<logicalDatatype>LOGDT011</logicalDatatype>
<ownDataTypeParameters>,,</ownDataTypeParameters>
</Attribute>
<Attribute name="Ilosc" id="22F0F5B3-5C1C-F8F6-A058-B0BD133E34CB">
<createdBy>Mateusz</createdBy>
<createdTime>2018-11-16 19:28:36 UTC</createdTime>
<ownerDesignName>BD2</ownerDesignName>
<engineerTo>
<item key="705D2A43-1C89-F3A7-C517-E664DC6AC410" value="true"/>
</engineerTo>
<useDomainConstraints>false</useDomainConstraints>
<use>1</use>
<logicalDatatype>LOGDT011</logicalDatatype>
<ownDataTypeParameters>,,</ownDataTypeParameters>
</Attribute>
</attributes>
<identifiers itemClass="oracle.dbtools.crest.model.design.logical.CandidateKey">
<identifier id="EAE3F36B-D2BF-45F4-0F40-189E44ED11DC" name="Koszyk PK">
<createdBy>Mateusz</createdBy>
<createdTime>2018-11-16 19:56:12 UTC</createdTime>
<ownerDesignName>BD2</ownerDesignName>
<engineerTo>
<item key="705D2A43-1C89-F3A7-C517-E664DC6AC410" value="true"/>
</engineerTo>
<pk>true</pk>
<usedAttributes>
<attributeRef>1019F7B1-6CBB-0D55-FA5F-C1F3DE8AB4DC</attributeRef>
<attributeRef>A3966E43-AA73-8751-0AE0-4CB0A64D95D8</attributeRef>
</usedAttributes>
</identifier>
</identifiers>
</Entity>