<?xml version = '1.0' encoding = 'UTF-8'?>
<Entity class="oracle.dbtools.crest.model.design.logical.Entity" directorySegmentName="seg_0" id="861EC6AE-BA55-F210-B04B-D2B9DCF54581" name="Osoba">
<createdBy>Mateusz</createdBy>
<createdTime>2018-11-17 09:42:38 UTC</createdTime>
<ownerDesignName>BD2</ownerDesignName>
<engineerTo>
<item key="705D2A43-1C89-F3A7-C517-E664DC6AC410" value="true"/>
</engineerTo>
<adequatelyNormalized>NO</adequatelyNormalized>
<expectedVolumes>0</expectedVolumes>
<fwdEngineeringStrategyName>Single Table</fwdEngineeringStrategyName>
<growthPercent>0</growthPercent>
<growthType>Year</growthType>
<maxVolumes>9999999</maxVolumes>
<minVolumes>0</minVolumes>
<normalForm>Third</normalForm>
<subtypesRefType>Arc implementation</subtypesRefType>
<discriminatorAttributeID>77E00DD4-0C1D-9409-FBF3-93D74A3F5136</discriminatorAttributeID>
<completeSubtypes>true</completeSubtypes>
<attributes itemClass="oracle.dbtools.crest.model.design.logical.Attribute">
<Attribute name="Numer identyfikacyjny" id="77E00DD4-0C1D-9409-FBF3-93D74A3F5136">
<createdBy>Mateusz</createdBy>
<createdTime>2018-11-17 09:50:48 UTC</createdTime>
<ownerDesignName>BD2</ownerDesignName>
<engineerTo>
<item key="705D2A43-1C89-F3A7-C517-E664DC6AC410" value="true"/>
</engineerTo>
<useDomainConstraints>false</useDomainConstraints>
<use>1</use>
<logicalDatatype>LOGDT011</logicalDatatype>
<ownDataTypeParameters>,,</ownDataTypeParameters>
</Attribute>
</attributes>
<identifiers itemClass="oracle.dbtools.crest.model.design.logical.CandidateKey">
<identifier id="997D6CA4-9ACA-E1CB-6EF5-3B6C85044F1E" name="Osoba PK">
<createdBy>Mateusz</createdBy>
<createdTime>2018-11-17 09:50:50 UTC</createdTime>
<ownerDesignName>BD2</ownerDesignName>
<engineerTo>
<item key="705D2A43-1C89-F3A7-C517-E664DC6AC410" value="true"/>
</engineerTo>
<pk>true</pk>
<usedAttributes>
<attributeRef>77E00DD4-0C1D-9409-FBF3-93D74A3F5136</attributeRef>
</usedAttributes>
</identifier>
</identifiers>
</Entity>