<?xml version = '1.0' encoding = 'UTF-8'?>
<Entity class="oracle.dbtools.crest.model.design.logical.Entity" directorySegmentName="seg_0" id="861EC6AE-BA55-F210-B04B-D2B9DCF54581" name="Osoba">
<createdBy>Mateusz</createdBy>
<createdTime>2018-11-17 09:42:38 UTC</createdTime>
<ownerDesignName>BD2</ownerDesignName>
<shouldEngineer>false</shouldEngineer>
<engineerTo>
<item key="D693870B-D925-C7DA-034F-740661552A16" value="false"/>
</engineerTo>
<adequatelyNormalized>NO</adequatelyNormalized>
<expectedVolumes>0</expectedVolumes>
<fwdEngineeringStrategyName>Single Table</fwdEngineeringStrategyName>
<growthPercent>0</growthPercent>
<growthType>Year</growthType>
<maxVolumes>9999999</maxVolumes>
<minVolumes>0</minVolumes>
<normalForm>Third</normalForm>
<discriminatorAttributeID>77E00DD4-0C1D-9409-FBF3-93D74A3F5136</discriminatorAttributeID>
<completeSubtypes>true</completeSubtypes>
<attributes itemClass="oracle.dbtools.crest.model.design.logical.Attribute">
<Attribute name="Numer identyfikacyjny" id="77E00DD4-0C1D-9409-FBF3-93D74A3F5136">
<createdBy>Mateusz</createdBy>
<createdTime>2018-11-17 09:50:48 UTC</createdTime>
<ownerDesignName>BD2</ownerDesignName>
<engineerTo>
<item key="D693870B-D925-C7DA-034F-740661552A16" value="true"/>
</engineerTo>
<useDomainConstraints>false</useDomainConstraints>
<use>1</use>
<logicalDatatype>LOGDT011</logicalDatatype>
<ownDataTypeParameters>,,</ownDataTypeParameters>
</Attribute>
<Attribute name="Id" id="73AA0610-9A99-6F2E-E274-0D58A6DB749E">
<createdBy>Mateusz</createdBy>
<createdTime>2018-11-25 22:08:50 UTC</createdTime>
<generatorID>D0AE7CF5-CDBF-138D-762F-3D527CF3C92D</generatorID>
<ownerDesignName>BD2</ownerDesignName>
<engineerTo>
<item key="D693870B-D925-C7DA-034F-740661552A16" value="true"/>
</engineerTo>
<referedAttribute>C5F66DBC-5FBC-9516-A828-65898713F069</referedAttribute>
<useDomainConstraints>false</useDomainConstraints>
<use>1</use>
<logicalDatatype>LOGDT011</logicalDatatype>
<ownDataTypeParameters>,,</ownDataTypeParameters>
</Attribute>
</attributes>
<identifiers itemClass="oracle.dbtools.crest.model.design.logical.CandidateKey">
<identifier id="997D6CA4-9ACA-E1CB-6EF5-3B6C85044F1E" name="Osoba PK">
<createdBy>Mateusz</createdBy>
<createdTime>2018-11-17 09:50:50 UTC</createdTime>
<ownerDesignName>BD2</ownerDesignName>
<shouldEngineer>false</shouldEngineer>
<engineerTo>
<item key="D693870B-D925-C7DA-034F-740661552A16" value="false"/>
</engineerTo>
<pk>true</pk>
<usedAttributes>
<attributeRef>77E00DD4-0C1D-9409-FBF3-93D74A3F5136</attributeRef>
</usedAttributes>
</identifier>
</identifiers>
</Entity>