<?xml version = '1.0' encoding = 'UTF-8'?>
<Entity class="oracle.dbtools.crest.model.design.logical.Entity" directorySegmentName="seg_0" id="A48551E6-030C-70A2-A7C9-A5AFFAFAF204" name="Rezerwacja toru">
<createdBy>Mateusz</createdBy>
<createdTime>2018-11-16 19:33:33 UTC</createdTime>
<ownerDesignName>BD2</ownerDesignName>
<engineerTo>
<item key="D693870B-D925-C7DA-034F-740661552A16" value="true"/>
</engineerTo>
<adequatelyNormalized>NO</adequatelyNormalized>
<expectedVolumes>0</expectedVolumes>
<fwdEngineeringStrategyName>Single Table</fwdEngineeringStrategyName>
<growthPercent>0</growthPercent>
<growthType>Year</growthType>
<maxVolumes>9999999</maxVolumes>
<minVolumes>0</minVolumes>
<normalForm>Third</normalForm>
<attributes itemClass="oracle.dbtools.crest.model.design.logical.Attribute">
<Attribute name="Numer rezerwacji" id="44AACD66-E782-DA2F-6745-EA10E8238D9E">
<createdBy>Mateusz</createdBy>
<createdTime>2018-11-16 19:33:54 UTC</createdTime>
<ownerDesignName>BD2</ownerDesignName>
<engineerTo>
<item key="D693870B-D925-C7DA-034F-740661552A16" value="true"/>
</engineerTo>
<useDomainConstraints>false</useDomainConstraints>
<use>1</use>
<logicalDatatype>LOGDT011</logicalDatatype>
<ownDataTypeParameters>,,</ownDataTypeParameters>
</Attribute>
<Attribute name="Data" id="2E4EB83B-0159-ED08-4F00-CAD4B34C8F63">
<createdBy>Mateusz</createdBy>
<createdTime>2018-11-16 19:40:45 UTC</createdTime>
<ownerDesignName>BD2</ownerDesignName>
<engineerTo>
<item key="D693870B-D925-C7DA-034F-740661552A16" value="true"/>
</engineerTo>
<useDomainConstraints>false</useDomainConstraints>
<use>1</use>
<logicalDatatype>LOGDT007</logicalDatatype>
<ownDataTypeParameters>,,</ownDataTypeParameters>
</Attribute>
<Attribute name="Godzina" id="DD78125D-7957-103C-DAF7-2820B67885F8">
<createdBy>Mateusz</createdBy>
<createdTime>2018-11-16 19:41:03 UTC</createdTime>
<ownerDesignName>BD2</ownerDesignName>
<engineerTo>
<item key="D693870B-D925-C7DA-034F-740661552A16" value="true"/>
</engineerTo>
<useDomainConstraints>false</useDomainConstraints>
<use>1</use>
<logicalDatatype>LOGDT014</logicalDatatype>
<ownDataTypeParameters>,,</ownDataTypeParameters>
</Attribute>
<Attribute name="Numer toru" id="A51BC866-A1F2-5C7C-24BC-DC94EF56F410">
<createdBy>kamil</createdBy>
<createdTime>2018-11-17 11:30:13 UTC</createdTime>
<ownerDesignName>BD2</ownerDesignName>
<engineerTo>
<item key="D693870B-D925-C7DA-034F-740661552A16" value="true"/>
</engineerTo>
<useDomainConstraints>false</useDomainConstraints>
<use>1</use>
<logicalDatatype>LOGDT011</logicalDatatype>
<ownDataTypeParameters>,,</ownDataTypeParameters>
</Attribute>
<Attribute name="Status" id="4C96AA48-5473-4680-4B9E-FF4A34A11A8C">
<createdBy>kamil</createdBy>
<createdTime>2018-11-17 11:30:56 UTC</createdTime>
<ownerDesignName>BD2</ownerDesignName>
<engineerTo>
<item key="D693870B-D925-C7DA-034F-740661552A16" value="true"/>
</engineerTo>
<useDomainConstraints>false</useDomainConstraints>
<use>1</use>
<logicalDatatype>LOGDT006</logicalDatatype>
<dataTypeSize>1 BYTE</dataTypeSize>
<ownDataTypeParameters>1 BYTE,,</ownDataTypeParameters>
</Attribute>
<Attribute name="Numer obiektu" id="83B6A634-78AF-5466-4838-5CD59B282F86">
<createdBy>Mateusz</createdBy>
<createdTime>2018-11-16 20:01:06 UTC</createdTime>
<generatorID>96779C23-4853-18A1-BD1A-FBD171A79BD5</generatorID>
<ownerDesignName>BD2</ownerDesignName>
<engineerTo>
<item key="D693870B-D925-C7DA-034F-740661552A16" value="true"/>
</engineerTo>
<referedAttribute>5E1CBFCC-28CD-F68A-8808-13AC44AB375E</referedAttribute>
<useDomainConstraints>false</useDomainConstraints>
<use>1</use>
<logicalDatatype>LOGDT011</logicalDatatype>
<ownDataTypeParameters>,,</ownDataTypeParameters>
</Attribute>
<Attribute name="Numer klienta" id="FC529A8E-AFBD-A04D-5A5D-D1A0765D52AC">
<createdBy>kamil</createdBy>
<createdTime>2018-11-17 11:41:34 UTC</createdTime>
<generatorID>B6CD27E5-6686-71D2-DD77-C169F649B526</generatorID>
<ownerDesignName>BD2</ownerDesignName>
<engineerTo>
<item key="D693870B-D925-C7DA-034F-740661552A16" value="true"/>
</engineerTo>
<referedAttribute>FA7D99EC-3665-7045-18F0-75FF8ADDAC2E</referedAttribute>
<useDomainConstraints>false</useDomainConstraints>
<use>1</use>
<logicalDatatype>LOGDT011</logicalDatatype>
<ownDataTypeParameters>,,</ownDataTypeParameters>
</Attribute>
</attributes>
<identifiers itemClass="oracle.dbtools.crest.model.design.logical.CandidateKey">
<identifier id="B61DA158-B7F4-5378-6F39-7917969676C1" name="Rezerwacja toru PK">
<createdBy>Mateusz</createdBy>
<createdTime>2018-11-16 19:33:57 UTC</createdTime>
<ownerDesignName>BD2</ownerDesignName>
<engineerTo>
<item key="D693870B-D925-C7DA-034F-740661552A16" value="true"/>
</engineerTo>
<pk>true</pk>
<usedAttributes>
<attributeRef>44AACD66-E782-DA2F-6745-EA10E8238D9E</attributeRef>
</usedAttributes>
</identifier>
</identifiers>
</Entity>