<?xml version = '1.0' encoding = 'UTF-8'?>
<Entity class="oracle.dbtools.crest.model.design.logical.Entity" directorySegmentName="seg_0" id="A7D337A0-3E59-D8BC-6FF8-F7B1F5647DB9" name="Przeglad">
<createdBy>Mateusz</createdBy>
<createdTime>2018-11-17 09:37:59 UTC</createdTime>
<ownerDesignName>BD2</ownerDesignName>
<engineerTo>
<item key="D693870B-D925-C7DA-034F-740661552A16" value="true"/>
</engineerTo>
<adequatelyNormalized>NO</adequatelyNormalized>
<expectedVolumes>0</expectedVolumes>
<fwdEngineeringStrategyName>Single Table</fwdEngineeringStrategyName>
<growthPercent>0</growthPercent>
<growthType>Year</growthType>
<maxVolumes>9999999</maxVolumes>
<minVolumes>0</minVolumes>
<normalForm>Third</normalForm>
<attributes itemClass="oracle.dbtools.crest.model.design.logical.Attribute">
<Attribute name="Numer przegladu" id="A8A0CB98-D3BD-66BD-1FA2-77C00E9455A0">
<createdBy>Mateusz</createdBy>
<createdTime>2018-11-17 09:41:42 UTC</createdTime>
<ownerDesignName>BD2</ownerDesignName>
<engineerTo>
<item key="D693870B-D925-C7DA-034F-740661552A16" value="true"/>
</engineerTo>
<useDomainConstraints>false</useDomainConstraints>
<use>1</use>
<logicalDatatype>LOGDT011</logicalDatatype>
<ownDataTypeParameters>,,</ownDataTypeParameters>
</Attribute>
<Attribute name="Data" id="605B89D8-3285-D983-AF20-886CCEA14E70">
<createdBy>Mateusz</createdBy>
<createdTime>2018-11-17 09:41:59 UTC</createdTime>
<ownerDesignName>BD2</ownerDesignName>
<engineerTo>
<item key="D693870B-D925-C7DA-034F-740661552A16" value="true"/>
</engineerTo>
<useDomainConstraints>false</useDomainConstraints>
<use>1</use>
<logicalDatatype>LOGDT007</logicalDatatype>
<ownDataTypeParameters>,,</ownDataTypeParameters>
</Attribute>
<Attribute name="Numer obiektu" id="63CAFE50-DF06-21A9-CD31-0B6B614E67A6">
<createdBy>Mateusz</createdBy>
<createdTime>2018-11-17 10:36:00 UTC</createdTime>
<generatorID>819FA4E0-9E15-41EC-5D70-549E4E65F156</generatorID>
<ownerDesignName>BD2</ownerDesignName>
<engineerTo>
<item key="D693870B-D925-C7DA-034F-740661552A16" value="true"/>
</engineerTo>
<referedAttribute>5E1CBFCC-28CD-F68A-8808-13AC44AB375E</referedAttribute>
<useDomainConstraints>false</useDomainConstraints>
<use>1</use>
<logicalDatatype>LOGDT011</logicalDatatype>
<ownDataTypeParameters>,,</ownDataTypeParameters>
</Attribute>
</attributes>
<identifiers itemClass="oracle.dbtools.crest.model.design.logical.CandidateKey">
<identifier id="D0AC390F-0857-5361-A67E-85C07E5DE106" name="Przeglad PK">
<createdBy>Mateusz</createdBy>
<createdTime>2018-11-17 09:41:43 UTC</createdTime>
<ownerDesignName>BD2</ownerDesignName>
<engineerTo>
<item key="D693870B-D925-C7DA-034F-740661552A16" value="true"/>
</engineerTo>
<pk>true</pk>
<usedAttributes>
<attributeRef>A8A0CB98-D3BD-66BD-1FA2-77C00E9455A0</attributeRef>
</usedAttributes>
</identifier>
</identifiers>
</Entity>