<?xml version = '1.0' encoding = 'UTF-8'?>
<Entity class="oracle.dbtools.crest.model.design.logical.Entity" directorySegmentName="seg_0" id="CF3E3259-BCE8-6EAF-F3CC-A37DAFD996B7" name="Basen">
<createdBy>Mateusz</createdBy>
<createdTime>2018-11-16 18:28:05 UTC</createdTime>
<ownerDesignName>BD2</ownerDesignName>
<engineerTo>
<item key="63A824A8-F01B-54C7-D031-D7C96E517C6A" value="true"/>
</engineerTo>
<adequatelyNormalized>NO</adequatelyNormalized>
<expectedVolumes>0</expectedVolumes>
<fwdEngineeringStrategyName>Single Table</fwdEngineeringStrategyName>
<growthPercent>0</growthPercent>
<growthType>Year</growthType>
<maxVolumes>9999999</maxVolumes>
<minVolumes>0</minVolumes>
<normalForm>Third</normalForm>
<attributes itemClass="oracle.dbtools.crest.model.design.logical.Attribute">
<Attribute name="Numer obiektu" id="5E1CBFCC-28CD-F68A-8808-13AC44AB375E">
<createdBy>Mateusz</createdBy>
<createdTime>2018-11-16 18:28:43 UTC</createdTime>
<ownerDesignName>BD2</ownerDesignName>
<engineerTo>
<item key="63A824A8-F01B-54C7-D031-D7C96E517C6A" value="true"/>
</engineerTo>
<useDomainConstraints>false</useDomainConstraints>
<use>1</use>
<logicalDatatype>LOGDT011</logicalDatatype>
<ownDataTypeParameters>,,</ownDataTypeParameters>
</Attribute>
<Attribute name="Nazwa obiektu" id="2EDBB306-D943-6177-D0C2-C1615EAB907A">
<createdBy>Mateusz</createdBy>
<createdTime>2018-11-16 18:29:16 UTC</createdTime>
<ownerDesignName>BD2</ownerDesignName>
<engineerTo>
<item key="63A824A8-F01B-54C7-D031-D7C96E517C6A" value="true"/>
</engineerTo>
<useDomainConstraints>false</useDomainConstraints>
<use>1</use>
<logicalDatatype>A3A3C77D-0366-9768-FF89-1C25E56881C8</logicalDatatype>
<ownDataTypeParameters>,,</ownDataTypeParameters>
</Attribute>
<Attribute name="Liczba torow plywackich" id="5C3C8977-0CFD-8780-3FD9-41F29A0CB8C3">
<createdBy>Mateusz</createdBy>
<createdTime>2018-11-16 18:29:50 UTC</createdTime>
<ownerDesignName>BD2</ownerDesignName>
<engineerTo>
<item key="63A824A8-F01B-54C7-D031-D7C96E517C6A" value="true"/>
</engineerTo>
<useDomainConstraints>false</useDomainConstraints>
<use>1</use>
<logicalDatatype>LOGDT011</logicalDatatype>
<ownDataTypeParameters>,,</ownDataTypeParameters>
</Attribute>
<Attribute name="Miasto" id="99F82283-C836-6BED-F72A-B50573BA75D1">
<createdBy>Mateusz</createdBy>
<createdTime>2018-11-16 18:38:37 UTC</createdTime>
<ownerDesignName>BD2</ownerDesignName>
<engineerTo>
<item key="63A824A8-F01B-54C7-D031-D7C96E517C6A" value="true"/>
</engineerTo>
<nullsAllowed>true</nullsAllowed>
<useDomainConstraints>false</useDomainConstraints>
<use>1</use>
<logicalDatatype>A3A3C77D-0366-9768-FF89-1C25E56881C8</logicalDatatype>
<ownDataTypeParameters>,,</ownDataTypeParameters>
</Attribute>
<Attribute name="Ulica" id="8A8167E9-B737-1B4F-0FD2-1100A644A556">
<createdBy>Mateusz</createdBy>
<createdTime>2018-11-16 18:39:07 UTC</createdTime>
<ownerDesignName>BD2</ownerDesignName>
<engineerTo>
<item key="63A824A8-F01B-54C7-D031-D7C96E517C6A" value="true"/>
</engineerTo>
<nullsAllowed>true</nullsAllowed>
<useDomainConstraints>false</useDomainConstraints>
<use>1</use>
<logicalDatatype>A3A3C77D-0366-9768-FF89-1C25E56881C8</logicalDatatype>
<ownDataTypeParameters>,,</ownDataTypeParameters>
</Attribute>
</attributes>
<identifiers itemClass="oracle.dbtools.crest.model.design.logical.CandidateKey">
<identifier id="CD35A6D9-358B-7B3C-020C-4DBD250F9FC0" name="Basen PK">
<createdBy>Mateusz</createdBy>
<createdTime>2018-11-16 18:29:01 UTC</createdTime>
<ownerDesignName>BD2</ownerDesignName>
<engineerTo>
<item key="63A824A8-F01B-54C7-D031-D7C96E517C6A" value="true"/>
</engineerTo>
<pk>true</pk>
<usedAttributes>
<attributeRef>5E1CBFCC-28CD-F68A-8808-13AC44AB375E</attributeRef>
</usedAttributes>
</identifier>
</identifiers>
</Entity>