<?xml version = '1.0' encoding = 'UTF-8'?>
<Table class="oracle.dbtools.crest.model.design.relational.Table" directorySegmentName="seg_0" id="09ADC93F-97C8-FBB0-D410-740BF59D03C4" name="Pracownicy">
<createdBy>Kamil</createdBy>
<createdTime>2018-11-10 21:55:13 UTC</createdTime>
<generatorID>DB21EEAF-CCD9-E8B3-A054-B79B496A5CBF</generatorID>
<ownerDesignName>BD2</ownerDesignName>
<ordsAlias>pracownik</ordsAlias>
<allowColumnReorder>false</allowColumnReorder>
<existDependencyGenerateInDDl>true</existDependencyGenerateInDDl>
<parsed>true</parsed>
<columns itemClass="oracle.dbtools.crest.model.design.relational.Column">
<Column name="Numer_identyfikacyjny" id="8D862F3D-B6FF-04C7-084F-2F3164A655D8">
<createdBy>Kamil</createdBy>
<createdTime>2018-11-10 21:55:13 UTC</createdTime>
<generatorID>77E00DD4-0C1D-9409-FBF3-93D74A3F5136</generatorID>
<ownerDesignName>BD2</ownerDesignName>
<useDomainConstraints>false</useDomainConstraints>
<use>1</use>
<logicalDatatype>LOGDT011</logicalDatatype>
<ownDataTypeParameters>,,</ownDataTypeParameters>
<autoIncrementCycle>false</autoIncrementCycle>
</Column>
<Column name="Imie" id="0A94E199-D049-16E0-307D-87BE4A3E2A23">
<createdBy>Kamil</createdBy>
<createdTime>2018-11-10 21:55:13 UTC</createdTime>
<generatorID>A62A127D-135C-04EE-DAAA-B6793EEC3D25</generatorID>
<ownerDesignName>BD2</ownerDesignName>
<useDomainConstraints>false</useDomainConstraints>
<use>1</use>
<logicalDatatype>A3A3C77D-0366-9768-FF89-1C25E56881C8</logicalDatatype>
<ownDataTypeParameters>,,</ownDataTypeParameters>
<autoIncrementCycle>false</autoIncrementCycle>
</Column>
<Column name="Nazwisko" id="EA6FAB21-9BE0-5049-0758-C1A0B498916B">
<createdBy>Kamil</createdBy>
<createdTime>2018-11-10 21:55:13 UTC</createdTime>
<generatorID>ECE3F544-79FC-F7F0-804F-400042A87A07</generatorID>
<ownerDesignName>BD2</ownerDesignName>
<useDomainConstraints>false</useDomainConstraints>
<use>1</use>
<logicalDatatype>A3A3C77D-0366-9768-FF89-1C25E56881C8</logicalDatatype>
<ownDataTypeParameters>,,</ownDataTypeParameters>
<autoIncrementCycle>false</autoIncrementCycle>
</Column>
<Column name="Dodatek_do_pensji" id="9F7F023E-ACC7-3477-BAFD-3E22962E6348">
<createdBy>Kamil</createdBy>
<createdTime>2018-11-10 21:55:13 UTC</createdTime>
<generatorID>091F35FB-89F3-17C9-E929-9750F3F2FE08</generatorID>
<ownerDesignName>BD2</ownerDesignName>
<nullsAllowed>true</nullsAllowed>
<useDomainConstraints>false</useDomainConstraints>
<use>1</use>
<logicalDatatype>LOGDT011</logicalDatatype>
<ownDataTypeParameters>,,</ownDataTypeParameters>
<autoIncrementCycle>false</autoIncrementCycle>
</Column>
<Column name="Data_zatrudnienia" id="645D9C9B-6C3F-87DE-07C2-B262B12512EB">
<createdBy>Mateusz</createdBy>
<createdTime>2019-01-20 18:53:26 UTC</createdTime>
<ownerDesignName>BD2</ownerDesignName>
<useDomainConstraints>false</useDomainConstraints>
<use>1</use>
<logicalDatatype>LOGDT007</logicalDatatype>
<ownDataTypeParameters>,,</ownDataTypeParameters>
<autoIncrementCycle>false</autoIncrementCycle>
</Column>
<Column name="Data_zwolnienia" id="7B2A793A-122E-4775-A32D-16964454C3B5">
<createdBy>Mateusz</createdBy>
<createdTime>2019-01-20 18:54:08 UTC</createdTime>
<ownerDesignName>BD2</ownerDesignName>
<nullsAllowed>true</nullsAllowed>
<useDomainConstraints>false</useDomainConstraints>
<use>1</use>
<logicalDatatype>LOGDT007</logicalDatatype>
<ownDataTypeParameters>,,</ownDataTypeParameters>
<autoIncrementCycle>false</autoIncrementCycle>
</Column>
<Column name="Stanowiska_Numer_stanowiska" id="8B795996-18CC-6DB4-9EB3-CF4D9660F899">
<createdBy>Kamil</createdBy>
<createdTime>2018-11-10 21:55:13 UTC</createdTime>
<generatorID>9219766A-4DAA-D123-5235-1F326BA67F46</generatorID>
<ownerDesignName>BD2</ownerDesignName>
<useDomainConstraints>false</useDomainConstraints>
<use>1</use>
<logicalDatatype>LOGDT011</logicalDatatype>
<ownDataTypeParameters>,,</ownDataTypeParameters>
<previousColumn>false</previousColumn>
<autoIncrementCycle>false</autoIncrementCycle>
<associations>
<colAssociation fkAssociation="1A5FB29F-C39B-5917-CB7C-5407E022B69D" referredColumn="868E83DC-DADB-2FD0-7A33-87FA06A170F7"/>
</associations>
</Column>
<Column name="Baseny_Numer_obiektu" id="A6AC975E-576F-8F7B-0EB6-7EFE64FFF030">
<createdBy>Kamil</createdBy>
<createdTime>2018-11-10 21:55:13 UTC</createdTime>
<generatorID>AC6EE259-2D6D-AE3C-CE65-1C71595684CB</generatorID>
<ownerDesignName>BD2</ownerDesignName>
<useDomainConstraints>false</useDomainConstraints>
<use>1</use>
<logicalDatatype>LOGDT011</logicalDatatype>
<ownDataTypeParameters>,,</ownDataTypeParameters>
<previousColumn>false</previousColumn>
<autoIncrementCycle>false</autoIncrementCycle>
<associations>
<colAssociation fkAssociation="E1E5A5C9-5949-5B2A-DBA9-7FF8DCB5EB27" referredColumn="A2C1C9A2-E6B2-037A-97B0-28FABE59B141"/>
</associations>
</Column>
</columns>
<indexes itemClass="oracle.dbtools.crest.model.design.relational.Index">
<ind_PK_UK id="DEFACD7F-387F-5BD7-E267-4DB4FE4CB35C" name="Pracownicy_PK">
<createdBy>Kamil</createdBy>
<createdTime>2018-11-10 21:55:13 UTC</createdTime>
<generatorID>997D6CA4-9ACA-E1CB-6EF5-3B6C85044F1E</generatorID>
<ownerDesignName>BD2</ownerDesignName>
<pk>true</pk>
<indexState>Primary Constraint</indexState>
<isSurrogateKey>false</isSurrogateKey>
<indexColumnUsage>
<colUsage columnID="8D862F3D-B6FF-04C7-084F-2F3164A655D8"/>
</indexColumnUsage>
</ind_PK_UK>
<ind_PK_UK id="35CE58B6-5767-347B-5431-593389CE52D1" name="Pracownicy_Baseny_FK">
<createdBy>Kamil</createdBy>
<createdTime>2018-11-10 21:55:13 UTC</createdTime>
<generatorID>7BBB3C66-D3CC-5B0B-86A2-572C28644386</generatorID>
<ownerDesignName>BD2</ownerDesignName>
<indexState>Foreign Key</indexState>
<isSurrogateKey>false</isSurrogateKey>
<indexColumnUsage>
<colUsage columnID="A6AC975E-576F-8F7B-0EB6-7EFE64FFF030"/>
</indexColumnUsage>
</ind_PK_UK>
<ind_PK_UK id="5FC50C13-03F1-84F3-53C7-47308500DF78" name="Pracownicy_Stanowiska_FK">
<createdBy>Kamil</createdBy>
<createdTime>2018-11-10 21:55:13 UTC</createdTime>
<generatorID>FCD697A2-B6CF-8230-13F0-4DCEAD648303</generatorID>
<ownerDesignName>BD2</ownerDesignName>
<indexState>Foreign Key</indexState>
<isSurrogateKey>false</isSurrogateKey>
<indexColumnUsage>
<colUsage columnID="8B795996-18CC-6DB4-9EB3-CF4D9660F899"/>
</indexColumnUsage>
</ind_PK_UK>
</indexes>
</Table>