<?xml version = '1.0' encoding = 'UTF-8'?>
<Table class="oracle.dbtools.crest.model.design.relational.Table" directorySegmentName="seg_0" id="400EA509-1920-18C2-B514-97247FE66708" name="Uslugi">
<createdBy>Kamil</createdBy>
<createdTime>2018-11-10 21:55:13 UTC</createdTime>
<generatorID>DE532B82-7005-79A9-4E4F-EB09B93F08CF</generatorID>
<ownerDesignName>BD2</ownerDesignName>
<ordsAlias>usluga</ordsAlias>
<allowColumnReorder>false</allowColumnReorder>
<existDependencyGenerateInDDl>true</existDependencyGenerateInDDl>
<parsed>true</parsed>
<columns itemClass="oracle.dbtools.crest.model.design.relational.Column">
<Column name="Numer_uslugi" id="5AE5B0E2-A122-AA0B-117F-24E538A2DF84">
<createdBy>Kamil</createdBy>
<createdTime>2018-11-10 21:55:13 UTC</createdTime>
<generatorID>6BBC0ABB-983B-3898-2D60-00867F16EF71</generatorID>
<ownerDesignName>BD2</ownerDesignName>
<useDomainConstraints>false</useDomainConstraints>
<use>1</use>
<logicalDatatype>LOGDT011</logicalDatatype>
<ownDataTypeParameters>,,</ownDataTypeParameters>
<autoIncrementCycle>false</autoIncrementCycle>
</Column>
<Column name="Nazwa_uslugi" id="6C9B3458-3878-A5CC-2919-59D2B8F7F9C1">
<createdBy>Kamil</createdBy>
<createdTime>2018-11-10 21:55:13 UTC</createdTime>
<generatorID>120B4081-E869-26F5-6DBF-24C9D6ACA7BC</generatorID>
<ownerDesignName>BD2</ownerDesignName>
<useDomainConstraints>false</useDomainConstraints>
<use>1</use>
<logicalDatatype>A3A3C77D-0366-9768-FF89-1C25E56881C8</logicalDatatype>
<ownDataTypeParameters>,,</ownDataTypeParameters>
<autoIncrementCycle>false</autoIncrementCycle>
</Column>
<Column name="Cena" id="B5A17DB4-284D-7AED-3168-F1EA9CD613C2">
<createdBy>Kamil</createdBy>
<createdTime>2018-11-10 21:55:13 UTC</createdTime>
<generatorID>27BB9B57-2F01-02AB-873C-B0CCDEABD7DD</generatorID>
<ownerDesignName>BD2</ownerDesignName>
<useDomainConstraints>false</useDomainConstraints>
<use>1</use>
<logicalDatatype>LOGDT011</logicalDatatype>
<ownDataTypeParameters>,,</ownDataTypeParameters>
<autoIncrementCycle>false</autoIncrementCycle>
</Column>
<Column name="Baseny_Numer_obiektu" id="72B3063D-7D47-228F-055A-3AD67CEB78AD">
<createdBy>Kamil</createdBy>
<createdTime>2018-11-10 21:55:13 UTC</createdTime>
<generatorID>BE0F48DA-17B3-4E9A-CD19-4D6A7FD9DBB3</generatorID>
<ownerDesignName>BD2</ownerDesignName>
<useDomainConstraints>false</useDomainConstraints>
<use>1</use>
<logicalDatatype>LOGDT011</logicalDatatype>
<ownDataTypeParameters>,,</ownDataTypeParameters>
<previousColumn>false</previousColumn>
<autoIncrementCycle>false</autoIncrementCycle>
<associations>
<colAssociation fkAssociation="FDA73B33-6296-B9E8-C415-5906036E5E84" referredColumn="A2C1C9A2-E6B2-037A-97B0-28FABE59B141"/>
</associations>
</Column>
<Column name="Ogolne_Numer_uslugi" id="6ED2E87B-0BE8-5029-AAC4-35CBFC50F140">
<createdBy>Kamil</createdBy>
<createdTime>2018-11-10 21:55:13 UTC</createdTime>
<ownerDesignName>BD2</ownerDesignName>
<nullsAllowed>true</nullsAllowed>
<useDomainConstraints>false</useDomainConstraints>
<use>1</use>
<logicalDatatype>LOGDT011</logicalDatatype>
<ownDataTypeParameters>,,</ownDataTypeParameters>
<previousColumn>false</previousColumn>
<autoIncrementCycle>false</autoIncrementCycle>
<associations>
<colAssociation fkAssociation="493976CC-EDE7-2D4B-D974-592A0D9A2070" referredColumn="DDDB853B-95D5-463A-D10B-386006F7BC2F"/>
</associations>
</Column>
<Column name="Lokalne_Numer_uslugi" id="2CFC8424-C01E-26B3-B548-0A613D214688">
<createdBy>Kamil</createdBy>
<createdTime>2018-11-10 21:55:13 UTC</createdTime>
<ownerDesignName>BD2</ownerDesignName>
<nullsAllowed>true</nullsAllowed>
<useDomainConstraints>false</useDomainConstraints>
<use>1</use>
<logicalDatatype>LOGDT011</logicalDatatype>
<ownDataTypeParameters>,,</ownDataTypeParameters>
<previousColumn>false</previousColumn>
<autoIncrementCycle>false</autoIncrementCycle>
<associations>
<colAssociation fkAssociation="93FDC143-110E-68F8-0012-17B08733F931" referredColumn="7216B878-A7C3-6F4D-E2E5-B921707CF903"/>
</associations>
</Column>
</columns>
<indexes itemClass="oracle.dbtools.crest.model.design.relational.Index">
<ind_PK_UK id="3CF7BEA5-20F7-AB7A-4DFD-D284C3073954" name="Uslugi_PK">
<createdBy>Kamil</createdBy>
<createdTime>2018-11-10 21:55:13 UTC</createdTime>
<generatorID>D9940A4E-595C-B1FC-43CD-E0E456478197</generatorID>
<ownerDesignName>BD2</ownerDesignName>
<pk>true</pk>
<indexState>Primary Constraint</indexState>
<isSurrogateKey>false</isSurrogateKey>
<indexColumnUsage>
<colUsage columnID="5AE5B0E2-A122-AA0B-117F-24E538A2DF84"/>
</indexColumnUsage>
</ind_PK_UK>
<ind_PK_UK id="F4242ABF-3702-CD6C-191B-4378085E0568" name="Uslugi_Ogolne_FK">
<createdBy>Kamil</createdBy>
<createdTime>2018-11-10 21:55:13 UTC</createdTime>
<generatorID>1C04BEEB-FE19-BAF8-CE80-48AA4570F0DB</generatorID>
<ownerDesignName>BD2</ownerDesignName>
<indexState>Foreign Key</indexState>
<isSurrogateKey>false</isSurrogateKey>
<indexColumnUsage>
<colUsage columnID="6ED2E87B-0BE8-5029-AAC4-35CBFC50F140"/>
</indexColumnUsage>
</ind_PK_UK>
<ind_PK_UK id="015E679D-9555-ECAA-E19B-9B90F536B8D4" name="Uslugi_Lokalne_FK">
<createdBy>Kamil</createdBy>
<createdTime>2018-11-10 21:55:13 UTC</createdTime>
<generatorID>F0B9C125-0F1D-AB20-872A-5DF0F4317A57</generatorID>
<ownerDesignName>BD2</ownerDesignName>
<indexState>Foreign Key</indexState>
<isSurrogateKey>false</isSurrogateKey>
<indexColumnUsage>
<colUsage columnID="2CFC8424-C01E-26B3-B548-0A613D214688"/>
</indexColumnUsage>
</ind_PK_UK>
<ind_PK_UK id="EDBC4B6E-AC72-B671-15A3-830BADAD10D9" name="Uslugi_Baseny_FK">
<createdBy>Kamil</createdBy>
<createdTime>2018-11-10 21:55:13 UTC</createdTime>
<generatorID>0B0DD6C7-FAB6-7395-64CA-6D1B092691D4</generatorID>
<ownerDesignName>BD2</ownerDesignName>
<indexState>Foreign Key</indexState>
<isSurrogateKey>false</isSurrogateKey>
<indexColumnUsage>
<colUsage columnID="72B3063D-7D47-228F-055A-3AD67CEB78AD"/>
</indexColumnUsage>
</ind_PK_UK>
</indexes>
</Table>