<?xml version = '1.0' encoding = 'UTF-8'?>
<Table class="oracle.dbtools.crest.model.design.relational.Table" directorySegmentName="seg_0" id="43930685-E1F9-1E9C-7112-1B99AB6695C4" name="Dane_do_logowania">
<createdBy>Kamil</createdBy>
<createdTime>2018-11-10 21:55:13 UTC</createdTime>
<generatorID>E3702F44-48ED-8840-A26F-3C2EA4BE255D</generatorID>
<ownerDesignName>BD2</ownerDesignName>
<allowColumnReorder>false</allowColumnReorder>
<existDependencyGenerateInDDl>true</existDependencyGenerateInDDl>
<parsed>true</parsed>
<columns itemClass="oracle.dbtools.crest.model.design.relational.Column">
<Column name="Id" id="A38D64B2-150D-EFD5-BD98-C1921075EC62">
<createdBy>Kamil</createdBy>
<createdTime>2018-11-10 21:55:13 UTC</createdTime>
<generatorID>524372BE-65AB-AC11-1A0B-BF47236BD331</generatorID>
<ownerDesignName>BD2</ownerDesignName>
<useDomainConstraints>false</useDomainConstraints>
<use>1</use>
<logicalDatatype>LOGDT011</logicalDatatype>
<ownDataTypeParameters>,,</ownDataTypeParameters>
<autoIncrementCycle>false</autoIncrementCycle>
</Column>
<Column name="Login" id="8505401D-03ED-42A6-E8FA-F5322315970D">
<createdBy>Kamil</createdBy>
<createdTime>2018-11-10 21:55:13 UTC</createdTime>
<generatorID>138B60BB-69B4-80A5-CC01-2FDB5F9D8343</generatorID>
<ownerDesignName>BD2</ownerDesignName>
<useDomainConstraints>false</useDomainConstraints>
<use>1</use>
<logicalDatatype>A3A3C77D-0366-9768-FF89-1C25E56881C8</logicalDatatype>
<ownDataTypeParameters>,,</ownDataTypeParameters>
<autoIncrementCycle>false</autoIncrementCycle>
</Column>
<Column name="Haslo" id="DABEB9C7-95D0-0BCC-D9CB-48100C18A056">
<createdBy>Kamil</createdBy>
<createdTime>2018-11-10 21:55:13 UTC</createdTime>
<generatorID>6DF96A4F-4E89-ABBB-2A22-828245AFD3C0</generatorID>
<ownerDesignName>BD2</ownerDesignName>
<useDomainConstraints>false</useDomainConstraints>
<use>1</use>
<logicalDatatype>A3A3C77D-0366-9768-FF89-1C25E56881C8</logicalDatatype>
<ownDataTypeParameters>,,</ownDataTypeParameters>
<autoIncrementCycle>false</autoIncrementCycle>
</Column>
<Column name="Osoby_Numer_identyfikacyjny" id="412FF05C-9F11-B835-16A3-547A008E1ACE">
<createdBy>Kamil</createdBy>
<createdTime>2018-11-10 21:55:13 UTC</createdTime>
<generatorID>A36EB370-3B84-4F92-EA4A-FEC9BF5E7F20</generatorID>
<ownerDesignName>BD2</ownerDesignName>
<useDomainConstraints>false</useDomainConstraints>
<use>1</use>
<logicalDatatype>LOGDT011</logicalDatatype>
<ownDataTypeParameters>,,</ownDataTypeParameters>
<previousColumn>false</previousColumn>
<autoIncrementCycle>false</autoIncrementCycle>
<associations>
<colAssociation fkAssociation="F1AB53B2-24F3-0655-1B77-CFBEF67C3F23" referredColumn="0823D960-1EA0-F392-038B-88C391CDB8C2"/>
</associations>
</Column>
</columns>
<indexes itemClass="oracle.dbtools.crest.model.design.relational.Index">
<ind_PK_UK id="C0331C4F-9952-7D4E-DDB9-0FDB030A05B5" name="Dane_do_logowania_PK">
<createdBy>Kamil</createdBy>
<createdTime>2018-11-10 21:55:13 UTC</createdTime>
<generatorID>07AB9976-B97A-BA41-E54B-9156271EFA42</generatorID>
<ownerDesignName>BD2</ownerDesignName>
<pk>true</pk>
<indexState>Primary Constraint</indexState>
<isSurrogateKey>false</isSurrogateKey>
<indexColumnUsage>
<colUsage columnID="A38D64B2-150D-EFD5-BD98-C1921075EC62"/>
</indexColumnUsage>
</ind_PK_UK>
<ind_PK_UK id="E5D2E969-72BE-6B72-80F5-47EFFB211C9D" name="Dane_do_logowania__IDX">
<createdBy>Kamil</createdBy>
<createdTime>2018-11-10 21:55:13 UTC</createdTime>
<ownerDesignName>BD2</ownerDesignName>
<indexState>Unique Plain Index</indexState>
<isSurrogateKey>false</isSurrogateKey>
<relationGeneratorID>D0AE7CF5-CDBF-138D-762F-3D527CF3C92D</relationGeneratorID>
<indexColumnUsage>
<colUsage columnID="412FF05C-9F11-B835-16A3-547A008E1ACE"/>
</indexColumnUsage>
</ind_PK_UK>
<ind_PK_UK id="81D19C61-CB6A-3280-1112-CEE110A5C9D9" name="Dane_do_logowania_Osoby_FK">
<createdBy>Kamil</createdBy>
<createdTime>2018-11-10 21:55:13 UTC</createdTime>
<generatorID>D0AE7CF5-CDBF-138D-762F-3D527CF3C92D</generatorID>
<ownerDesignName>BD2</ownerDesignName>
<indexState>Foreign Key</indexState>
<isSurrogateKey>false</isSurrogateKey>
<indexColumnUsage>
<colUsage columnID="412FF05C-9F11-B835-16A3-547A008E1ACE"/>
</indexColumnUsage>
</ind_PK_UK>
</indexes>
</Table>