<?xml version = '1.0' encoding = 'UTF-8'?>
<Table class="oracle.dbtools.crest.model.design.relational.Table" directorySegmentName="seg_0" id="5003CF0B-0BEA-5114-0BB3-3A10B45299B3" name="Koszyki">
<createdBy>Kamil</createdBy>
<createdTime>2018-11-10 21:55:13 UTC</createdTime>
<generatorID>5CFB5DBA-4772-10E2-77AE-821D9B304FCA</generatorID>
<ownerDesignName>BD2</ownerDesignName>
<ordsAlias>koszyk</ordsAlias>
<allowColumnReorder>false</allowColumnReorder>
<existDependencyGenerateInDDl>true</existDependencyGenerateInDDl>
<parsed>true</parsed>
<columns itemClass="oracle.dbtools.crest.model.design.relational.Column">
<Column name="Transakcje_Numer_transakcji" id="A6B91395-9A8A-6560-426F-E3D73EFCA516">
<createdBy>Kamil</createdBy>
<createdTime>2018-11-10 21:55:13 UTC</createdTime>
<generatorID>A3966E43-AA73-8751-0AE0-4CB0A64D95D8</generatorID>
<ownerDesignName>BD2</ownerDesignName>
<useDomainConstraints>false</useDomainConstraints>
<use>1</use>
<logicalDatatype>LOGDT011</logicalDatatype>
<ownDataTypeParameters>,,</ownDataTypeParameters>
<previousColumn>false</previousColumn>
<autoIncrementCycle>false</autoIncrementCycle>
<associations>
<colAssociation fkAssociation="D23DD455-BB4B-6D15-5249-27D3BDBE66F1" referredColumn="7352C317-84C7-1540-B72A-8ED0B65AC724"/>
</associations>
</Column>
<Column name="Uslugi_Numer_uslugi" id="7E758324-4142-ADED-4278-7C361CA13387">
<createdBy>Kamil</createdBy>
<createdTime>2018-11-10 21:55:13 UTC</createdTime>
<generatorID>1019F7B1-6CBB-0D55-FA5F-C1F3DE8AB4DC</generatorID>
<ownerDesignName>BD2</ownerDesignName>
<useDomainConstraints>false</useDomainConstraints>
<use>1</use>
<logicalDatatype>LOGDT011</logicalDatatype>
<ownDataTypeParameters>,,</ownDataTypeParameters>
<previousColumn>false</previousColumn>
<autoIncrementCycle>false</autoIncrementCycle>
<associations>
<colAssociation fkAssociation="D5B73C46-DC91-47D3-9F7D-8E02515A9AA5" referredColumn="5AE5B0E2-A122-AA0B-117F-24E538A2DF84"/>
</associations>
</Column>
<Column name="Ilosc" id="55AB3BEE-8488-7390-1363-1F20CAF02746">
<createdBy>Kamil</createdBy>
<createdTime>2018-11-10 21:55:13 UTC</createdTime>
<generatorID>22F0F5B3-5C1C-F8F6-A058-B0BD133E34CB</generatorID>
<ownerDesignName>BD2</ownerDesignName>
<useDomainConstraints>false</useDomainConstraints>
<use>1</use>
<logicalDatatype>LOGDT011</logicalDatatype>
<ownDataTypeParameters>,,</ownDataTypeParameters>
<autoIncrementCycle>false</autoIncrementCycle>
</Column>
</columns>
<indexes itemClass="oracle.dbtools.crest.model.design.relational.Index">
<ind_PK_UK id="BCF5A41C-7433-E4C8-718D-C7404D3CF7A3" name="Koszyki_PK">
<createdBy>Kamil</createdBy>
<createdTime>2018-11-10 21:55:13 UTC</createdTime>
<generatorID>EAE3F36B-D2BF-45F4-0F40-189E44ED11DC</generatorID>
<ownerDesignName>BD2</ownerDesignName>
<pk>true</pk>
<indexState>Primary Constraint</indexState>
<isSurrogateKey>false</isSurrogateKey>
<indexColumnUsage>
<colUsage columnID="7E758324-4142-ADED-4278-7C361CA13387"/>
<colUsage columnID="A6B91395-9A8A-6560-426F-E3D73EFCA516"/>
</indexColumnUsage>
</ind_PK_UK>
<ind_PK_UK id="3794D582-5A58-751E-D8B5-F65E26B5FDE6" name="Koszyki__IDX">
<createdBy>Kamil</createdBy>
<createdTime>2018-12-10 12:11:14 UTC</createdTime>
<ownerDesignName>BD2</ownerDesignName>
<isSurrogateKey>false</isSurrogateKey>
<indexColumnUsage>
<colUsage columnID="A6B91395-9A8A-6560-426F-E3D73EFCA516"/>
</indexColumnUsage>
</ind_PK_UK>
<ind_PK_UK id="DE7E2E0E-C3F7-CE98-D0A5-FE128373E739" name="Koszyki_Uslugi_FK">
<createdBy>Kamil</createdBy>
<createdTime>2018-11-10 21:55:13 UTC</createdTime>
<generatorID>76898A5F-F74A-549D-2771-0ECB0D57D9AB</generatorID>
<ownerDesignName>BD2</ownerDesignName>
<indexState>Foreign Key</indexState>
<isSurrogateKey>false</isSurrogateKey>
<indexColumnUsage>
<colUsage columnID="7E758324-4142-ADED-4278-7C361CA13387"/>
</indexColumnUsage>
</ind_PK_UK>
<ind_PK_UK id="E0FB9B57-921F-14D2-7B24-3EED6C73EC7F" name="Koszyki_Transakcje_FK">
<createdBy>Kamil</createdBy>
<createdTime>2018-11-10 21:55:13 UTC</createdTime>
<generatorID>5C9132F7-6BDF-34E3-9703-DFB02933621F</generatorID>
<ownerDesignName>BD2</ownerDesignName>
<indexState>Foreign Key</indexState>
<isSurrogateKey>false</isSurrogateKey>
<indexColumnUsage>
<colUsage columnID="A6B91395-9A8A-6560-426F-E3D73EFCA516"/>
</indexColumnUsage>
</ind_PK_UK>
</indexes>
</Table>