<?xml version = '1.0' encoding = 'UTF-8'?>
<Table class="oracle.dbtools.crest.model.design.relational.Table" directorySegmentName="seg_0" id="706A8DBD-8EF2-89AE-EB8B-DC258CAABEEF" name="Rezerwacje_toru">
<createdBy>Kamil</createdBy>
<createdTime>2018-11-10 21:55:13 UTC</createdTime>
<generatorID>A48551E6-030C-70A2-A7C9-A5AFFAFAF204</generatorID>
<ownerDesignName>BD2</ownerDesignName>
<ordsAlias>rezerwacja_toru</ordsAlias>
<allowColumnReorder>false</allowColumnReorder>
<existDependencyGenerateInDDl>true</existDependencyGenerateInDDl>
<parsed>true</parsed>
<columns itemClass="oracle.dbtools.crest.model.design.relational.Column">
<Column name="Numer_rezerwacji" id="677FC439-E96E-8AA2-C1CF-4CF86D6695A6">
<createdBy>Kamil</createdBy>
<createdTime>2018-11-10 21:55:13 UTC</createdTime>
<generatorID>44AACD66-E782-DA2F-6745-EA10E8238D9E</generatorID>
<ownerDesignName>BD2</ownerDesignName>
<useDomainConstraints>false</useDomainConstraints>
<use>1</use>
<logicalDatatype>LOGDT011</logicalDatatype>
<ownDataTypeParameters>,,</ownDataTypeParameters>
<autoIncrementCycle>false</autoIncrementCycle>
</Column>
<Column name="Data" id="E29A51E4-3956-9001-0684-359C204022C3">
<createdBy>Kamil</createdBy>
<createdTime>2018-11-10 21:55:13 UTC</createdTime>
<generatorID>2E4EB83B-0159-ED08-4F00-CAD4B34C8F63</generatorID>
<ownerDesignName>BD2</ownerDesignName>
<useDomainConstraints>false</useDomainConstraints>
<use>1</use>
<logicalDatatype>LOGDT007</logicalDatatype>
<ownDataTypeParameters>,,</ownDataTypeParameters>
<autoIncrementCycle>false</autoIncrementCycle>
</Column>
<Column name="Godzina" id="C31762E4-54D8-EB17-2E0A-311B9C758E24">
<createdBy>Kamil</createdBy>
<createdTime>2018-11-10 21:55:13 UTC</createdTime>
<generatorID>DD78125D-7957-103C-DAF7-2820B67885F8</generatorID>
<ownerDesignName>BD2</ownerDesignName>
<useDomainConstraints>false</useDomainConstraints>
<use>1</use>
<logicalDatatype>LOGDT014</logicalDatatype>
<ownDataTypeParameters>,,</ownDataTypeParameters>
<autoIncrementCycle>false</autoIncrementCycle>
</Column>
<Column name="Numer_toru" id="C07E601E-BDC9-CBAB-3D7B-256FF4A82B71">
<createdBy>Kamil</createdBy>
<createdTime>2018-11-10 21:55:13 UTC</createdTime>
<generatorID>A51BC866-A1F2-5C7C-24BC-DC94EF56F410</generatorID>
<ownerDesignName>BD2</ownerDesignName>
<useDomainConstraints>false</useDomainConstraints>
<use>1</use>
<logicalDatatype>LOGDT011</logicalDatatype>
<ownDataTypeParameters>,,</ownDataTypeParameters>
<autoIncrementCycle>false</autoIncrementCycle>
</Column>
<Column name="Status" id="46059003-25C2-84CB-DFBE-1ECF1DA740C3">
<createdBy>Kamil</createdBy>
<createdTime>2018-11-10 21:55:13 UTC</createdTime>
<generatorID>4C96AA48-5473-4680-4B9E-FF4A34A11A8C</generatorID>
<ownerDesignName>BD2</ownerDesignName>
<useDomainConstraints>false</useDomainConstraints>
<use>1</use>
<logicalDatatype>LOGDT006</logicalDatatype>
<dataTypeSize>1 BYTE</dataTypeSize>
<ownDataTypeParameters>1 BYTE,,</ownDataTypeParameters>
<autoIncrementCycle>false</autoIncrementCycle>
</Column>
<Column name="Klienci_Numer_klienta" id="F91EF0AF-4C0E-61C4-3DFD-F905FFFE266A">
<createdBy>Kamil</createdBy>
<createdTime>2018-11-10 21:55:13 UTC</createdTime>
<generatorID>910828E7-803D-A47E-420F-A0A0CBAB0DEF</generatorID>
<ownerDesignName>BD2</ownerDesignName>
<useDomainConstraints>false</useDomainConstraints>
<use>1</use>
<logicalDatatype>LOGDT011</logicalDatatype>
<ownDataTypeParameters>,,</ownDataTypeParameters>
<previousColumn>false</previousColumn>
<autoIncrementCycle>false</autoIncrementCycle>
<associations>
<colAssociation fkAssociation="C1A7056E-DFBD-9EE7-5079-031E6C4B658D" referredColumn="B390031D-EBF1-6375-A865-4F8957C98083"/>
</associations>
</Column>
<Column name="Ogolne_Numer_uslugi" id="06D285E7-8121-63B7-49CC-1CDFCC57727D">
<createdBy>Kamil</createdBy>
<createdTime>2018-11-10 21:55:13 UTC</createdTime>
<generatorID>8F333092-725F-C779-9043-6A10AE661B4B</generatorID>
<ownerDesignName>BD2</ownerDesignName>
<useDomainConstraints>false</useDomainConstraints>
<use>1</use>
<logicalDatatype>LOGDT011</logicalDatatype>
<ownDataTypeParameters>,,</ownDataTypeParameters>
<previousColumn>false</previousColumn>
<autoIncrementCycle>false</autoIncrementCycle>
<associations>
<colAssociation fkAssociation="9B3D5C45-07A1-58D4-81C0-02EF37C43E9B" referredColumn="DDDB853B-95D5-463A-D10B-386006F7BC2F"/>
</associations>
</Column>
</columns>
<indexes itemClass="oracle.dbtools.crest.model.design.relational.Index">
<ind_PK_UK id="46FD33CF-1863-8789-6FD2-DE656A3AEB56" name="Rezerwacje_toru_PK">
<createdBy>Kamil</createdBy>
<createdTime>2018-11-10 21:55:13 UTC</createdTime>
<generatorID>B61DA158-B7F4-5378-6F39-7917969676C1</generatorID>
<ownerDesignName>BD2</ownerDesignName>
<pk>true</pk>
<indexState>Primary Constraint</indexState>
<isSurrogateKey>false</isSurrogateKey>
<indexColumnUsage>
<colUsage columnID="677FC439-E96E-8AA2-C1CF-4CF86D6695A6"/>
</indexColumnUsage>
</ind_PK_UK>
<ind_PK_UK id="E5E91766-D7C8-0A2A-8ACB-D3EA08F67522" name="Rezerwacje_toru_Klienci_FK">
<createdBy>Kamil</createdBy>
<createdTime>2018-11-10 21:55:13 UTC</createdTime>
<generatorID>F79E321F-8F21-4F6E-6322-BB340D99B39A</generatorID>
<ownerDesignName>BD2</ownerDesignName>
<indexState>Foreign Key</indexState>
<isSurrogateKey>false</isSurrogateKey>
<indexColumnUsage>
<colUsage columnID="F91EF0AF-4C0E-61C4-3DFD-F905FFFE266A"/>
</indexColumnUsage>
</ind_PK_UK>
<ind_PK_UK id="9A088391-8893-B146-C4D0-5328F4A5B935" name="Rezerwacje_toru_Ogolne_FK">
<createdBy>Kamil</createdBy>
<createdTime>2018-11-10 21:55:13 UTC</createdTime>
<generatorID>A26739F7-8241-8A04-3B37-686797558F0A</generatorID>
<ownerDesignName>BD2</ownerDesignName>
<indexState>Foreign Key</indexState>
<isSurrogateKey>false</isSurrogateKey>
<indexColumnUsage>
<colUsage columnID="06D285E7-8121-63B7-49CC-1CDFCC57727D"/>
</indexColumnUsage>
</ind_PK_UK>
</indexes>
</Table>