<?xml version = '1.0' encoding = 'UTF-8'?>
<Table class="oracle.dbtools.crest.model.design.relational.Table" directorySegmentName="seg_0" id="9BC5CC99-A947-1455-CB35-D50AED450F44" name="Audytorzy">
<createdBy>Kamil</createdBy>
<createdTime>2018-11-10 21:55:13 UTC</createdTime>
<generatorID>F269B2FB-2DF6-0749-960A-5DF45CB6DF19</generatorID>
<ownerDesignName>BD2</ownerDesignName>
<ordsAlias>audytor</ordsAlias>
<allowColumnReorder>false</allowColumnReorder>
<existDependencyGenerateInDDl>true</existDependencyGenerateInDDl>
<parsed>true</parsed>
<columns itemClass="oracle.dbtools.crest.model.design.relational.Column">
<Column name="Numer_identyfikacyjny" id="E5D54593-A5CF-6E94-E3F7-89AEA4DE40AB">
<createdBy>Kamil</createdBy>
<createdTime>2018-11-10 21:55:13 UTC</createdTime>
<generatorID>77E00DD4-0C1D-9409-FBF3-93D74A3F5136</generatorID>
<ownerDesignName>BD2</ownerDesignName>
<useDomainConstraints>false</useDomainConstraints>
<use>1</use>
<logicalDatatype>LOGDT011</logicalDatatype>
<ownDataTypeParameters>,,</ownDataTypeParameters>
<autoIncrementCycle>false</autoIncrementCycle>
</Column>
</columns>
<indexes itemClass="oracle.dbtools.crest.model.design.relational.Index">
<ind_PK_UK id="D65F599E-0084-F29A-4BC3-3E0974CB2ED1" name="Audytorzy_PK">
<createdBy>Kamil</createdBy>
<createdTime>2018-11-10 21:55:13 UTC</createdTime>
<generatorID>997D6CA4-9ACA-E1CB-6EF5-3B6C85044F1E</generatorID>
<ownerDesignName>BD2</ownerDesignName>
<pk>true</pk>
<indexState>Primary Constraint</indexState>
<isSurrogateKey>false</isSurrogateKey>
<indexColumnUsage>
<colUsage columnID="E5D54593-A5CF-6E94-E3F7-89AEA4DE40AB"/>
</indexColumnUsage>
</ind_PK_UK>
</indexes>
</Table>