<?xml version = '1.0' encoding = 'UTF-8'?>
<Table class="oracle.dbtools.crest.model.design.relational.Table" directorySegmentName="seg_0" id="9F2AC2C0-F6A5-2510-CBE1-BC93003C15AD" name="Uczestnicy_lekcji">
<createdBy>Kamil</createdBy>
<createdTime>2018-11-10 21:55:13 UTC</createdTime>
<ownerDesignName>BD2</ownerDesignName>
<ordsAlias>relation_19</ordsAlias>
<allowColumnReorder>false</allowColumnReorder>
<existDependencyGenerateInDDl>true</existDependencyGenerateInDDl>
<parsed>true</parsed>
<columns itemClass="oracle.dbtools.crest.model.design.relational.Column">
<Column name="Klienci_Numer_klienta" id="7D9F4DF1-924E-09FE-5DD2-E1255A69DE40">
<createdBy>Kamil</createdBy>
<createdTime>2018-11-10 21:55:13 UTC</createdTime>
<ownerDesignName>BD2</ownerDesignName>
<useDomainConstraints>false</useDomainConstraints>
<use>1</use>
<logicalDatatype>LOGDT011</logicalDatatype>
<ownDataTypeParameters>,,</ownDataTypeParameters>
<previousColumn>false</previousColumn>
<autoIncrementCycle>false</autoIncrementCycle>
<associations>
<colAssociation fkAssociation="74331633-FA83-1F6F-3BB8-837D5459BFD3" referredColumn="B390031D-EBF1-6375-A865-4F8957C98083"/>
</associations>
</Column>
<Column name="Lekcje_plywania_Numer_lekcji" id="7E20E54C-BB64-46DB-3BA0-EC738B61C949">
<createdBy>Kamil</createdBy>
<createdTime>2018-11-10 21:55:13 UTC</createdTime>
<ownerDesignName>BD2</ownerDesignName>
<useDomainConstraints>false</useDomainConstraints>
<use>1</use>
<logicalDatatype>LOGDT011</logicalDatatype>
<ownDataTypeParameters>,,</ownDataTypeParameters>
<previousColumn>false</previousColumn>
<autoIncrementCycle>false</autoIncrementCycle>
<associations>
<colAssociation fkAssociation="48A2509F-B561-0319-F170-9A74425EEBFA" referredColumn="509BC4AB-9266-4A74-422F-B3A32717ABF7"/>
</associations>
</Column>
</columns>
<indexes itemClass="oracle.dbtools.crest.model.design.relational.Index">
<ind_PK_UK id="F0A5C998-98DA-633C-932C-438BED9AEE39" name="Uczestnicy_lekcji_PK">
<createdBy>Kamil</createdBy>
<createdTime>2018-11-10 21:55:13 UTC</createdTime>
<ownerDesignName>BD2</ownerDesignName>
<pk>true</pk>
<indexState>Primary Constraint</indexState>
<isSurrogateKey>false</isSurrogateKey>
<indexColumnUsage>
<colUsage columnID="7D9F4DF1-924E-09FE-5DD2-E1255A69DE40"/>
<colUsage columnID="7E20E54C-BB64-46DB-3BA0-EC738B61C949"/>
</indexColumnUsage>
</ind_PK_UK>
<ind_PK_UK id="D42983DF-D275-7E0C-A3ED-1E8D2EF4A90C" name="Uczestnicy_lekcji__IDX">
<createdBy>Kamil</createdBy>
<createdTime>2018-12-10 12:12:22 UTC</createdTime>
<ownerDesignName>BD2</ownerDesignName>
<isSurrogateKey>false</isSurrogateKey>
<indexColumnUsage>
<colUsage columnID="7E20E54C-BB64-46DB-3BA0-EC738B61C949"/>
</indexColumnUsage>
</ind_PK_UK>
<ind_PK_UK id="C51230AA-B5CF-60A5-52C0-69820C1CE195" name="Uczestnicy_lekcji_Klienci_FK">
<createdBy>Kamil</createdBy>
<createdTime>2018-11-10 21:55:13 UTC</createdTime>
<generatorID>D2E8CB77-4223-F0E5-E390-9CB7997C6795</generatorID>
<ownerDesignName>BD2</ownerDesignName>
<indexState>Foreign Key</indexState>
<isSurrogateKey>false</isSurrogateKey>
<indexColumnUsage>
<colUsage columnID="7D9F4DF1-924E-09FE-5DD2-E1255A69DE40"/>
</indexColumnUsage>
</ind_PK_UK>
<ind_PK_UK id="C8ED8E9C-7D9F-899F-F575-7B82BEFB6D0A" name="Uczestnicy_lekcji_Lekcje_plywania_FK">
<createdBy>Kamil</createdBy>
<createdTime>2018-11-10 21:55:13 UTC</createdTime>
<generatorID>D2E8CB77-4223-F0E5-E390-9CB7997C6795</generatorID>
<ownerDesignName>BD2</ownerDesignName>
<indexState>Foreign Key</indexState>
<isSurrogateKey>false</isSurrogateKey>
<indexColumnUsage>
<colUsage columnID="7E20E54C-BB64-46DB-3BA0-EC738B61C949"/>
</indexColumnUsage>
</ind_PK_UK>
</indexes>
</Table>