<?xml version = '1.0' encoding = 'UTF-8'?>
<Table class="oracle.dbtools.crest.model.design.relational.Table" directorySegmentName="seg_0" id="CC3DE890-342B-85BB-7206-6D68E5290839" name="Dane_do_logowania_klienci">
<createdBy>Mateusz</createdBy>
<createdTime>2019-01-20 19:05:13 UTC</createdTime>
<ownerDesignName>BD2</ownerDesignName>
<ordsAlias>table_18</ordsAlias>
<allowColumnReorder>false</allowColumnReorder>
<existDependencyGenerateInDDl>true</existDependencyGenerateInDDl>
<parsed>true</parsed>
<columns itemClass="oracle.dbtools.crest.model.design.relational.Column">
<Column name="Id" id="B7D4ABD7-51E6-44AA-1BC8-868DEAD28A70">
<createdBy>Mateusz</createdBy>
<createdTime>2019-01-20 19:06:33 UTC</createdTime>
<ownerDesignName>BD2</ownerDesignName>
<useDomainConstraints>false</useDomainConstraints>
<use>1</use>
<logicalDatatype>LOGDT011</logicalDatatype>
<ownDataTypeParameters>,,</ownDataTypeParameters>
<autoIncrementCycle>false</autoIncrementCycle>
</Column>
<Column name="Login" id="E7A7A9AD-728C-5A6C-991E-C4D274BC4543">
<createdBy>Mateusz</createdBy>
<createdTime>2019-01-20 19:06:33 UTC</createdTime>
<ownerDesignName>BD2</ownerDesignName>
<useDomainConstraints>false</useDomainConstraints>
<use>1</use>
<logicalDatatype>A3A3C77D-0366-9768-FF89-1C25E56881C8</logicalDatatype>
<ownDataTypeParameters>,,</ownDataTypeParameters>
<autoIncrementCycle>false</autoIncrementCycle>
</Column>
<Column name="Haslo" id="60F4A7E5-C9C4-DF04-B759-99034D480E70">
<createdBy>Mateusz</createdBy>
<createdTime>2019-01-20 19:06:33 UTC</createdTime>
<ownerDesignName>BD2</ownerDesignName>
<useDomainConstraints>false</useDomainConstraints>
<use>1</use>
<logicalDatatype>A3A3C77D-0366-9768-FF89-1C25E56881C8</logicalDatatype>
<ownDataTypeParameters>,,</ownDataTypeParameters>
<autoIncrementCycle>false</autoIncrementCycle>
</Column>
<Column name="Klienci_Numer_klienta" id="FB5C7DCF-220E-91E1-F8A2-86E5B7AAB6BE">
<createdBy>Mateusz</createdBy>
<createdTime>2019-01-20 19:17:12 UTC</createdTime>
<ownerDesignName>BD2</ownerDesignName>
<useDomainConstraints>false</useDomainConstraints>
<use>1</use>
<logicalDatatype>LOGDT011</logicalDatatype>
<ownDataTypeParameters>,,</ownDataTypeParameters>
<previousColumn>false</previousColumn>
<autoIncrementCycle>false</autoIncrementCycle>
<associations>
<colAssociation fkAssociation="9B2BC493-4A2C-D8DC-FBBC-523334CC13E5" referredColumn="B390031D-EBF1-6375-A865-4F8957C98083"/>
</associations>
</Column>
</columns>
<indexes itemClass="oracle.dbtools.crest.model.design.relational.Index">
<ind_PK_UK id="B41FFE13-96A9-50AD-219F-E9F354DCA74D" name="Dane_do_logowania_klienci_PK">
<createdBy>Mateusz</createdBy>
<createdTime>2019-01-20 19:06:33 UTC</createdTime>
<ownerDesignName>BD2</ownerDesignName>
<pk>true</pk>
<indexState>Primary Constraint</indexState>
<isSurrogateKey>false</isSurrogateKey>
<indexColumnUsage>
<colUsage columnID="B7D4ABD7-51E6-44AA-1BC8-868DEAD28A70"/>
</indexColumnUsage>
</ind_PK_UK>
<ind_PK_UK id="C660A9CF-A1EE-BCF3-3160-BCAEC7913E08" name="Dane_do_logowania_klienci__IDX">
<createdBy>Mateusz</createdBy>
<createdTime>2019-01-20 19:58:23 UTC</createdTime>
<ownerDesignName>BD2</ownerDesignName>
<indexState>Unique Plain Index</indexState>
<isSurrogateKey>false</isSurrogateKey>
<indexColumnUsage>
<colUsage columnID="FB5C7DCF-220E-91E1-F8A2-86E5B7AAB6BE"/>
</indexColumnUsage>
</ind_PK_UK>
<ind_PK_UK id="0C7A556C-385A-CE25-39A0-EEBFDE2DA0D8" name="Dane_do_logowania_klienci_Klienci_FK">
<createdBy>Mateusz</createdBy>
<createdTime>2019-01-20 19:17:12 UTC</createdTime>
<generatorID>A4D72857-10B7-3208-2293-AC6FE3657A0F</generatorID>
<ownerDesignName>BD2</ownerDesignName>
<indexState>Foreign Key</indexState>
<isSurrogateKey>false</isSurrogateKey>
<indexColumnUsage>
<colUsage columnID="FB5C7DCF-220E-91E1-F8A2-86E5B7AAB6BE"/>
</indexColumnUsage>
</ind_PK_UK>
</indexes>
</Table>