<?xml version = '1.0' encoding = 'UTF-8'?>
<Table class="oracle.dbtools.crest.model.design.relational.Table" directorySegmentName="seg_0" id="D72C4A10-C53C-52D5-9B31-1A7471AED123" name="Lekcje_plywania">
<createdBy>Kamil</createdBy>
<createdTime>2018-11-10 21:55:13 UTC</createdTime>
<generatorID>55AE9785-060A-D1B2-3772-C723BF035B70</generatorID>
<ownerDesignName>BD2</ownerDesignName>
<ordsAlias>lekcja_plywania</ordsAlias>
<allowColumnReorder>false</allowColumnReorder>
<existDependencyGenerateInDDl>true</existDependencyGenerateInDDl>
<parsed>true</parsed>
<columns itemClass="oracle.dbtools.crest.model.design.relational.Column">
<Column name="Numer_lekcji" id="509BC4AB-9266-4A74-422F-B3A32717ABF7">
<createdBy>Kamil</createdBy>
<createdTime>2018-11-10 21:55:13 UTC</createdTime>
<generatorID>210C3632-6CA6-DEC2-DF49-8ED15A038686</generatorID>
<ownerDesignName>BD2</ownerDesignName>
<useDomainConstraints>false</useDomainConstraints>
<use>1</use>
<logicalDatatype>LOGDT011</logicalDatatype>
<ownDataTypeParameters>,,</ownDataTypeParameters>
<autoIncrementCycle>false</autoIncrementCycle>
</Column>
<Column name="Data" id="E5205C75-1749-2DA2-942A-DBE9C841BF0E">
<createdBy>Kamil</createdBy>
<createdTime>2018-11-10 21:55:13 UTC</createdTime>
<generatorID>30518108-1FE4-874B-8F8C-F5FB6CC33990</generatorID>
<ownerDesignName>BD2</ownerDesignName>
<useDomainConstraints>false</useDomainConstraints>
<use>1</use>
<logicalDatatype>LOGDT007</logicalDatatype>
<ownDataTypeParameters>,,</ownDataTypeParameters>
<autoIncrementCycle>false</autoIncrementCycle>
</Column>
<Column name="Godzina" id="4E187452-3BA5-CABE-F6EF-15E3DB19EB03">
<createdBy>Kamil</createdBy>
<createdTime>2018-11-10 21:55:13 UTC</createdTime>
<generatorID>1D896927-15A6-A899-85C8-447E61BC1A0A</generatorID>
<ownerDesignName>BD2</ownerDesignName>
<useDomainConstraints>false</useDomainConstraints>
<use>1</use>
<logicalDatatype>LOGDT014</logicalDatatype>
<ownDataTypeParameters>,,</ownDataTypeParameters>
<autoIncrementCycle>false</autoIncrementCycle>
</Column>
<Column name="Numer_ratownika" id="2DDF92B8-430D-E23C-01CB-A8214BD5A657">
<createdBy>Kamil</createdBy>
<createdTime>2018-11-10 21:55:13 UTC</createdTime>
<generatorID>7F67A63F-4394-654B-B3C6-85FA3FCEC3F2</generatorID>
<ownerDesignName>BD2</ownerDesignName>
<useDomainConstraints>false</useDomainConstraints>
<use>1</use>
<logicalDatatype>LOGDT011</logicalDatatype>
<ownDataTypeParameters>,,</ownDataTypeParameters>
<autoIncrementCycle>false</autoIncrementCycle>
</Column>
<Column name="Ogolne_Numer_uslugi" id="C382F5FD-0E5F-77AB-864F-7344613129A3">
<createdBy>Kamil</createdBy>
<createdTime>2018-11-10 21:55:13 UTC</createdTime>
<generatorID>0956642A-EA95-7010-E582-D7F3A60868E1</generatorID>
<ownerDesignName>BD2</ownerDesignName>
<useDomainConstraints>false</useDomainConstraints>
<use>1</use>
<logicalDatatype>LOGDT011</logicalDatatype>
<ownDataTypeParameters>,,</ownDataTypeParameters>
<previousColumn>false</previousColumn>
<autoIncrementCycle>false</autoIncrementCycle>
<associations>
<colAssociation fkAssociation="0467FAF9-247F-FB21-E666-7045BF7A7EC4" referredColumn="DDDB853B-95D5-463A-D10B-386006F7BC2F"/>
</associations>
</Column>
<Column name="Liczba_zapisanych_osob" id="9BABD169-21E8-06D2-F0FA-8973C1727A5E">
<createdBy>Kamil</createdBy>
<createdTime>2018-11-10 21:55:13 UTC</createdTime>
<generatorID>753D2B63-758D-25B1-0C25-5DA398B29AF4</generatorID>
<ownerDesignName>BD2</ownerDesignName>
<useDomainConstraints>false</useDomainConstraints>
<use>1</use>
<logicalDatatype>LOGDT011</logicalDatatype>
<ownDataTypeParameters>,,</ownDataTypeParameters>
<autoIncrementCycle>false</autoIncrementCycle>
</Column>
</columns>
<indexes itemClass="oracle.dbtools.crest.model.design.relational.Index">
<ind_PK_UK id="E85A88DF-30CB-008A-3F51-90E35F75EF8C" name="Lekcje_plywania_PK">
<createdBy>Kamil</createdBy>
<createdTime>2018-11-10 21:55:13 UTC</createdTime>
<generatorID>BCA32AF6-2F28-2B33-0CEB-BA37D2915362</generatorID>
<ownerDesignName>BD2</ownerDesignName>
<pk>true</pk>
<indexState>Primary Constraint</indexState>
<isSurrogateKey>false</isSurrogateKey>
<indexColumnUsage>
<colUsage columnID="509BC4AB-9266-4A74-422F-B3A32717ABF7"/>
</indexColumnUsage>
</ind_PK_UK>
<ind_PK_UK id="6F69F9EE-333D-5C0F-0CF5-F81BD1435EB7" name="Lekcje_plywania_Ogolne_FK">
<createdBy>Kamil</createdBy>
<createdTime>2018-11-10 21:55:13 UTC</createdTime>
<generatorID>F3297DDD-9B42-ACCE-CCE7-6C8E6A02A363</generatorID>
<ownerDesignName>BD2</ownerDesignName>
<indexState>Foreign Key</indexState>
<isSurrogateKey>false</isSurrogateKey>
<indexColumnUsage>
<colUsage columnID="C382F5FD-0E5F-77AB-864F-7344613129A3"/>
</indexColumnUsage>
</ind_PK_UK>
</indexes>
</Table>