<?xml version = '1.0' encoding = 'UTF-8'?>
<Table class="oracle.dbtools.crest.model.design.relational.Table" directorySegmentName="seg_0" id="DA02F692-0ACA-D3E6-BCD9-C8ADE15463F3" name="Przeglady">
<createdBy>Kamil</createdBy>
<createdTime>2018-11-10 21:55:13 UTC</createdTime>
<generatorID>A7D337A0-3E59-D8BC-6FF8-F7B1F5647DB9</generatorID>
<ownerDesignName>BD2</ownerDesignName>
<ordsAlias>przeglad</ordsAlias>
<allowColumnReorder>false</allowColumnReorder>
<existDependencyGenerateInDDl>true</existDependencyGenerateInDDl>
<parsed>true</parsed>
<columns itemClass="oracle.dbtools.crest.model.design.relational.Column">
<Column name="Numer_przegladu" id="45D1E15A-BF08-7A34-3B67-54D1F4EE97C0">
<createdBy>Kamil</createdBy>
<createdTime>2018-11-10 21:55:13 UTC</createdTime>
<generatorID>A8A0CB98-D3BD-66BD-1FA2-77C00E9455A0</generatorID>
<ownerDesignName>BD2</ownerDesignName>
<useDomainConstraints>false</useDomainConstraints>
<use>1</use>
<logicalDatatype>LOGDT011</logicalDatatype>
<ownDataTypeParameters>,,</ownDataTypeParameters>
<autoIncrementCycle>false</autoIncrementCycle>
</Column>
<Column name="Data" id="72E70BE4-4A11-426B-3C94-4B729CD56564">
<createdBy>Kamil</createdBy>
<createdTime>2018-11-10 21:55:13 UTC</createdTime>
<generatorID>605B89D8-3285-D983-AF20-886CCEA14E70</generatorID>
<ownerDesignName>BD2</ownerDesignName>
<useDomainConstraints>false</useDomainConstraints>
<use>1</use>
<logicalDatatype>LOGDT007</logicalDatatype>
<ownDataTypeParameters>,,</ownDataTypeParameters>
<autoIncrementCycle>false</autoIncrementCycle>
</Column>
<Column name="Baseny_Numer_obiektu" id="A7B75388-0A63-BF96-4180-3A3CB66875DF">
<createdBy>Kamil</createdBy>
<createdTime>2018-11-10 21:55:13 UTC</createdTime>
<generatorID>63CAFE50-DF06-21A9-CD31-0B6B614E67A6</generatorID>
<ownerDesignName>BD2</ownerDesignName>
<useDomainConstraints>false</useDomainConstraints>
<use>1</use>
<logicalDatatype>LOGDT011</logicalDatatype>
<ownDataTypeParameters>,,</ownDataTypeParameters>
<previousColumn>false</previousColumn>
<autoIncrementCycle>false</autoIncrementCycle>
<associations>
<colAssociation fkAssociation="B6D7D09D-C629-0947-4217-4EC82FB5DF1A" referredColumn="A2C1C9A2-E6B2-037A-97B0-28FABE59B141"/>
</associations>
</Column>
</columns>
<indexes itemClass="oracle.dbtools.crest.model.design.relational.Index">
<ind_PK_UK id="FCF3178E-6028-0F98-17AE-2DA8AFD16FD7" name="Przeglady_PK">
<createdBy>Kamil</createdBy>
<createdTime>2018-11-10 21:55:13 UTC</createdTime>
<generatorID>D0AC390F-0857-5361-A67E-85C07E5DE106</generatorID>
<ownerDesignName>BD2</ownerDesignName>
<pk>true</pk>
<indexState>Primary Constraint</indexState>
<isSurrogateKey>false</isSurrogateKey>
<indexColumnUsage>
<colUsage columnID="45D1E15A-BF08-7A34-3B67-54D1F4EE97C0"/>
</indexColumnUsage>
</ind_PK_UK>
<ind_PK_UK id="5C10C495-AB7C-993C-1736-5789AF40E4A0" name="Przeglady_Baseny_FK">
<createdBy>Kamil</createdBy>
<createdTime>2018-11-10 21:55:13 UTC</createdTime>
<generatorID>819FA4E0-9E15-41EC-5D70-549E4E65F156</generatorID>
<ownerDesignName>BD2</ownerDesignName>
<indexState>Foreign Key</indexState>
<isSurrogateKey>false</isSurrogateKey>
<indexColumnUsage>
<colUsage columnID="A7B75388-0A63-BF96-4180-3A3CB66875DF"/>
</indexColumnUsage>
</ind_PK_UK>
</indexes>
</Table>