<?xml version = '1.0' encoding = 'UTF-8'?>
<Table class="oracle.dbtools.crest.model.design.relational.Table" directorySegmentName="seg_0" id="E5E3A52F-9D5D-3A95-9796-48639489549B" name="Osoby">
<createdBy>Kamil</createdBy>
<createdTime>2018-11-10 21:55:13 UTC</createdTime>
<generatorID>861EC6AE-BA55-F210-B04B-D2B9DCF54581</generatorID>
<ownerDesignName>BD2</ownerDesignName>
<ordsAlias>osoba</ordsAlias>
<allowColumnReorder>false</allowColumnReorder>
<existDependencyGenerateInDDl>true</existDependencyGenerateInDDl>
<parsed>true</parsed>
<columns itemClass="oracle.dbtools.crest.model.design.relational.Column">
<Column name="Numer_identyfikacyjny" id="0823D960-1EA0-F392-038B-88C391CDB8C2">
<createdBy>Kamil</createdBy>
<createdTime>2018-11-10 21:55:13 UTC</createdTime>
<generatorID>77E00DD4-0C1D-9409-FBF3-93D74A3F5136</generatorID>
<ownerDesignName>BD2</ownerDesignName>
<useDomainConstraints>false</useDomainConstraints>
<use>1</use>
<logicalDatatype>LOGDT011</logicalDatatype>
<ownDataTypeParameters>,,</ownDataTypeParameters>
<autoIncrementCycle>false</autoIncrementCycle>
</Column>
<Column name="Audytorzy_Numer_id" id="31AB5964-9682-5DBF-5C2B-1BD7D4413582">
<createdBy>Kamil</createdBy>
<createdTime>2018-11-10 21:55:13 UTC</createdTime>
<ownerDesignName>BD2</ownerDesignName>
<nullsAllowed>true</nullsAllowed>
<useDomainConstraints>false</useDomainConstraints>
<use>1</use>
<logicalDatatype>LOGDT011</logicalDatatype>
<ownDataTypeParameters>,,</ownDataTypeParameters>
<previousColumn>false</previousColumn>
<autoIncrementCycle>false</autoIncrementCycle>
<associations>
<colAssociation fkAssociation="7C47343C-F20D-E66D-FE08-83CA381632E6" referredColumn="E5D54593-A5CF-6E94-E3F7-89AEA4DE40AB"/>
</associations>
</Column>
<Column name="Wlasciciele_Numer_id" id="566F7C73-7755-6D92-F575-B6918727114C">
<createdBy>Kamil</createdBy>
<createdTime>2018-11-10 21:55:13 UTC</createdTime>
<ownerDesignName>BD2</ownerDesignName>
<nullsAllowed>true</nullsAllowed>
<useDomainConstraints>false</useDomainConstraints>
<use>1</use>
<logicalDatatype>LOGDT011</logicalDatatype>
<ownDataTypeParameters>,,</ownDataTypeParameters>
<previousColumn>false</previousColumn>
<autoIncrementCycle>false</autoIncrementCycle>
<associations>
<colAssociation fkAssociation="9489DFC7-130A-3A22-87A2-8B50AB16033C" referredColumn="6978E9D0-EDF3-078D-A378-370E6908C6B0"/>
</associations>
</Column>
<Column name="Pracownicy_Numer_id" id="8800E0E1-7D1B-5263-6F3B-5724DCA951A0">
<createdBy>Kamil</createdBy>
<createdTime>2018-11-10 21:55:13 UTC</createdTime>
<ownerDesignName>BD2</ownerDesignName>
<nullsAllowed>true</nullsAllowed>
<useDomainConstraints>false</useDomainConstraints>
<use>1</use>
<logicalDatatype>LOGDT011</logicalDatatype>
<ownDataTypeParameters>,,</ownDataTypeParameters>
<previousColumn>false</previousColumn>
<autoIncrementCycle>false</autoIncrementCycle>
<associations>
<colAssociation fkAssociation="FE14438C-B467-928F-64B1-2D710D49DF8C" referredColumn="8D862F3D-B6FF-04C7-084F-2F3164A655D8"/>
</associations>
</Column>
</columns>
<indexes itemClass="oracle.dbtools.crest.model.design.relational.Index">
<ind_PK_UK id="D42837AE-286A-2C80-703D-AD9EE90AC07B" name="Osoby_PK">
<createdBy>Kamil</createdBy>
<createdTime>2018-11-10 21:55:13 UTC</createdTime>
<generatorID>997D6CA4-9ACA-E1CB-6EF5-3B6C85044F1E</generatorID>
<ownerDesignName>BD2</ownerDesignName>
<pk>true</pk>
<indexState>Primary Constraint</indexState>
<isSurrogateKey>false</isSurrogateKey>
<indexColumnUsage>
<colUsage columnID="0823D960-1EA0-F392-038B-88C391CDB8C2"/>
</indexColumnUsage>
</ind_PK_UK>
<ind_PK_UK id="28CE49AD-3B60-8489-8F3D-6537EE07873A" name="Osoby_Audytorzy_FK">
<createdBy>Kamil</createdBy>
<createdTime>2018-11-10 21:55:13 UTC</createdTime>
<generatorID>06B7FA53-13BA-6611-218B-AA77C3D386EF</generatorID>
<ownerDesignName>BD2</ownerDesignName>
<indexState>Foreign Key</indexState>
<isSurrogateKey>false</isSurrogateKey>
<indexColumnUsage>
<colUsage columnID="31AB5964-9682-5DBF-5C2B-1BD7D4413582"/>
</indexColumnUsage>
</ind_PK_UK>
<ind_PK_UK id="6B92E145-A98A-C8E3-1C58-F462B602DA48" name="Osoby_Wlasciciele_FK">
<createdBy>Kamil</createdBy>
<createdTime>2018-11-10 21:55:13 UTC</createdTime>
<generatorID>627B198B-8147-3E57-F76C-983195AE459A</generatorID>
<ownerDesignName>BD2</ownerDesignName>
<indexState>Foreign Key</indexState>
<isSurrogateKey>false</isSurrogateKey>
<indexColumnUsage>
<colUsage columnID="566F7C73-7755-6D92-F575-B6918727114C"/>
</indexColumnUsage>
</ind_PK_UK>
<ind_PK_UK id="EADA08AC-6192-AB9A-1F9A-810D5083FEC0" name="Osoby_Pracownicy_FK">
<createdBy>Kamil</createdBy>
<createdTime>2018-11-10 21:55:13 UTC</createdTime>
<generatorID>D9BF2584-4A29-F0CB-D01F-DCF2999FCB88</generatorID>
<ownerDesignName>BD2</ownerDesignName>
<indexState>Foreign Key</indexState>
<isSurrogateKey>false</isSurrogateKey>
<indexColumnUsage>
<colUsage columnID="8800E0E1-7D1B-5263-6F3B-5724DCA951A0"/>
</indexColumnUsage>
</ind_PK_UK>
</indexes>
</Table>