<?xml version = '1.0' encoding = 'UTF-8'?>
<FKArc class="oracle.dbtools.crest.model.design.relational.FKArc" directorySegmentName="seg_0" id="083DDE7A-41E3-715B-7DD0-7E8CE427ACAF" name="FKArc_1">
<createdBy>kamil</createdBy>
<createdTime>2018-11-28 19:34:05 UTC</createdTime>
<ownerDesignName>BD2</ownerDesignName>
<mandatory>true</mandatory>
<table>B46F979B-475C-9B27-BFA0-B789CFA18677</table>
<fkeys>
<fkeyID>BA22B8AE-592A-6DCF-4C56-1701CBAA8123</fkeyID>
<fkeyID>67C3387A-686C-2422-9516-E16D6355CC99</fkeyID>
<fkeyID>BC721DCA-E39A-A2FA-9778-D7CB137B1BDE</fkeyID>
</fkeys>
</FKArc>