<?xml version = '1.0' encoding = 'UTF-8'?>
<FKArc class="oracle.dbtools.crest.model.design.relational.FKArc" directorySegmentName="seg_0" id="46256A77-ACC2-C7A4-9D28-11FCB44C86E9" name="FKArc_6">
<createdBy>Mateusz</createdBy>
<createdTime>2018-12-05 13:59:35 UTC</createdTime>
<ownerDesignName>BD2</ownerDesignName>
<mandatory>true</mandatory>
<table>CC793198-E981-825F-3F8F-E5DF96E496D4</table>
<fkeys>
<fkeyID>8C99CE92-5BB2-2810-E79A-A74590D1AFCD</fkeyID>
<fkeyID>F14A436C-A59C-8F1C-E9C5-C011F7DABC92</fkeyID>
</fkeys>
</FKArc>