<?xml version = '1.0' encoding = 'UTF-8'?>
<FKArc class="oracle.dbtools.crest.model.design.relational.FKArc" directorySegmentName="seg_0" id="62B96922-8A2A-907E-992D-DCE97DDDC2AB" name="FKArc_5">
<createdBy>Mateusz</createdBy>
<createdTime>2018-12-05 13:59:35 UTC</createdTime>
<ownerDesignName>BD2</ownerDesignName>
<mandatory>true</mandatory>
<table>39C04967-86AD-95D1-5084-26937F38570F</table>
<fkeys>
<fkeyID>FD5FCA61-E30C-8141-2EF5-F93BE5D320E1</fkeyID>
<fkeyID>7AFF64F7-9B7C-FDF5-23B8-071038681988</fkeyID>
<fkeyID>2CD0E240-EA40-8A57-DEE5-B1D783F2775D</fkeyID>
</fkeys>
</FKArc>