<?xml version = '1.0' encoding = 'UTF-8'?>
<FKArc class="oracle.dbtools.crest.model.design.relational.FKArc" directorySegmentName="seg_0" id="C875DA9E-DD86-7965-5E14-13C5BDF94DA5" name="FKArc_2">
<createdBy>kamil</createdBy>
<createdTime>2018-11-28 19:34:05 UTC</createdTime>
<ownerDesignName>BD2</ownerDesignName>
<mandatory>true</mandatory>
<table>D618BBF3-BEEA-CD7C-7AF2-8561E414A5D1</table>
<fkeys>
<fkeyID>95B274AB-5CED-4261-D057-7843DD4A48BE</fkeyID>
<fkeyID>CA4F0D06-A572-3A91-FC7E-1F8287877585</fkeyID>
</fkeys>
</FKArc>