<?xml version = '1.0' encoding = 'UTF-8'?>
<InheritanceRelation class="oracle.dbtools.crest.model.design.logical.InheritanceRelation" name="Hierarchy_2" directorySegmentName="seg_0" id="627B198B-8147-3E57-F76C-983195AE459A">
<createdBy>Mateusz</createdBy>
<createdTime>2018-11-17 09:53:12 UTC</createdTime>
<ownerDesignName>BD2</ownerDesignName>
<engineerTo>
<item key="63A824A8-F01B-54C7-D031-D7C96E517C6A" value="true"/>
</engineerTo>
<identifying>false</identifying>
<nameOnSource>Super Type</nameOnSource>
<nameOnTarget>Sub Type</nameOnTarget>
<optionalSource>true</optionalSource>
<optionalTarget>true</optionalTarget>
<sourceEntity>861EC6AE-BA55-F210-B04B-D2B9DCF54581</sourceEntity>
<targetEntity>B04F9AE3-E739-3286-65A8-3815D951F9A8</targetEntity>
<transferable>true</transferable>
<deleteRule>NO ACTION</deleteRule>
</InheritanceRelation>