<?xml version = '1.0' encoding = 'UTF-8'?>
<InheritanceRelation class="oracle.dbtools.crest.model.design.logical.InheritanceRelation" name="Hierarchy_1" directorySegmentName="seg_0" id="D9BF2584-4A29-F0CB-D01F-DCF2999FCB88">
<createdBy>Mateusz</createdBy>
<createdTime>2018-11-17 09:47:41 UTC</createdTime>
<ownerDesignName>BD2</ownerDesignName>
<engineerTo>
<item key="705D2A43-1C89-F3A7-C517-E664DC6AC410" value="true"/>
</engineerTo>
<identifying>false</identifying>
<nameOnSource>Super Type</nameOnSource>
<nameOnTarget>Sub Type</nameOnTarget>
<optionalSource>true</optionalSource>
<optionalTarget>true</optionalTarget>
<sourceEntity>861EC6AE-BA55-F210-B04B-D2B9DCF54581</sourceEntity>
<targetEntity>DB21EEAF-CCD9-E8B3-A054-B79B496A5CBF</targetEntity>
<transferable>true</transferable>
<deleteRule>NO ACTION</deleteRule>
</InheritanceRelation>