<?xml version = '1.0' encoding = 'UTF-8'?>
<FKArc class="oracle.dbtools.crest.model.design.relational.FKArc" directorySegmentName="seg_0" id="AF807ED1-68E8-183F-6E2E-CD01F80BFADA" name="FKArc_1">
<createdBy>Kamil</createdBy>
<createdTime>2018-11-10 21:55:13 UTC</createdTime>
<ownerDesignName>BD2</ownerDesignName>
<mandatory>true</mandatory>
<table>E5E3A52F-9D5D-3A95-9796-48639489549B</table>
<fkeys>
<fkeyID>7C47343C-F20D-E66D-FE08-83CA381632E6</fkeyID>
<fkeyID>9489DFC7-130A-3A22-87A2-8B50AB16033C</fkeyID>
<fkeyID>FE14438C-B467-928F-64B1-2D710D49DF8C</fkeyID>
</fkeys>
</FKArc>