<?xml version = '1.0' encoding = 'UTF-8'?>
<FKArc class="oracle.dbtools.crest.model.design.relational.FKArc" directorySegmentName="seg_0" id="C680FD14-C661-8E32-7831-BF62A0F48CB6" name="FKArc_2">
<createdBy>Kamil</createdBy>
<createdTime>2018-11-10 21:55:13 UTC</createdTime>
<ownerDesignName>BD2</ownerDesignName>
<mandatory>true</mandatory>
<table>400EA509-1920-18C2-B514-97247FE66708</table>
<fkeys>
<fkeyID>493976CC-EDE7-2D4B-D974-592A0D9A2070</fkeyID>
<fkeyID>93FDC143-110E-68F8-0012-17B08733F931</fkeyID>
</fkeys>
</FKArc>