<?xml version = '1.0' encoding = 'UTF-8'?>
<Diagram class="oracle.dbtools.crest.swingui.logical.DPVLogical" name="Logical" id="A500AA2D-4D67-9AA6-EFDF-2ECFD0AC8F51">
<createdBy>Mateusz</createdBy>
<modifiedBy>Mateusz</modifiedBy>
<createdTime>2018-11-16 18:27:09 UTC</createdTime>
<autoRoute>false</autoRoute>
<boxInbox>true</boxInbox>
<showLegend>false</showLegend>
<showLabels>true</showLabels>
<showRelAttributes>false</showRelAttributes>
<gridEnabled>false</gridEnabled>
<showGrid>false</showGrid>
<diagramColor>-1</diagramColor>
<display>false</display>
<notation>1</notation>
<objectViews>
<OView class="oracle.dbtools.crest.swingui.logical.TVEntity" oid="1FA5F92C-0B21-192D-FF82-BBCED76049A6" otype="Entity" vid="FD2DAAC3-1FBF-A169-8E79-6B5068F34E1A">
<hideElementsInCurrentOnly>false</hideElementsInCurrentOnly>
<bounds x="418" y="98" width="139" height="57"/>
</OView>
<OView class="oracle.dbtools.crest.swingui.logical.TVEntity" oid="238BF286-861E-53BC-C682-E880C9808F25" otype="Entity" vid="A24A4A4E-6D84-F180-E1BB-BD13C20CA6A9">
<hideElementsInCurrentOnly>false</hideElementsInCurrentOnly>
<bounds x="1013" y="74" width="107" height="96"/>
</OView>
<OView class="oracle.dbtools.crest.swingui.logical.TVEntity" oid="473FDD05-DAD9-EF3A-CEBE-F6A382691A31" otype="Entity" vid="B5D91D47-0D45-3CE1-1331-1B31FB80279A">
<hideElementsInCurrentOnly>false</hideElementsInCurrentOnly>
<bounds x="990" y="354" width="158" height="72"/>
</OView>
<OView class="oracle.dbtools.crest.swingui.logical.TVEntity" oid="493C0EB5-0E1A-B19D-1A24-7C427918571A" otype="Entity" vid="8133249A-95B1-63B0-C09F-9EBD4F6DDB67">
<hideElementsInCurrentOnly>false</hideElementsInCurrentOnly>
<bounds x="20" y="102" width="114" height="61"/>
</OView>
<OView class="oracle.dbtools.crest.swingui.logical.TVEntity" oid="55AE9785-060A-D1B2-3772-C723BF035B70" otype="Entity" vid="E77E7868-C9B1-1575-59F6-5EB4EA1D1750">
<hideElementsInCurrentOnly>false</hideElementsInCurrentOnly>
<bounds x="690" y="142" width="168" height="93"/>
</OView>
<OView class="oracle.dbtools.crest.swingui.logical.TVEntity" oid="5CFB5DBA-4772-10E2-77AE-821D9B304FCA" otype="Entity" vid="C7E83E04-010B-B693-D8A5-8512BCD8DD1C">
<hideElementsInCurrentOnly>false</hideElementsInCurrentOnly>
<bounds x="216" y="97" width="89" height="72"/>
</OView>
<OView class="oracle.dbtools.crest.swingui.logical.TVEntity" oid="861EC6AE-BA55-F210-B04B-D2B9DCF54581" otype="Entity" vid="4C4E760C-757C-4A1C-6F56-0B7EA4871AE0">
<hideElementsInCurrentOnly>false</hideElementsInCurrentOnly>
<bounds x="693" y="292" width="163" height="286"/>
</OView>
<OView class="oracle.dbtools.crest.swingui.logical.TVEntity" oid="9838E8F8-F763-CDD9-919F-9AE91917DC8B" otype="Entity" vid="2D9592A6-EF08-36FE-39EA-C6416EEF541D">
<hideElementsInCurrentOnly>false</hideElementsInCurrentOnly>
<bounds x="418" y="173" width="139" height="56"/>
</OView>
<OView class="oracle.dbtools.crest.swingui.logical.TVEntity" oid="A48551E6-030C-70A2-A7C9-A5AFFAFAF204" otype="Entity" vid="BDC281E1-F974-3B6A-4AB6-CD1EB614CA01">
<hideElementsInCurrentOnly>false</hideElementsInCurrentOnly>
<bounds x="690" y="33" width="166" height="88"/>
</OView>
<OView class="oracle.dbtools.crest.swingui.logical.TVEntity" oid="A7D337A0-3E59-D8BC-6FF8-F7B1F5647DB9" otype="Entity" vid="51590D10-148E-9474-25A8-8350514189A4">
<hideElementsInCurrentOnly>false</hideElementsInCurrentOnly>
<bounds x="120" y="367" width="121" height="67"/>
</OView>
<OView class="oracle.dbtools.crest.swingui.logical.TVEntity" oid="B04F9AE3-E739-3286-65A8-3815D951F9A8" otype="Entity" vid="D64F7E24-37EE-59DB-AE2D-D485AA3A6F4C">
<hideElementsInCurrentOnly>false</hideElementsInCurrentOnly>
<bounds x="717" y="513" width="111" height="55"/>
</OView>
<OView class="oracle.dbtools.crest.swingui.logical.TVEntity" oid="CF3E3259-BCE8-6EAF-F3CC-A37DAFD996B7" otype="Entity" vid="448A73BB-1C6D-D473-7D67-8B4D4FA36A36">
<hideElementsInCurrentOnly>false</hideElementsInCurrentOnly>
<bounds x="412" y="346" width="145" height="103"/>
</OView>
<OView class="oracle.dbtools.crest.swingui.logical.TVEntity" oid="DB21EEAF-CCD9-E8B3-A054-B79B496A5CBF" otype="Entity" vid="0B7D0213-C5D8-89D0-ECCD-9C52E7A4BEAB">
<hideElementsInCurrentOnly>false</hideElementsInCurrentOnly>
<bounds x="712" y="354" width="120" height="79"/>
</OView>
<OView class="oracle.dbtools.crest.swingui.logical.TVEntity" oid="DE532B82-7005-79A9-4E4F-EB09B93F08CF" otype="Entity" vid="76EF08BC-BB9A-5690-0355-CE22432E534B">
<hideElementsInCurrentOnly>false</hideElementsInCurrentOnly>
<bounds x="408" y="23" width="159" height="223"/>
</OView>
<OView class="oracle.dbtools.crest.swingui.logical.TVEntity" oid="E3702F44-48ED-8840-A26F-3C2EA4BE255D" otype="Entity" vid="3C803E51-E958-2A30-5165-ADA35E18AE13">
<hideElementsInCurrentOnly>false</hideElementsInCurrentOnly>
<bounds x="424" y="486" width="123" height="74"/>
</OView>
<OView class="oracle.dbtools.crest.swingui.logical.TVEntity" oid="F269B2FB-2DF6-0749-960A-5DF45CB6DF19" otype="Entity" vid="9B61F395-7BC7-D3B8-3540-6A9250C1D0B4">
<hideElementsInCurrentOnly>false</hideElementsInCurrentOnly>
<bounds x="716" y="446" width="112" height="54"/>
</OView>
</objectViews>
<connectors>
<Connector class="oracle.dbtools.crest.swingui.logical.TVInheritanceRelation" oid="06B7FA53-13BA-6611-218B-AA77C3D386EF" otype="Hierarchy relation" vid_source="4C4E760C-757C-4A1C-6F56-0B7EA4871AE0" vid_target="9B61F395-7BC7-D3B8-3540-6A9250C1D0B4">
<hideElementsInCurrentOnly>false</hideElementsInCurrentOnly>
<backgroundColor>-65536</backgroundColor>
<lineWidth>1</lineWidth>
</Connector>
<Connector class="oracle.dbtools.crest.swingui.logical.TVRelation" oid="0B0DD6C7-FAB6-7395-64CA-6D1B092691D4" otype="Relation" vid_source="448A73BB-1C6D-D473-7D67-8B4D4FA36A36" vid_target="76EF08BC-BB9A-5690-0355-CE22432E534B">
<hideElementsInCurrentOnly>false</hideElementsInCurrentOnly>
<backgroundColor>-16777216</backgroundColor>
<lineWidth>1</lineWidth>
<sourceLabel class="oracle.dbtools.crest.model.design.Label">
<site>0</site>
<labelBounds x="484" y="320" width="55" height="20"/>
<noBackgroundColor>true</noBackgroundColor>
<noForegroundColor>true</noForegroundColor>
</sourceLabel>
<targetLabel class="oracle.dbtools.crest.model.design.Label">
<site>2</site>
<labelBounds x="484" y="272" width="111" height="20"/>
<noBackgroundColor>true</noBackgroundColor>
<noForegroundColor>true</noForegroundColor>
</targetLabel>
<points>
<point x="484" y="346"/>
<point x="484" y="246"/>
</points>
</Connector>
<Connector class="oracle.dbtools.crest.swingui.logical.TVInheritanceRelation" oid="1C04BEEB-FE19-BAF8-CE80-48AA4570F0DB" otype="Hierarchy relation" vid_source="76EF08BC-BB9A-5690-0355-CE22432E534B" vid_target="FD2DAAC3-1FBF-A169-8E79-6B5068F34E1A">
<hideElementsInCurrentOnly>false</hideElementsInCurrentOnly>
<backgroundColor>-65536</backgroundColor>
<lineWidth>1</lineWidth>
</Connector>
<Connector class="oracle.dbtools.crest.swingui.logical.TVRelation" oid="5C9132F7-6BDF-34E3-9703-DFB02933621F" otype="Relation" vid_source="8133249A-95B1-63B0-C09F-9EBD4F6DDB67" vid_target="C7E83E04-010B-B693-D8A5-8512BCD8DD1C">
<hideElementsInCurrentOnly>false</hideElementsInCurrentOnly>
<backgroundColor>-16777216</backgroundColor>
<lineWidth>1</lineWidth>
<sourceLabel class="oracle.dbtools.crest.model.design.Label">
<site>0</site>
<labelBounds x="144" y="112" width="52" height="20"/>
<noBackgroundColor>true</noBackgroundColor>
<noForegroundColor>true</noForegroundColor>
</sourceLabel>
<targetLabel class="oracle.dbtools.crest.model.design.Label">
<site>2</site>
<labelBounds x="156" y="135" width="54" height="20"/>
<noBackgroundColor>true</noBackgroundColor>
<noForegroundColor>true</noForegroundColor>
</targetLabel>
<points>
<point x="134" y="132"/>
<point x="216" y="132"/>
</points>
</Connector>
<Connector class="oracle.dbtools.crest.swingui.logical.TVInheritanceRelation" oid="627B198B-8147-3E57-F76C-983195AE459A" otype="Hierarchy relation" vid_source="4C4E760C-757C-4A1C-6F56-0B7EA4871AE0" vid_target="D64F7E24-37EE-59DB-AE2D-D485AA3A6F4C">
<hideElementsInCurrentOnly>false</hideElementsInCurrentOnly>
<backgroundColor>-65536</backgroundColor>
<lineWidth>1</lineWidth>
</Connector>
<Connector class="oracle.dbtools.crest.swingui.logical.TVRelation" oid="76898A5F-F74A-549D-2771-0ECB0D57D9AB" otype="Relation" vid_source="76EF08BC-BB9A-5690-0355-CE22432E534B" vid_target="C7E83E04-010B-B693-D8A5-8512BCD8DD1C">
<hideElementsInCurrentOnly>false</hideElementsInCurrentOnly>
<backgroundColor>-16777216</backgroundColor>
<lineWidth>1</lineWidth>
<sourceLabel class="oracle.dbtools.crest.model.design.Label">
<site>0</site>
<labelBounds x="364" y="113" width="38" height="20"/>
<noBackgroundColor>true</noBackgroundColor>
<noForegroundColor>true</noForegroundColor>
</sourceLabel>
<targetLabel class="oracle.dbtools.crest.model.design.Label">
<site>2</site>
<labelBounds x="315" y="136" width="69" height="20"/>
<noBackgroundColor>true</noBackgroundColor>
<noForegroundColor>true</noForegroundColor>
</targetLabel>
<points>
<point x="408" y="133"/>
<point x="305" y="133"/>
</points>
</Connector>
<Connector class="oracle.dbtools.crest.swingui.logical.TVRelation" oid="7BBB3C66-D3CC-5B0B-86A2-572C28644386" otype="Relation" vid_source="0B7D0213-C5D8-89D0-ECCD-9C52E7A4BEAB" vid_target="448A73BB-1C6D-D473-7D67-8B4D4FA36A36">
<hideElementsInCurrentOnly>false</hideElementsInCurrentOnly>
<backgroundColor>-16777216</backgroundColor>
<lineWidth>1</lineWidth>
<sourceLabel class="oracle.dbtools.crest.model.design.Label">
<site>0</site>
<labelBounds x="639" y="373" width="67" height="20"/>
<noBackgroundColor>true</noBackgroundColor>
<noForegroundColor>true</noForegroundColor>
</sourceLabel>
<targetLabel class="oracle.dbtools.crest.model.design.Label">
<site>2</site>
<labelBounds x="567" y="396" width="33" height="20"/>
<noBackgroundColor>true</noBackgroundColor>
<noForegroundColor>true</noForegroundColor>
</targetLabel>
<points>
<point x="712" y="393"/>
<point x="557" y="393"/>
</points>
</Connector>
<Connector class="oracle.dbtools.crest.swingui.logical.TVRelation" oid="819FA4E0-9E15-41EC-5D70-549E4E65F156" otype="Relation" vid_source="448A73BB-1C6D-D473-7D67-8B4D4FA36A36" vid_target="51590D10-148E-9474-25A8-8350514189A4">
<hideElementsInCurrentOnly>false</hideElementsInCurrentOnly>
<backgroundColor>-16777216</backgroundColor>
<lineWidth>1</lineWidth>
<sourceLabel class="oracle.dbtools.crest.model.design.Label">
<site>0</site>
<labelBounds x="373" y="380" width="33" height="20"/>
<noBackgroundColor>true</noBackgroundColor>
<noForegroundColor>true</noForegroundColor>
</sourceLabel>
<targetLabel class="oracle.dbtools.crest.model.design.Label">
<site>2</site>
<labelBounds x="251" y="403" width="136" height="20"/>
<noBackgroundColor>true</noBackgroundColor>
<noForegroundColor>true</noForegroundColor>
</targetLabel>
<points>
<point x="412" y="400"/>
<point x="241" y="400"/>
</points>
</Connector>
<Connector class="oracle.dbtools.crest.swingui.logical.TVRelation" oid="A26739F7-8241-8A04-3B37-686797558F0A" otype="Relation" vid_source="FD2DAAC3-1FBF-A169-8E79-6B5068F34E1A" vid_target="BDC281E1-F974-3B6A-4AB6-CD1EB614CA01">
<hideElementsInCurrentOnly>false</hideElementsInCurrentOnly>
<backgroundColor>-16777216</backgroundColor>
<lineWidth>1</lineWidth>
<points>
<point x="557" y="109"/>
<point x="690" y="109"/>
</points>
</Connector>
<Connector class="oracle.dbtools.crest.swingui.logical.TVRelation" oid="D0AE7CF5-CDBF-138D-762F-3D527CF3C92D" otype="Relation" vid_source="4C4E760C-757C-4A1C-6F56-0B7EA4871AE0" vid_target="3C803E51-E958-2A30-5165-ADA35E18AE13">
<hideElementsInCurrentOnly>false</hideElementsInCurrentOnly>
<backgroundColor>-16777216</backgroundColor>
<lineWidth>1</lineWidth>
<sourceLabel class="oracle.dbtools.crest.model.design.Label">
<site>0</site>
<labelBounds x="654" y="503" width="33" height="20"/>
<noBackgroundColor>true</noBackgroundColor>
<noForegroundColor>true</noForegroundColor>
</sourceLabel>
<targetLabel class="oracle.dbtools.crest.model.design.Label">
<site>2</site>
<labelBounds x="557" y="526" width="57" height="20"/>
<noBackgroundColor>true</noBackgroundColor>
<noForegroundColor>true</noForegroundColor>
</targetLabel>
<points>
<point x="693" y="523"/>
<point x="547" y="523"/>
</points>
</Connector>
<Connector class="oracle.dbtools.crest.swingui.logical.TVRelation" oid="D2E8CB77-4223-F0E5-E390-9CB7997C6795" otype="Relation" vid_source="A24A4A4E-6D84-F180-E1BB-BD13C20CA6A9" vid_target="E77E7868-C9B1-1575-59F6-5EB4EA1D1750">
<hideElementsInCurrentOnly>false</hideElementsInCurrentOnly>
<backgroundColor>-16777216</backgroundColor>
<lineWidth>1</lineWidth>
<sourceLabel class="oracle.dbtools.crest.model.design.Label">
<site>0</site>
<labelBounds x="974" y="136" width="33" height="20"/>
<noBackgroundColor>true</noBackgroundColor>
<noForegroundColor>true</noForegroundColor>
</sourceLabel>
<targetLabel class="oracle.dbtools.crest.model.design.Label">
<site>2</site>
<labelBounds x="868" y="159" width="136" height="20"/>
<noBackgroundColor>true</noBackgroundColor>
<noForegroundColor>true</noForegroundColor>
</targetLabel>
<points>
<point x="1013" y="156"/>
<point x="858" y="156"/>
</points>
</Connector>
<Connector class="oracle.dbtools.crest.swingui.logical.TVInheritanceRelation" oid="D9BF2584-4A29-F0CB-D01F-DCF2999FCB88" otype="Hierarchy relation" vid_source="4C4E760C-757C-4A1C-6F56-0B7EA4871AE0" vid_target="0B7D0213-C5D8-89D0-ECCD-9C52E7A4BEAB">
<hideElementsInCurrentOnly>false</hideElementsInCurrentOnly>
<backgroundColor>-65536</backgroundColor>
<lineWidth>1</lineWidth>
</Connector>
<Connector class="oracle.dbtools.crest.swingui.logical.TVInheritanceRelation" oid="F0B9C125-0F1D-AB20-872A-5DF0F4317A57" otype="Hierarchy relation" vid_source="76EF08BC-BB9A-5690-0355-CE22432E534B" vid_target="2D9592A6-EF08-36FE-39EA-C6416EEF541D">
<hideElementsInCurrentOnly>false</hideElementsInCurrentOnly>
<backgroundColor>-65536</backgroundColor>
<lineWidth>1</lineWidth>
</Connector>
<Connector class="oracle.dbtools.crest.swingui.logical.TVRelation" oid="F3297DDD-9B42-ACCE-CCE7-6C8E6A02A363" otype="Relation" vid_source="FD2DAAC3-1FBF-A169-8E79-6B5068F34E1A" vid_target="E77E7868-C9B1-1575-59F6-5EB4EA1D1750">
<hideElementsInCurrentOnly>false</hideElementsInCurrentOnly>
<backgroundColor>-16777216</backgroundColor>
<lineWidth>1</lineWidth>
<points>
<point x="557" y="148"/>
<point x="690" y="148"/>
</points>
</Connector>
<Connector class="oracle.dbtools.crest.swingui.logical.TVRelation" oid="F79E321F-8F21-4F6E-6322-BB340D99B39A" otype="Relation" vid_source="A24A4A4E-6D84-F180-E1BB-BD13C20CA6A9" vid_target="BDC281E1-F974-3B6A-4AB6-CD1EB614CA01">
<hideElementsInCurrentOnly>false</hideElementsInCurrentOnly>
<backgroundColor>-16777216</backgroundColor>
<lineWidth>1</lineWidth>
<sourceLabel class="oracle.dbtools.crest.model.design.Label">
<site>0</site>
<labelBounds x="974" y="77" width="33" height="20"/>
<noBackgroundColor>true</noBackgroundColor>
<noForegroundColor>true</noForegroundColor>
</sourceLabel>
<targetLabel class="oracle.dbtools.crest.model.design.Label">
<site>2</site>
<labelBounds x="866" y="100" width="136" height="20"/>
<noBackgroundColor>true</noBackgroundColor>
<noForegroundColor>true</noForegroundColor>
</targetLabel>
<points>
<point x="1013" y="97"/>
<point x="856" y="97"/>
</points>
</Connector>
<Connector class="oracle.dbtools.crest.swingui.logical.TVRelation" oid="FCD697A2-B6CF-8230-13F0-4DCEAD648303" otype="Relation" vid_source="0B7D0213-C5D8-89D0-ECCD-9C52E7A4BEAB" vid_target="B5D91D47-0D45-3CE1-1331-1B31FB80279A">
<hideElementsInCurrentOnly>false</hideElementsInCurrentOnly>
<backgroundColor>-16777216</backgroundColor>
<lineWidth>1</lineWidth>
<sourceLabel class="oracle.dbtools.crest.model.design.Label">
<site>0</site>
<labelBounds x="842" y="370" width="33" height="20"/>
<noBackgroundColor>true</noBackgroundColor>
<noForegroundColor>true</noForegroundColor>
</sourceLabel>
<points>
<point x="832" y="390"/>
<point x="990" y="390"/>
</points>
</Connector>
</connectors>
</Diagram>