<?xml version = '1.0' encoding = 'UTF-8'?>
<Diagram class="oracle.dbtools.crest.swingui.logical.DPVLogical" name="Logical" id="A500AA2D-4D67-9AA6-EFDF-2ECFD0AC8F51">
<createdBy>Mateusz</createdBy>
<modifiedBy>Mateusz</modifiedBy>
<createdTime>2018-11-16 18:27:09 UTC</createdTime>
<autoRoute>false</autoRoute>
<boxInbox>true</boxInbox>
<showLegend>false</showLegend>
<showLabels>true</showLabels>
<showRelAttributes>false</showRelAttributes>
<gridEnabled>false</gridEnabled>
<showGrid>false</showGrid>
<diagramColor>-1</diagramColor>
<display>false</display>
<notation>1</notation>
<objectViews>
<OView class="oracle.dbtools.crest.swingui.logical.TVEntity" oid="238BF286-861E-53BC-C682-E880C9808F25" otype="Entity" vid="A24A4A4E-6D84-F180-E1BB-BD13C20CA6A9">
<hideElementsInCurrentOnly>false</hideElementsInCurrentOnly>
<bounds x="273" y="14" width="107" height="118"/>
</OView>
<OView class="oracle.dbtools.crest.swingui.logical.TVEntity" oid="473FDD05-DAD9-EF3A-CEBE-F6A382691A31" otype="Entity" vid="B5D91D47-0D45-3CE1-1331-1B31FB80279A">
<hideElementsInCurrentOnly>false</hideElementsInCurrentOnly>
<bounds x="1015" y="258" width="158" height="72"/>
</OView>
<OView class="oracle.dbtools.crest.swingui.logical.TVEntity" oid="493C0EB5-0E1A-B19D-1A24-7C427918571A" otype="Entity" vid="8133249A-95B1-63B0-C09F-9EBD4F6DDB67">
<hideElementsInCurrentOnly>false</hideElementsInCurrentOnly>
<bounds x="26" y="45" width="114" height="61"/>
</OView>
<OView class="oracle.dbtools.crest.swingui.logical.TVEntity" oid="5CFB5DBA-4772-10E2-77AE-821D9B304FCA" otype="Entity" vid="C7E83E04-010B-B693-D8A5-8512BCD8DD1C">
<hideElementsInCurrentOnly>false</hideElementsInCurrentOnly>
<bounds x="39" y="265" width="89" height="72"/>
</OView>
<OView class="oracle.dbtools.crest.swingui.logical.TVEntity" oid="861EC6AE-BA55-F210-B04B-D2B9DCF54581" otype="Entity" vid="4C4E760C-757C-4A1C-6F56-0B7EA4871AE0">
<hideElementsInCurrentOnly>false</hideElementsInCurrentOnly>
<bounds x="764" y="168" width="163" height="270"/>
</OView>
<OView class="oracle.dbtools.crest.swingui.logical.TVEntity" oid="A48551E6-030C-70A2-A7C9-A5AFFAFAF204" otype="Entity" vid="BDC281E1-F974-3B6A-4AB6-CD1EB614CA01">
<hideElementsInCurrentOnly>false</hideElementsInCurrentOnly>
<bounds x="527" y="22" width="128" height="98"/>
</OView>
<OView class="oracle.dbtools.crest.swingui.logical.TVEntity" oid="A7D337A0-3E59-D8BC-6FF8-F7B1F5647DB9" otype="Entity" vid="51590D10-148E-9474-25A8-8350514189A4">
<hideElementsInCurrentOnly>false</hideElementsInCurrentOnly>
<bounds x="530" y="461" width="121" height="67"/>
</OView>
<OView class="oracle.dbtools.crest.swingui.logical.TVEntity" oid="B04F9AE3-E739-3286-65A8-3815D951F9A8" otype="Entity" vid="D64F7E24-37EE-59DB-AE2D-D485AA3A6F4C">
<hideElementsInCurrentOnly>false</hideElementsInCurrentOnly>
<bounds x="788" y="373" width="111" height="55"/>
</OView>
<OView class="oracle.dbtools.crest.swingui.logical.TVEntity" oid="CF3E3259-BCE8-6EAF-F3CC-A37DAFD996B7" otype="Entity" vid="448A73BB-1C6D-D473-7D67-8B4D4FA36A36">
<hideElementsInCurrentOnly>false</hideElementsInCurrentOnly>
<bounds x="520" y="247" width="145" height="103"/>
</OView>
<OView class="oracle.dbtools.crest.swingui.logical.TVEntity" oid="DB21EEAF-CCD9-E8B3-A054-B79B496A5CBF" otype="Entity" vid="0B7D0213-C5D8-89D0-ECCD-9C52E7A4BEAB">
<hideElementsInCurrentOnly>false</hideElementsInCurrentOnly>
<bounds x="783" y="279" width="120" height="79"/>
</OView>
<OView class="oracle.dbtools.crest.swingui.logical.TVEntity" oid="DE532B82-7005-79A9-4E4F-EB09B93F08CF" otype="Entity" vid="76EF08BC-BB9A-5690-0355-CE22432E534B">
<hideElementsInCurrentOnly>false</hideElementsInCurrentOnly>
<bounds x="270" y="454" width="108" height="84"/>
</OView>
<OView class="oracle.dbtools.crest.swingui.logical.TVEntity" oid="E3702F44-48ED-8840-A26F-3C2EA4BE255D" otype="Entity" vid="3C803E51-E958-2A30-5165-ADA35E18AE13">
<hideElementsInCurrentOnly>false</hideElementsInCurrentOnly>
<bounds x="779" y="22" width="123" height="62"/>
</OView>
<OView class="oracle.dbtools.crest.swingui.logical.TVEntity" oid="F269B2FB-2DF6-0749-960A-5DF45CB6DF19" otype="Entity" vid="9B61F395-7BC7-D3B8-3540-6A9250C1D0B4">
<hideElementsInCurrentOnly>false</hideElementsInCurrentOnly>
<bounds x="787" y="212" width="112" height="54"/>
</OView>
</objectViews>
<connectors>
<Connector class="oracle.dbtools.crest.swingui.logical.TVInheritanceRelation" oid="06B7FA53-13BA-6611-218B-AA77C3D386EF" otype="Hierarchy relation" vid_source="4C4E760C-757C-4A1C-6F56-0B7EA4871AE0" vid_target="9B61F395-7BC7-D3B8-3540-6A9250C1D0B4">
<hideElementsInCurrentOnly>false</hideElementsInCurrentOnly>
<backgroundColor>-65536</backgroundColor>
<lineWidth>1</lineWidth>
</Connector>
<Connector class="oracle.dbtools.crest.swingui.logical.TVRelation" oid="0B0DD6C7-FAB6-7395-64CA-6D1B092691D4" otype="Relation" vid_source="448A73BB-1C6D-D473-7D67-8B4D4FA36A36" vid_target="76EF08BC-BB9A-5690-0355-CE22432E534B">
<hideElementsInCurrentOnly>false</hideElementsInCurrentOnly>
<backgroundColor>-16777216</backgroundColor>
<lineWidth>1</lineWidth>
<sourceLabel class="oracle.dbtools.crest.model.design.Label">
<site>0</site>
<labelBounds x="522" y="376" width="55" height="20"/>
<noBackgroundColor>true</noBackgroundColor>
<noForegroundColor>true</noForegroundColor>
</sourceLabel>
<targetLabel class="oracle.dbtools.crest.model.design.Label">
<site>2</site>
<labelBounds x="388" y="456" width="111" height="20"/>
<noBackgroundColor>true</noBackgroundColor>
<noForegroundColor>true</noForegroundColor>
</targetLabel>
<points>
<point x="522" y="350"/>
<point x="378" y="456"/>
</points>
</Connector>
<Connector class="oracle.dbtools.crest.swingui.logical.TVRelation" oid="1E253BDB-2D32-17C6-75D0-1AF3E8D396EA" otype="Relation" vid_source="A24A4A4E-6D84-F180-E1BB-BD13C20CA6A9" vid_target="8133249A-95B1-63B0-C09F-9EBD4F6DDB67">
<hideElementsInCurrentOnly>false</hideElementsInCurrentOnly>
<backgroundColor>-16777216</backgroundColor>
<lineWidth>1</lineWidth>
<sourceLabel class="oracle.dbtools.crest.model.design.Label">
<site>0</site>
<labelBounds x="215" y="55" width="52" height="20"/>
<noBackgroundColor>true</noBackgroundColor>
<noForegroundColor>true</noForegroundColor>
</sourceLabel>
<targetLabel class="oracle.dbtools.crest.model.design.Label">
<site>2</site>
<labelBounds x="150" y="78" width="108" height="20"/>
<noBackgroundColor>true</noBackgroundColor>
<noForegroundColor>true</noForegroundColor>
</targetLabel>
<points>
<point x="273" y="75"/>
<point x="140" y="75"/>
</points>
</Connector>
<Connector class="oracle.dbtools.crest.swingui.logical.TVRelation" oid="5C9132F7-6BDF-34E3-9703-DFB02933621F" otype="Relation" vid_source="8133249A-95B1-63B0-C09F-9EBD4F6DDB67" vid_target="C7E83E04-010B-B693-D8A5-8512BCD8DD1C">
<hideElementsInCurrentOnly>false</hideElementsInCurrentOnly>
<backgroundColor>-16777216</backgroundColor>
<lineWidth>1</lineWidth>
<sourceLabel class="oracle.dbtools.crest.model.design.Label">
<site>0</site>
<labelBounds x="83" y="140" width="52" height="20"/>
<noBackgroundColor>true</noBackgroundColor>
<noForegroundColor>true</noForegroundColor>
</sourceLabel>
<targetLabel class="oracle.dbtools.crest.model.design.Label">
<site>2</site>
<labelBounds x="83" y="239" width="54" height="20"/>
<noBackgroundColor>true</noBackgroundColor>
<noForegroundColor>true</noForegroundColor>
</targetLabel>
<points>
<point x="83" y="106"/>
<point x="83" y="265"/>
</points>
</Connector>
<Connector class="oracle.dbtools.crest.swingui.logical.TVInheritanceRelation" oid="627B198B-8147-3E57-F76C-983195AE459A" otype="Hierarchy relation" vid_source="4C4E760C-757C-4A1C-6F56-0B7EA4871AE0" vid_target="D64F7E24-37EE-59DB-AE2D-D485AA3A6F4C">
<hideElementsInCurrentOnly>false</hideElementsInCurrentOnly>
<backgroundColor>-65536</backgroundColor>
<lineWidth>1</lineWidth>
</Connector>
<Connector class="oracle.dbtools.crest.swingui.logical.TVRelation" oid="76898A5F-F74A-549D-2771-0ECB0D57D9AB" otype="Relation" vid_source="76EF08BC-BB9A-5690-0355-CE22432E534B" vid_target="C7E83E04-010B-B693-D8A5-8512BCD8DD1C">
<hideElementsInCurrentOnly>false</hideElementsInCurrentOnly>
<backgroundColor>-16777216</backgroundColor>
<lineWidth>1</lineWidth>
<sourceLabel class="oracle.dbtools.crest.model.design.Label">
<site>0</site>
<labelBounds x="272" y="428" width="38" height="20"/>
<noBackgroundColor>true</noBackgroundColor>
<noForegroundColor>true</noForegroundColor>
</sourceLabel>
<targetLabel class="oracle.dbtools.crest.model.design.Label">
<site>2</site>
<labelBounds x="127" y="363" width="69" height="20"/>
<noBackgroundColor>true</noBackgroundColor>
<noForegroundColor>true</noForegroundColor>
</targetLabel>
<points>
<point x="272" y="454"/>
<point x="127" y="337"/>
</points>
</Connector>
<Connector class="oracle.dbtools.crest.swingui.logical.TVRelation" oid="7BBB3C66-D3CC-5B0B-86A2-572C28644386" otype="Relation" vid_source="0B7D0213-C5D8-89D0-ECCD-9C52E7A4BEAB" vid_target="448A73BB-1C6D-D473-7D67-8B4D4FA36A36">
<hideElementsInCurrentOnly>false</hideElementsInCurrentOnly>
<backgroundColor>-16777216</backgroundColor>
<lineWidth>1</lineWidth>
<sourceLabel class="oracle.dbtools.crest.model.design.Label">
<site>0</site>
<labelBounds x="710" y="294" width="67" height="20"/>
<noBackgroundColor>true</noBackgroundColor>
<noForegroundColor>true</noForegroundColor>
</sourceLabel>
<targetLabel class="oracle.dbtools.crest.model.design.Label">
<site>2</site>
<labelBounds x="675" y="317" width="33" height="20"/>
<noBackgroundColor>true</noBackgroundColor>
<noForegroundColor>true</noForegroundColor>
</targetLabel>
<points>
<point x="783" y="314"/>
<point x="665" y="314"/>
</points>
</Connector>
<Connector class="oracle.dbtools.crest.swingui.logical.TVRelation" oid="819FA4E0-9E15-41EC-5D70-549E4E65F156" otype="Relation" vid_source="448A73BB-1C6D-D473-7D67-8B4D4FA36A36" vid_target="51590D10-148E-9474-25A8-8350514189A4">
<hideElementsInCurrentOnly>false</hideElementsInCurrentOnly>
<backgroundColor>-16777216</backgroundColor>
<lineWidth>1</lineWidth>
<sourceLabel class="oracle.dbtools.crest.model.design.Label">
<site>0</site>
<labelBounds x="590" y="392" width="33" height="20"/>
<noBackgroundColor>true</noBackgroundColor>
<noForegroundColor>true</noForegroundColor>
</sourceLabel>
<targetLabel class="oracle.dbtools.crest.model.design.Label">
<site>2</site>
<labelBounds x="590" y="435" width="146" height="20"/>
<noBackgroundColor>true</noBackgroundColor>
<noForegroundColor>true</noForegroundColor>
</targetLabel>
<points>
<point x="590" y="350"/>
<point x="590" y="461"/>
</points>
</Connector>
<Connector class="oracle.dbtools.crest.swingui.logical.TVRelation" oid="96779C23-4853-18A1-BD1A-FBD171A79BD5" otype="Relation" vid_source="448A73BB-1C6D-D473-7D67-8B4D4FA36A36" vid_target="BDC281E1-F974-3B6A-4AB6-CD1EB614CA01">
<hideElementsInCurrentOnly>false</hideElementsInCurrentOnly>
<backgroundColor>-16777216</backgroundColor>
<lineWidth>1</lineWidth>
<sourceLabel class="oracle.dbtools.crest.model.design.Label">
<site>0</site>
<labelBounds x="591" y="197" width="33" height="20"/>
<noBackgroundColor>true</noBackgroundColor>
<noForegroundColor>true</noForegroundColor>
</sourceLabel>
<targetLabel class="oracle.dbtools.crest.model.design.Label">
<site>2</site>
<labelBounds x="591" y="146" width="136" height="20"/>
<noBackgroundColor>true</noBackgroundColor>
<noForegroundColor>true</noForegroundColor>
</targetLabel>
<points>
<point x="591" y="247"/>
<point x="591" y="120"/>
</points>
</Connector>
<Connector class="oracle.dbtools.crest.swingui.logical.TVRelation" oid="B6CD27E5-6686-71D2-DD77-C169F649B526" otype="Relation" vid_source="A24A4A4E-6D84-F180-E1BB-BD13C20CA6A9" vid_target="BDC281E1-F974-3B6A-4AB6-CD1EB614CA01">
<hideElementsInCurrentOnly>false</hideElementsInCurrentOnly>
<backgroundColor>-16777216</backgroundColor>
<lineWidth>1</lineWidth>
<sourceLabel class="oracle.dbtools.crest.model.design.Label">
<site>0</site>
<labelBounds x="390" y="85" width="50" height="20"/>
<noBackgroundColor>true</noBackgroundColor>
<noForegroundColor>true</noForegroundColor>
</sourceLabel>
<targetLabel class="oracle.dbtools.crest.model.design.Label">
<site>2</site>
<labelBounds x="415" y="108" width="106" height="20"/>
<noBackgroundColor>true</noBackgroundColor>
<noForegroundColor>true</noForegroundColor>
</targetLabel>
<points>
<point x="380" y="105"/>
<point x="527" y="105"/>
</points>
</Connector>
<Connector class="oracle.dbtools.crest.swingui.logical.TVRelation" oid="D0AE7CF5-CDBF-138D-762F-3D527CF3C92D" otype="Relation" vid_source="4C4E760C-757C-4A1C-6F56-0B7EA4871AE0" vid_target="3C803E51-E958-2A30-5165-ADA35E18AE13">
<hideElementsInCurrentOnly>false</hideElementsInCurrentOnly>
<backgroundColor>-16777216</backgroundColor>
<lineWidth>1</lineWidth>
<sourceLabel class="oracle.dbtools.crest.model.design.Label">
<site>0</site>
<labelBounds x="840" y="142" width="33" height="20"/>
<noBackgroundColor>true</noBackgroundColor>
<noForegroundColor>true</noForegroundColor>
</sourceLabel>
<targetLabel class="oracle.dbtools.crest.model.design.Label">
<site>2</site>
<labelBounds x="840" y="110" width="57" height="20"/>
<noBackgroundColor>true</noBackgroundColor>
<noForegroundColor>true</noForegroundColor>
</targetLabel>
<points>
<point x="840" y="168"/>
<point x="840" y="84"/>
</points>
</Connector>
<Connector class="oracle.dbtools.crest.swingui.logical.TVInheritanceRelation" oid="D9BF2584-4A29-F0CB-D01F-DCF2999FCB88" otype="Hierarchy relation" vid_source="4C4E760C-757C-4A1C-6F56-0B7EA4871AE0" vid_target="0B7D0213-C5D8-89D0-ECCD-9C52E7A4BEAB">
<hideElementsInCurrentOnly>false</hideElementsInCurrentOnly>
<backgroundColor>-65536</backgroundColor>
<lineWidth>1</lineWidth>
</Connector>
<Connector class="oracle.dbtools.crest.swingui.logical.TVRelation" oid="FCD697A2-B6CF-8230-13F0-4DCEAD648303" otype="Relation" vid_source="0B7D0213-C5D8-89D0-ECCD-9C52E7A4BEAB" vid_target="B5D91D47-0D45-3CE1-1331-1B31FB80279A">
<hideElementsInCurrentOnly>false</hideElementsInCurrentOnly>
<backgroundColor>-16777216</backgroundColor>
<lineWidth>1</lineWidth>
<sourceLabel class="oracle.dbtools.crest.model.design.Label">
<site>0</site>
<labelBounds x="913" y="284" width="33" height="20"/>
<noBackgroundColor>true</noBackgroundColor>
<noForegroundColor>true</noForegroundColor>
</sourceLabel>
<points>
<point x="903" y="304"/>
<point x="1015" y="304"/>
</points>
</Connector>
</connectors>
</Diagram>