<?xml version = '1.0' encoding = 'UTF-8'?>
<TableProxyOraclev12c class="oracle.dbtools.crest.model.design.storage.oracle.v12c.TableProxyOraclev12c" name="Pracownicy" directorySegmentName="seg_0" id="09ADC93F-97C8-FBB0-D410-740BF59D03C4">
<createdBy>Kamil</createdBy>
<createdTime>2018-12-10 11:30:45 UTC</createdTime>
<ownerDesignName>BD2</ownerDesignName>
<logging>YES</logging>
<partitionedRowMovement>DISABLE</partitionedRowMovement>
<temporaryChanged>false</temporaryChanged>
<accessDriverType>oracle_loader</accessDriverType>
<rejectLimit></rejectLimit>
<columnProxies itemClass="oracle.dbtools.crest.model.design.storage.oracle.v12c.ColumnProxyOraclev12c">
<ColumnProxy name="Imie" id="0A94E199-D049-16E0-307D-87BE4A3E2A23">
<createdBy>Kamil</createdBy>
<createdTime>2018-12-10 11:30:45 UTC</createdTime>
<ownerDesignName>BD2</ownerDesignName>
</ColumnProxy>
<ColumnProxy name="Stanowiska_Numer_stanowiska" id="8B795996-18CC-6DB4-9EB3-CF4D9660F899">
<createdBy>Kamil</createdBy>
<createdTime>2018-12-10 11:30:45 UTC</createdTime>
<ownerDesignName>BD2</ownerDesignName>
</ColumnProxy>
<ColumnProxy name="Numer_identyfikacyjny" id="8D862F3D-B6FF-04C7-084F-2F3164A655D8">
<createdBy>Kamil</createdBy>
<createdTime>2018-12-10 11:30:45 UTC</createdTime>
<ownerDesignName>BD2</ownerDesignName>
</ColumnProxy>
<ColumnProxy name="Dodatek_do_pensji" id="9F7F023E-ACC7-3477-BAFD-3E22962E6348">
<createdBy>Kamil</createdBy>
<createdTime>2018-12-10 11:30:45 UTC</createdTime>
<ownerDesignName>BD2</ownerDesignName>
</ColumnProxy>
<ColumnProxy name="Baseny_Numer_obiektu" id="A6AC975E-576F-8F7B-0EB6-7EFE64FFF030">
<createdBy>Kamil</createdBy>
<createdTime>2018-12-10 11:30:45 UTC</createdTime>
<ownerDesignName>BD2</ownerDesignName>
</ColumnProxy>
<ColumnProxy name="Nazwisko" id="EA6FAB21-9BE0-5049-0758-C1A0B498916B">
<createdBy>Kamil</createdBy>
<createdTime>2018-12-10 11:30:45 UTC</createdTime>
<ownerDesignName>BD2</ownerDesignName>
</ColumnProxy>
</columnProxies>
<foreignKeys>
<ForeignKey class="oracle.dbtools.crest.model.design.storage.oracle.v10g.FKProxyOraclev10g" name="Pracownicy_Baseny_FK" id="35CE58B6-5767-347B-5431-593389CE52D1">
<createdBy>Kamil</createdBy>
<createdTime>2018-12-10 11:30:45 UTC</createdTime>
<ownerDesignName>BD2</ownerDesignName>
</ForeignKey>
<ForeignKey class="oracle.dbtools.crest.model.design.storage.oracle.v10g.FKProxyOraclev10g" name="Pracownicy_Stanowiska_FK" id="5FC50C13-03F1-84F3-53C7-47308500DF78">
<createdBy>Kamil</createdBy>
<createdTime>2018-12-10 11:30:45 UTC</createdTime>
<ownerDesignName>BD2</ownerDesignName>
</ForeignKey>
</foreignKeys>
<primaryKeys>
<PrimaryKey class="oracle.dbtools.crest.model.design.storage.oracle.v10g.PKProxyOraclev10g" name="Pracownicy_PK" id="DEFACD7F-387F-5BD7-E267-4DB4FE4CB35C">
<createdBy>Kamil</createdBy>
<createdTime>2018-12-10 11:30:45 UTC</createdTime>
<ownerDesignName>BD2</ownerDesignName>
<indexSort>SORTED</indexSort>
</PrimaryKey>
</primaryKeys>
</TableProxyOraclev12c>