<?xml version = '1.0' encoding = 'UTF-8'?>
<TableProxyOraclev12c class="oracle.dbtools.crest.model.design.storage.oracle.v12c.TableProxyOraclev12c" name="Rezerwacje_toru" directorySegmentName="seg_0" id="706A8DBD-8EF2-89AE-EB8B-DC258CAABEEF">
<createdBy>Kamil</createdBy>
<createdTime>2018-12-10 11:30:45 UTC</createdTime>
<ownerDesignName>BD2</ownerDesignName>
<logging>YES</logging>
<partitionList class="oracle.dbtools.crest.model.design.storage.oracle.v11g.PartitionListOraclev11g" name="PL2" id="8FDED9E3-4F54-B0A6-2001-5391457AB6B8">
<createdBy>Mateusz</createdBy>
<createdTime>2018-12-05 21:52:26 UTC</createdTime>
<ownerDesignName>BD2</ownerDesignName>
<columnIDs>E29A51E4-3956-9001-0684-359C204022C3</columnIDs>
</partitionList>
<partitioned>YES</partitioned>
<partitionedRowMovement>DISABLE</partitionedRowMovement>
<temporaryChanged>false</temporaryChanged>
<accessDriverType>oracle_loader</accessDriverType>
<rejectLimit></rejectLimit>
<columnProxies itemClass="oracle.dbtools.crest.model.design.storage.oracle.v12c.ColumnProxyOraclev12c">
<ColumnProxy name="Ogolne_Numer_uslugi" id="06D285E7-8121-63B7-49CC-1CDFCC57727D">
<createdBy>Kamil</createdBy>
<createdTime>2018-12-10 11:30:45 UTC</createdTime>
<ownerDesignName>BD2</ownerDesignName>
</ColumnProxy>
<ColumnProxy name="Status" id="46059003-25C2-84CB-DFBE-1ECF1DA740C3">
<createdBy>Kamil</createdBy>
<createdTime>2018-12-10 11:30:45 UTC</createdTime>
<ownerDesignName>BD2</ownerDesignName>
</ColumnProxy>
<ColumnProxy name="Numer_rezerwacji" id="677FC439-E96E-8AA2-C1CF-4CF86D6695A6">
<createdBy>Kamil</createdBy>
<createdTime>2018-12-10 11:30:45 UTC</createdTime>
<ownerDesignName>BD2</ownerDesignName>
</ColumnProxy>
<ColumnProxy name="Numer_toru" id="C07E601E-BDC9-CBAB-3D7B-256FF4A82B71">
<createdBy>Kamil</createdBy>
<createdTime>2018-12-10 11:30:45 UTC</createdTime>
<ownerDesignName>BD2</ownerDesignName>
</ColumnProxy>
<ColumnProxy name="Data_i_godzina" id="E29A51E4-3956-9001-0684-359C204022C3">
<createdBy>Kamil</createdBy>
<createdTime>2018-12-10 11:30:45 UTC</createdTime>
<ownerDesignName>BD2</ownerDesignName>
</ColumnProxy>
<ColumnProxy name="Klienci_Numer_klienta" id="F91EF0AF-4C0E-61C4-3DFD-F905FFFE266A">
<createdBy>Kamil</createdBy>
<createdTime>2018-12-10 11:30:45 UTC</createdTime>
<ownerDesignName>BD2</ownerDesignName>
</ColumnProxy>
</columnProxies>
<foreignKeys>
<ForeignKey class="oracle.dbtools.crest.model.design.storage.oracle.v10g.FKProxyOraclev10g" name="Rezerwacje_toru_Ogolne_FK" id="9A088391-8893-B146-C4D0-5328F4A5B935">
<createdBy>Kamil</createdBy>
<createdTime>2018-12-10 11:30:45 UTC</createdTime>
<ownerDesignName>BD2</ownerDesignName>
</ForeignKey>
<ForeignKey class="oracle.dbtools.crest.model.design.storage.oracle.v10g.FKProxyOraclev10g" name="Rezerwacje_toru_Klienci_FK" id="E5E91766-D7C8-0A2A-8ACB-D3EA08F67522">
<createdBy>Kamil</createdBy>
<createdTime>2018-12-10 11:30:45 UTC</createdTime>
<ownerDesignName>BD2</ownerDesignName>
</ForeignKey>
</foreignKeys>
<partitions>
<Partition class="oracle.dbtools.crest.model.design.storage.oracle.v11g.PartitionOraclev11g" name="Partition1" id="D3165EE9-BE7C-F33D-AF6A-306647D73D9B">
<createdBy>Mateusz</createdBy>
<createdTime>2018-12-05 21:52:48 UTC</createdTime>
<ownerDesignName>BD2</ownerDesignName>
<position>1</position>
<tableSpace>A47248D9-7F10-1F9D-E17F-E2502137CEDB</tableSpace>
<valueList>TO_DATE(&apos;2017/03/31&apos;, &apos;YYYY/MM/DD&apos;)</valueList>
</Partition>
<Partition class="oracle.dbtools.crest.model.design.storage.oracle.v11g.PartitionOraclev11g" name="Partition2" id="9BBB34DB-068B-4F0A-CF2E-CE84FFB6D7F4">
<createdBy>Mateusz</createdBy>
<createdTime>2018-12-05 21:53:58 UTC</createdTime>
<ownerDesignName>BD2</ownerDesignName>
<position>2</position>
<tableSpace>A63F4B28-7289-4460-90F2-8DDDCB8E2A54</tableSpace>
<valueList>TO_DATE(&apos;2017/06/30&apos;, &apos;YYYY/MM/DD&apos;)</valueList>
</Partition>
<Partition class="oracle.dbtools.crest.model.design.storage.oracle.v11g.PartitionOraclev11g" name="Partition3" id="FCEC4A1F-CEE2-5170-8D39-38EDE09C8DC0">
<createdBy>Mateusz</createdBy>
<createdTime>2018-12-05 21:54:16 UTC</createdTime>
<ownerDesignName>BD2</ownerDesignName>
<position>3</position>
<tableSpace>A8370BEF-3ED0-B4F4-B035-65FE7DAD82D5</tableSpace>
<valueList>TO_DATE(&apos;2017/09/30&apos;, &apos;YYYY/MM/DD&apos;)</valueList>
</Partition>
<Partition class="oracle.dbtools.crest.model.design.storage.oracle.v11g.PartitionOraclev11g" name="Partition4" id="AEF5948E-BE0E-731D-B48B-24E8540205C2">
<createdBy>Mateusz</createdBy>
<createdTime>2018-12-05 21:54:29 UTC</createdTime>
<ownerDesignName>BD2</ownerDesignName>
<position>4</position>
<tableSpace>212779C0-5C94-8DEA-3E47-96CA7F3AEF91</tableSpace>
<valueList>TO_DATE(&apos;2017/12/31&apos;, &apos;YYYY/MM/DD&apos;)</valueList>
</Partition>
<Partition class="oracle.dbtools.crest.model.design.storage.oracle.v11g.PartitionOraclev11g" name="Partition5" id="A068F498-E6CB-35EE-7252-6EB335F5550C">
<createdBy>Mateusz</createdBy>
<createdTime>2018-12-05 21:55:00 UTC</createdTime>
<ownerDesignName>BD2</ownerDesignName>
<position>5</position>
<tableSpace>6D0D2175-CD24-7988-1F96-9058E2BC7D7E</tableSpace>
<valueList>TO_DATE(&apos;2018/03/31&apos;, &apos;YYYY/MM/DD&apos;)</valueList>
</Partition>
<Partition class="oracle.dbtools.crest.model.design.storage.oracle.v11g.PartitionOraclev11g" name="Partition6" id="AF3DCD83-239D-80EC-64E7-E6B0D716600F">
<createdBy>Mateusz</createdBy>
<createdTime>2018-12-05 21:55:14 UTC</createdTime>
<ownerDesignName>BD2</ownerDesignName>
<position>6</position>
<tableSpace>78B69998-7E19-3FBC-702D-F2CA08B34CBC</tableSpace>
<valueList>TO_DATE(&apos;2018/06/30&apos;, &apos;YYYY/MM/DD&apos;)</valueList>
</Partition>
<Partition class="oracle.dbtools.crest.model.design.storage.oracle.v11g.PartitionOraclev11g" name="Partition7" id="93922A3B-C154-9230-8CFF-B3175A2A345A">
<createdBy>Mateusz</createdBy>
<createdTime>2018-12-05 21:55:28 UTC</createdTime>
<ownerDesignName>BD2</ownerDesignName>
<position>7</position>
<tableSpace>8E4DBCFD-BF86-C6A4-0630-627021196F3C</tableSpace>
<valueList>TO_DATE(&apos;2018/09/30&apos;, &apos;YYYY/MM/DD&apos;)</valueList>
</Partition>
<Partition class="oracle.dbtools.crest.model.design.storage.oracle.v11g.PartitionOraclev11g" name="Partition8" id="17F7A8E7-ACCB-3725-315E-BBDDF2324FD9">
<createdBy>Mateusz</createdBy>
<createdTime>2018-12-05 21:55:44 UTC</createdTime>
<ownerDesignName>BD2</ownerDesignName>
<position>8</position>
<tableSpace>71DBACCC-1952-CD44-B9A9-5DDC552244A0</tableSpace>
<valueList>TO_DATE(&apos;2018/12/31&apos;, &apos;YYYY/MM/DD&apos;)</valueList>
</Partition>
<Partition class="oracle.dbtools.crest.model.design.storage.oracle.v11g.PartitionOraclev11g" name="Partition9" id="A24A2213-103D-06AF-115A-458A3F1E6B7B">
<createdBy>Kamil</createdBy>
<createdTime>2019-01-21 16:57:27 UTC</createdTime>
<ownerDesignName>BD2</ownerDesignName>
<position>9</position>
<tableSpace>A9EFD06E-19FE-5B13-9388-E70E13A95B9A</tableSpace>
<valueList>TO_DATE(&apos;2019/03/31&apos;, &apos;YYYY/MM/DD&apos;)</valueList>
</Partition>
</partitions>
<primaryKeys>
<PrimaryKey class="oracle.dbtools.crest.model.design.storage.oracle.v10g.PKProxyOraclev10g" name="Rezerwacje_toru_PK" id="46FD33CF-1863-8789-6FD2-DE656A3AEB56">
<createdBy>Kamil</createdBy>
<createdTime>2018-12-10 11:30:45 UTC</createdTime>
<ownerDesignName>BD2</ownerDesignName>
<indexSort>SORTED</indexSort>
</PrimaryKey>
</primaryKeys>
</TableProxyOraclev12c>