<?xml version = '1.0' encoding = 'UTF-8'?>
<TableProxyOraclev12c class="oracle.dbtools.crest.model.design.storage.oracle.v12c.TableProxyOraclev12c" name="Baseny" directorySegmentName="seg_0" id="733A77B5-4C7A-2317-9D69-B4B60A8D9E73">
<createdBy>Kamil</createdBy>
<createdTime>2018-12-10 11:30:45 UTC</createdTime>
<ownerDesignName>BD2</ownerDesignName>
<logging>YES</logging>
<partitionedRowMovement>DISABLE</partitionedRowMovement>
<temporaryChanged>false</temporaryChanged>
<accessDriverType>oracle_loader</accessDriverType>
<rejectLimit></rejectLimit>
<columnProxies itemClass="oracle.dbtools.crest.model.design.storage.oracle.v12c.ColumnProxyOraclev12c">
<ColumnProxy name="Nazwa_obiektu" id="222E6092-CBB3-A760-40AF-0BE2DF987170">
<createdBy>Kamil</createdBy>
<createdTime>2018-12-10 11:30:45 UTC</createdTime>
<ownerDesignName>BD2</ownerDesignName>
</ColumnProxy>
<ColumnProxy name="Ulica" id="3713C74A-CC03-E50B-E997-872E4CD4539E">
<createdBy>Kamil</createdBy>
<createdTime>2018-12-10 11:30:45 UTC</createdTime>
<ownerDesignName>BD2</ownerDesignName>
</ColumnProxy>
<ColumnProxy name="Liczba_torow_plywackich" id="4D54CDCB-B5EE-1809-C7FF-45B950F4489C">
<createdBy>Kamil</createdBy>
<createdTime>2018-12-10 11:30:45 UTC</createdTime>
<ownerDesignName>BD2</ownerDesignName>
</ColumnProxy>
<ColumnProxy name="Numer_obiektu" id="A2C1C9A2-E6B2-037A-97B0-28FABE59B141">
<createdBy>Kamil</createdBy>
<createdTime>2018-12-10 11:30:45 UTC</createdTime>
<ownerDesignName>BD2</ownerDesignName>
</ColumnProxy>
<ColumnProxy name="Miasto" id="B1767AEA-C128-48A3-1569-FBB563B27CBE">
<createdBy>Kamil</createdBy>
<createdTime>2018-12-10 11:30:45 UTC</createdTime>
<ownerDesignName>BD2</ownerDesignName>
</ColumnProxy>
</columnProxies>
<primaryKeys>
<PrimaryKey class="oracle.dbtools.crest.model.design.storage.oracle.v10g.PKProxyOraclev10g" name="Baseny_PK" id="8036635D-408E-4437-8852-ED88AFD6513A">
<createdBy>Kamil</createdBy>
<createdTime>2018-12-10 11:30:45 UTC</createdTime>
<ownerDesignName>BD2</ownerDesignName>
<indexSort>SORTED</indexSort>
</PrimaryKey>
</primaryKeys>
</TableProxyOraclev12c>