<?xml version = '1.0' encoding = 'UTF-8'?>
<TableProxyOraclev12c class="oracle.dbtools.crest.model.design.storage.oracle.v12c.TableProxyOraclev12c" name="Transakcje" directorySegmentName="seg_0" id="857E39A4-1055-9D98-CD61-0AA251EC3315">
<createdBy>Kamil</createdBy>
<createdTime>2018-12-10 11:30:45 UTC</createdTime>
<ownerDesignName>BD2</ownerDesignName>
<logging>YES</logging>
<partitionList class="oracle.dbtools.crest.model.design.storage.oracle.v11g.PartitionListOraclev11g" name="PL1" id="20EE3690-1E5A-27D8-78F6-B0E42C7D2F3A">
<createdBy>Kamil</createdBy>
<createdTime>2018-12-10 11:52:21 UTC</createdTime>
<ownerDesignName>BD2</ownerDesignName>
<columnIDs>416D2332-FE5A-99FD-1CB2-69A3AC932729</columnIDs>
</partitionList>
<partitioned>YES</partitioned>
<partitionedRowMovement>DISABLE</partitionedRowMovement>
<temporaryChanged>false</temporaryChanged>
<accessDriverType>oracle_loader</accessDriverType>
<rejectLimit></rejectLimit>
<columnProxies itemClass="oracle.dbtools.crest.model.design.storage.oracle.v12c.ColumnProxyOraclev12c">
<ColumnProxy name="Data" id="416D2332-FE5A-99FD-1CB2-69A3AC932729">
<createdBy>Kamil</createdBy>
<createdTime>2018-12-10 11:30:45 UTC</createdTime>
<ownerDesignName>BD2</ownerDesignName>
</ColumnProxy>
<ColumnProxy name="Numer_transakcji" id="7352C317-84C7-1540-B72A-8ED0B65AC724">
<createdBy>Kamil</createdBy>
<createdTime>2018-12-10 11:30:45 UTC</createdTime>
<ownerDesignName>BD2</ownerDesignName>
</ColumnProxy>
</columnProxies>
<partitions>
<Partition class="oracle.dbtools.crest.model.design.storage.oracle.v11g.PartitionOraclev11g" name="Partition1" id="5F279B0B-107F-444F-9269-635A39F67C76">
<createdBy>Mateusz</createdBy>
<createdTime>2018-12-05 20:11:37 UTC</createdTime>
<ownerDesignName>BD2</ownerDesignName>
<logging>YES</logging>
<position>1</position>
<tableSpace>A47248D9-7F10-1F9D-E17F-E2502137CEDB</tableSpace>
<valueList>TO_DATE(&apos;2017/03/31&apos;, &apos;YYYY/MM/DD&apos;)</valueList>
</Partition>
<Partition class="oracle.dbtools.crest.model.design.storage.oracle.v11g.PartitionOraclev11g" name="Partition2" id="91F4C542-CB2F-3DE1-9C76-C98FFD49FC3E">
<createdBy>Mateusz</createdBy>
<createdTime>2018-12-05 20:21:14 UTC</createdTime>
<ownerDesignName>BD2</ownerDesignName>
<position>2</position>
<tableSpace>A63F4B28-7289-4460-90F2-8DDDCB8E2A54</tableSpace>
<valueList>TO_DATE(&apos;2017/06/30&apos;, &apos;YYYY/MM/DD&apos;)</valueList>
</Partition>
<Partition class="oracle.dbtools.crest.model.design.storage.oracle.v11g.PartitionOraclev11g" name="Partition3" id="9730720E-78A7-B7AD-85E5-A578EEB1116B">
<createdBy>Mateusz</createdBy>
<createdTime>2018-12-05 20:22:22 UTC</createdTime>
<ownerDesignName>BD2</ownerDesignName>
<position>3</position>
<tableSpace>A8370BEF-3ED0-B4F4-B035-65FE7DAD82D5</tableSpace>
<valueList>TO_DATE(&apos;2017/09/30&apos;, &apos;YYYY/MM/DD&apos;)</valueList>
</Partition>
<Partition class="oracle.dbtools.crest.model.design.storage.oracle.v11g.PartitionOraclev11g" name="Partition4" id="DD33DBBE-64A1-09EA-A13C-2F60BB6F4D38">
<createdBy>Mateusz</createdBy>
<createdTime>2018-12-05 20:23:04 UTC</createdTime>
<ownerDesignName>BD2</ownerDesignName>
<position>4</position>
<tableSpace>212779C0-5C94-8DEA-3E47-96CA7F3AEF91</tableSpace>
<valueList>TO_DATE(&apos;2017/12/31&apos;, &apos;YYYY/MM/DD&apos;)</valueList>
</Partition>
<Partition class="oracle.dbtools.crest.model.design.storage.oracle.v11g.PartitionOraclev11g" name="Partition5" id="629211E9-1815-B9E3-C903-E85D792461FB">
<createdBy>Mateusz</createdBy>
<createdTime>2018-12-05 20:24:23 UTC</createdTime>
<ownerDesignName>BD2</ownerDesignName>
<position>5</position>
<tableSpace>6D0D2175-CD24-7988-1F96-9058E2BC7D7E</tableSpace>
<valueList>TO_DATE(&apos;2018/03/31&apos;, &apos;YYYY/MM/DD&apos;)</valueList>
</Partition>
<Partition class="oracle.dbtools.crest.model.design.storage.oracle.v11g.PartitionOraclev11g" name="Partition6" id="2DBD7EBA-430E-D810-2432-32E2BA863DE9">
<createdBy>Mateusz</createdBy>
<createdTime>2018-12-05 20:25:15 UTC</createdTime>
<ownerDesignName>BD2</ownerDesignName>
<position>6</position>
<tableSpace>78B69998-7E19-3FBC-702D-F2CA08B34CBC</tableSpace>
<valueList>TO_DATE(&apos;2018/06/30&apos;, &apos;YYYY/MM/DD&apos;)</valueList>
</Partition>
<Partition class="oracle.dbtools.crest.model.design.storage.oracle.v11g.PartitionOraclev11g" name="Partition7" id="4F56A304-3FE1-339F-6BD1-18FAF4D5EC2B">
<createdBy>Mateusz</createdBy>
<createdTime>2018-12-05 20:25:44 UTC</createdTime>
<ownerDesignName>BD2</ownerDesignName>
<position>7</position>
<tableSpace>8E4DBCFD-BF86-C6A4-0630-627021196F3C</tableSpace>
<valueList>TO_DATE(&apos;2018/09/30&apos;, &apos;YYYY/MM/DD&apos;)</valueList>
</Partition>
<Partition class="oracle.dbtools.crest.model.design.storage.oracle.v11g.PartitionOraclev11g" name="Partition8" id="64A11BDE-D9D3-44DC-1451-27DC737568E4">
<createdBy>Mateusz</createdBy>
<createdTime>2018-12-05 20:26:52 UTC</createdTime>
<ownerDesignName>BD2</ownerDesignName>
<position>8</position>
<tableSpace>71DBACCC-1952-CD44-B9A9-5DDC552244A0</tableSpace>
<valueList>TO_DATE(&apos;2018/12/31&apos;, &apos;YYYY/MM/DD&apos;)</valueList>
</Partition>
</partitions>
<primaryKeys>
<PrimaryKey class="oracle.dbtools.crest.model.design.storage.oracle.v10g.PKProxyOraclev10g" name="Transakcje_PK" id="143ACD6B-8545-17AC-4390-7E5655BE2051">
<createdBy>Kamil</createdBy>
<createdTime>2018-12-10 11:30:45 UTC</createdTime>
<ownerDesignName>BD2</ownerDesignName>
<indexSort>SORTED</indexSort>
</PrimaryKey>
</primaryKeys>
</TableProxyOraclev12c>