<?xml version = '1.0' encoding = 'UTF-8'?>
<TableProxyOraclev12c class="oracle.dbtools.crest.model.design.storage.oracle.v12c.TableProxyOraclev12c" name="Transakcje" directorySegmentName="seg_0" id="857E39A4-1055-9D98-CD61-0AA251EC3315">
<createdBy>Kamil</createdBy>
<createdTime>2018-12-10 11:30:45 UTC</createdTime>
<ownerDesignName>BD2</ownerDesignName>
<logging>YES</logging>
<partitionList class="oracle.dbtools.crest.model.design.storage.oracle.v11g.PartitionListOraclev11g" name="PL1" id="20EE3690-1E5A-27D8-78F6-B0E42C7D2F3A">
<createdBy>Kamil</createdBy>
<createdTime>2018-12-10 11:52:21 UTC</createdTime>
<ownerDesignName>BD2</ownerDesignName>
<columnIDs>416D2332-FE5A-99FD-1CB2-69A3AC932729</columnIDs>
</partitionList>
<partitioned>YES</partitioned>
<partitionedRowMovement>DISABLE</partitionedRowMovement>
<temporaryChanged>false</temporaryChanged>
<accessDriverType>oracle_loader</accessDriverType>
<rejectLimit></rejectLimit>
<columnProxies itemClass="oracle.dbtools.crest.model.design.storage.oracle.v12c.ColumnProxyOraclev12c">
<ColumnProxy name="Data" id="416D2332-FE5A-99FD-1CB2-69A3AC932729">
<createdBy>Kamil</createdBy>
<createdTime>2018-12-10 11:30:45 UTC</createdTime>
<ownerDesignName>BD2</ownerDesignName>
</ColumnProxy>
<ColumnProxy name="Numer_transakcji" id="7352C317-84C7-1540-B72A-8ED0B65AC724">
<createdBy>Kamil</createdBy>
<createdTime>2018-12-10 11:30:45 UTC</createdTime>
<ownerDesignName>BD2</ownerDesignName>
</ColumnProxy>
</columnProxies>
<partitions>
<Partition class="oracle.dbtools.crest.model.design.storage.oracle.v11g.PartitionOraclev11g" name="Partition1" id="555344FE-5814-B579-0F2F-D670E3D6EC00">
<createdBy>Kamil</createdBy>
<createdTime>2018-12-10 11:59:19 UTC</createdTime>
<ownerDesignName>BD2</ownerDesignName>
<position>1</position>
<tableSpace>76F7D54E-4CC8-22D1-4D24-5A4A6F455F7B</tableSpace>
<valueList>less than &apos;18/01/01&apos;</valueList>
</Partition>
</partitions>
<primaryKeys>
<PrimaryKey class="oracle.dbtools.crest.model.design.storage.oracle.v10g.PKProxyOraclev10g" name="Transakcje_PK" id="143ACD6B-8545-17AC-4390-7E5655BE2051">
<createdBy>Kamil</createdBy>
<createdTime>2018-12-10 11:30:45 UTC</createdTime>
<ownerDesignName>BD2</ownerDesignName>
<indexSort>SORTED</indexSort>
</PrimaryKey>
</primaryKeys>
</TableProxyOraclev12c>