<?xml version = '1.0' encoding = 'UTF-8'?>
<TableProxyOraclev12c class="oracle.dbtools.crest.model.design.storage.oracle.v12c.TableProxyOraclev12c" name="Lekcje_plywania" directorySegmentName="seg_0" id="D72C4A10-C53C-52D5-9B31-1A7471AED123">
<createdBy>Kamil</createdBy>
<createdTime>2018-12-10 11:30:45 UTC</createdTime>
<ownerDesignName>BD2</ownerDesignName>
<logging>YES</logging>
<partitionList class="oracle.dbtools.crest.model.design.storage.oracle.v11g.PartitionListOraclev11g" name="PL3" id="8E9288AE-E439-3086-4318-CFBE3137D743">
<createdBy>Mateusz</createdBy>
<createdTime>2018-12-05 21:56:19 UTC</createdTime>
<ownerDesignName>BD2</ownerDesignName>
<columnIDs>E5205C75-1749-2DA2-942A-DBE9C841BF0E</columnIDs>
</partitionList>
<partitioned>YES</partitioned>
<partitionedRowMovement>DISABLE</partitionedRowMovement>
<temporaryChanged>false</temporaryChanged>
<accessDriverType>oracle_loader</accessDriverType>
<rejectLimit></rejectLimit>
<columnProxies itemClass="oracle.dbtools.crest.model.design.storage.oracle.v12c.ColumnProxyOraclev12c">
<ColumnProxy name="Numer_ratownika" id="2DDF92B8-430D-E23C-01CB-A8214BD5A657">
<createdBy>Kamil</createdBy>
<createdTime>2018-12-10 11:30:45 UTC</createdTime>
<ownerDesignName>BD2</ownerDesignName>
</ColumnProxy>
<ColumnProxy name="Numer_lekcji" id="509BC4AB-9266-4A74-422F-B3A32717ABF7">
<createdBy>Kamil</createdBy>
<createdTime>2018-12-10 11:30:45 UTC</createdTime>
<ownerDesignName>BD2</ownerDesignName>
</ColumnProxy>
<ColumnProxy name="Liczba_zapisanych_osob" id="9BABD169-21E8-06D2-F0FA-8973C1727A5E">
<createdBy>Kamil</createdBy>
<createdTime>2018-12-10 11:30:45 UTC</createdTime>
<ownerDesignName>BD2</ownerDesignName>
</ColumnProxy>
<ColumnProxy name="Ogolne_Numer_uslugi" id="C382F5FD-0E5F-77AB-864F-7344613129A3">
<createdBy>Kamil</createdBy>
<createdTime>2018-12-10 11:30:45 UTC</createdTime>
<ownerDesignName>BD2</ownerDesignName>
</ColumnProxy>
<ColumnProxy name="Data_i_godzina" id="E5205C75-1749-2DA2-942A-DBE9C841BF0E">
<createdBy>Kamil</createdBy>
<createdTime>2018-12-10 11:30:45 UTC</createdTime>
<ownerDesignName>BD2</ownerDesignName>
</ColumnProxy>
</columnProxies>
<foreignKeys>
<ForeignKey class="oracle.dbtools.crest.model.design.storage.oracle.v10g.FKProxyOraclev10g" name="Lekcje_plywania_Ogolne_FK" id="6F69F9EE-333D-5C0F-0CF5-F81BD1435EB7">
<createdBy>Kamil</createdBy>
<createdTime>2018-12-10 11:30:45 UTC</createdTime>
<ownerDesignName>BD2</ownerDesignName>
</ForeignKey>
</foreignKeys>
<partitions>
<Partition class="oracle.dbtools.crest.model.design.storage.oracle.v11g.PartitionOraclev11g" name="Partition1" id="C6AF7911-8ED2-088D-91C0-264EA3B3C7BA">
<createdBy>Mateusz</createdBy>
<createdTime>2018-12-05 21:56:31 UTC</createdTime>
<ownerDesignName>BD2</ownerDesignName>
<position>1</position>
<tableSpace>A47248D9-7F10-1F9D-E17F-E2502137CEDB</tableSpace>
<valueList>TO_DATE(&apos;2017/03/31&apos;, &apos;YYYY/MM/DD&apos;)</valueList>
</Partition>
<Partition class="oracle.dbtools.crest.model.design.storage.oracle.v11g.PartitionOraclev11g" name="Partition2" id="8353EEB1-FB1F-077D-94DE-AF7F4B0BB276">
<createdBy>Mateusz</createdBy>
<createdTime>2018-12-05 21:56:47 UTC</createdTime>
<ownerDesignName>BD2</ownerDesignName>
<position>2</position>
<tableSpace>A63F4B28-7289-4460-90F2-8DDDCB8E2A54</tableSpace>
<valueList>TO_DATE(&apos;2017/06/30&apos;, &apos;YYYY/MM/DD&apos;)</valueList>
</Partition>
<Partition class="oracle.dbtools.crest.model.design.storage.oracle.v11g.PartitionOraclev11g" name="Partition3" id="C15E60EB-D704-0657-4D57-3C734EFC77EB">
<createdBy>Mateusz</createdBy>
<createdTime>2018-12-05 21:57:00 UTC</createdTime>
<ownerDesignName>BD2</ownerDesignName>
<position>3</position>
<tableSpace>A8370BEF-3ED0-B4F4-B035-65FE7DAD82D5</tableSpace>
<valueList>TO_DATE(&apos;2017/09/30&apos;, &apos;YYYY/MM/DD&apos;)</valueList>
</Partition>
<Partition class="oracle.dbtools.crest.model.design.storage.oracle.v11g.PartitionOraclev11g" name="Partition4" id="BE3F325D-793E-2FD0-C3B4-C3C561145F72">
<createdBy>Mateusz</createdBy>
<createdTime>2018-12-05 21:57:15 UTC</createdTime>
<ownerDesignName>BD2</ownerDesignName>
<position>4</position>
<tableSpace>212779C0-5C94-8DEA-3E47-96CA7F3AEF91</tableSpace>
<valueList>TO_DATE(&apos;2017/12/31&apos;, &apos;YYYY/MM/DD&apos;)</valueList>
</Partition>
<Partition class="oracle.dbtools.crest.model.design.storage.oracle.v11g.PartitionOraclev11g" name="Partition5" id="E759DDCB-5DC3-F1A5-59C3-8A7BCBB2B1CD">
<createdBy>Mateusz</createdBy>
<createdTime>2018-12-05 21:57:35 UTC</createdTime>
<ownerDesignName>BD2</ownerDesignName>
<position>5</position>
<tableSpace>6D0D2175-CD24-7988-1F96-9058E2BC7D7E</tableSpace>
<valueList>TO_DATE(&apos;2018/03/31&apos;, &apos;YYYY/MM/DD&apos;)</valueList>
</Partition>
<Partition class="oracle.dbtools.crest.model.design.storage.oracle.v11g.PartitionOraclev11g" name="Partition6" id="82869B4E-5BC9-89F4-504B-DDEA8C1D40BF">
<createdBy>Mateusz</createdBy>
<createdTime>2018-12-05 21:57:49 UTC</createdTime>
<ownerDesignName>BD2</ownerDesignName>
<position>6</position>
<tableSpace>78B69998-7E19-3FBC-702D-F2CA08B34CBC</tableSpace>
<valueList>TO_DATE(&apos;2018/06/30&apos;, &apos;YYYY/MM/DD&apos;)</valueList>
</Partition>
<Partition class="oracle.dbtools.crest.model.design.storage.oracle.v11g.PartitionOraclev11g" name="Partition7" id="15850C42-FC1E-FAFD-549F-8E64C9A3D07C">
<createdBy>Mateusz</createdBy>
<createdTime>2018-12-05 21:58:04 UTC</createdTime>
<ownerDesignName>BD2</ownerDesignName>
<position>7</position>
<tableSpace>8E4DBCFD-BF86-C6A4-0630-627021196F3C</tableSpace>
<valueList>TO_DATE(&apos;2018/09/30&apos;, &apos;YYYY/MM/DD&apos;)</valueList>
</Partition>
<Partition class="oracle.dbtools.crest.model.design.storage.oracle.v11g.PartitionOraclev11g" name="Partition8" id="1E5C219A-B50F-29EF-DBA3-CE427C403215">
<createdBy>Mateusz</createdBy>
<createdTime>2018-12-05 21:58:17 UTC</createdTime>
<ownerDesignName>BD2</ownerDesignName>
<position>8</position>
<tableSpace>71DBACCC-1952-CD44-B9A9-5DDC552244A0</tableSpace>
<valueList>TO_DATE(&apos;2018/12/31&apos;, &apos;YYYY/MM/DD&apos;)</valueList>
</Partition>
<Partition class="oracle.dbtools.crest.model.design.storage.oracle.v11g.PartitionOraclev11g" name="Partition9" id="C6F192DB-7D89-3D38-A2B7-6A6BBD186790">
<createdBy>Kamil</createdBy>
<createdTime>2019-01-21 16:56:12 UTC</createdTime>
<ownerDesignName>BD2</ownerDesignName>
<position>9</position>
<tableSpace>A9EFD06E-19FE-5B13-9388-E70E13A95B9A</tableSpace>
<valueList>TO_DATE(&apos;2019/03/31&apos;, &apos;YYYY/MM/DD&apos;)</valueList>
</Partition>
</partitions>
<primaryKeys>
<PrimaryKey class="oracle.dbtools.crest.model.design.storage.oracle.v10g.PKProxyOraclev10g" name="Lekcje_plywania_PK" id="E85A88DF-30CB-008A-3F51-90E35F75EF8C">
<createdBy>Kamil</createdBy>
<createdTime>2018-12-10 11:30:45 UTC</createdTime>
<ownerDesignName>BD2</ownerDesignName>
<indexSort>SORTED</indexSort>
</PrimaryKey>
</primaryKeys>
</TableProxyOraclev12c>