<?xml version = '1.0' encoding = 'UTF-8'?>
<Relation class="oracle.dbtools.crest.model.design.logical.Relation" name="Relation_13" directorySegmentName="seg_0" id="7BBB3C66-D3CC-5B0B-86A2-572C28644386">
<createdBy>Mateusz</createdBy>
<createdTime>2018-11-17 10:34:32 UTC</createdTime>
<ownerDesignName>BD2</ownerDesignName>
<engineerTo>
<item key="D693870B-D925-C7DA-034F-740661552A16" value="true"/>
</engineerTo>
<targetPk>CD35A6D9-358B-7B3C-020C-4DBD250F9FC0</targetPk>
<identifying>false</identifying>
<nameOnSource>pracować w</nameOnSource>
<nameOnTarget>mieć</nameOnTarget>
<optionalSource>false</optionalSource>
<optionalTarget>false</optionalTarget>
<sourceCardinality>*</sourceCardinality>
<sourceEntity>DB21EEAF-CCD9-E8B3-A054-B79B496A5CBF</sourceEntity>
<targetCardinalityString>1</targetCardinalityString>
<targetEntity>CF3E3259-BCE8-6EAF-F3CC-A37DAFD996B7</targetEntity>
<transferable>true</transferable>
<deleteRule>NO ACTION</deleteRule>
</Relation>