<?xml version = '1.0' encoding = 'UTF-8'?>
<Relation class="oracle.dbtools.crest.model.design.logical.Relation" name="Relation_12" directorySegmentName="seg_0" id="D0AE7CF5-CDBF-138D-762F-3D527CF3C92D">
<createdBy>Mateusz</createdBy>
<createdTime>2018-11-17 10:32:53 UTC</createdTime>
<ownerDesignName>BD2</ownerDesignName>
<engineerTo>
<item key="D693870B-D925-C7DA-034F-740661552A16" value="true"/>
</engineerTo>
<sourcePk>997D6CA4-9ACA-E1CB-6EF5-3B6C85044F1E</sourcePk>
<identifying>true</identifying>
<nameOnSource>mieć</nameOnSource>
<nameOnTarget>istnieć dla</nameOnTarget>
<optionalSource>false</optionalSource>
<optionalTarget>false</optionalTarget>
<sourceCardinality>1</sourceCardinality>
<sourceEntity>861EC6AE-BA55-F210-B04B-D2B9DCF54581</sourceEntity>
<targetCardinalityString>*</targetCardinalityString>
<targetEntity>E3702F44-48ED-8840-A26F-3C2EA4BE255D</targetEntity>
<transferable>true</transferable>
<deleteRule>NO ACTION</deleteRule>
</Relation>