<?xml version = '1.0' encoding = 'UTF-8'?>
<FKIndexAssociation class="oracle.dbtools.crest.model.design.relational.FKIndexAssociation" directorySegmentName="seg_0" id="019D9420-0E87-6F14-7DD2-B93FE70BEC1D" containerWithKeyObject="587D1957-F8B3-16C0-DA90-A89F0150AE4A" localFKIndex="FEAE0857-D3C3-4EAD-6E40-DBE560463FDC" name="Dane_do_logowania_W_FK">
<createdBy>Mateusz</createdBy>
<createdTime>2018-11-25 21:20:10 UTC</createdTime>
<generatorID>D0AE7CF5-CDBF-138D-762F-3D527CF3C92D</generatorID>
<ownerDesignName>BD2</ownerDesignName>
<referredTableLongName>Wlasciciel</referredTableLongName>
<arc>970B792E-AD5D-0E2C-4B06-20681E871438</arc>
<deleteRule>NO ACTION</deleteRule>
<referredTableID>0C831470-C40C-F96A-51FB-C16281815A17</referredTableID>
<keyObject>8267B772-6091-A506-57D9-5AD23986D03E</keyObject>
<referredKeyID>8267B772-6091-A506-57D9-5AD23986D03E</referredKeyID>
<mandatory>false</mandatory>
<refColNames>Numer_identyfikacyjny</refColNames>
<transferable>true</transferable>
<rely>false</rely>
<columnDependencyConstraintGenerateInDDL>true</columnDependencyConstraintGenerateInDDL>
</FKIndexAssociation>