<?xml version = '1.0' encoding = 'UTF-8'?>
<FKIndexAssociation class="oracle.dbtools.crest.model.design.relational.FKIndexAssociation" directorySegmentName="seg_0" id="0E27A3E3-DD3C-CA84-D863-676141DF9D19" containerWithKeyObject="EA24DBB3-9EEC-6457-7D17-F40288C2C3E1" localFKIndex="E36064EE-656F-B914-E80E-372E5CC7F260" name="Rezerwacja_toru_Klient_FK">
<createdBy>Mateusz</createdBy>
<createdTime>2018-11-25 16:01:33 UTC</createdTime>
<generatorID>B6CD27E5-6686-71D2-DD77-C169F649B526</generatorID>
<ownerDesignName>BD2</ownerDesignName>
<referredTableLongName>Klient</referredTableLongName>
<deleteRule>NO ACTION</deleteRule>
<referredTableID>788D66C5-04DD-724A-585A-444DFDD477B7</referredTableID>
<keyObject>B868BCFD-20C5-9DF3-172C-732B04E604EA</keyObject>
<referredKeyID>B868BCFD-20C5-9DF3-172C-732B04E604EA</referredKeyID>
<mandatory>true</mandatory>
<refColNames>Numer_klienta</refColNames>
<transferable>true</transferable>
<rely>false</rely>
<columnDependencyConstraintGenerateInDDL>true</columnDependencyConstraintGenerateInDDL>
</FKIndexAssociation>