<?xml version = '1.0' encoding = 'UTF-8'?>
<FKIndexAssociation class="oracle.dbtools.crest.model.design.relational.FKIndexAssociation" directorySegmentName="seg_0" id="0E9355F1-B14E-751A-663B-9982B61EA76D" containerWithKeyObject="0C831470-C40C-F96A-51FB-C16281815A17" localFKIndex="0FBF8B87-3F0C-5C60-AA62-54371D3BD428" name="Wlasciciel_Osoba_FK">
<createdBy>Mateusz</createdBy>
<createdTime>2018-11-25 16:01:33 UTC</createdTime>
<generatorID>627B198B-8147-3E57-F76C-983195AE459A</generatorID>
<ownerDesignName>BD2</ownerDesignName>
<referredTableLongName>Osoba</referredTableLongName>
<arc>8DBA46D7-C309-6F04-A635-8DF990A918DE</arc>
<deleteRule>NO ACTION</deleteRule>
<referredTableID>36D11C1C-DB03-6457-047C-F3179E82A105</referredTableID>
<keyObject>83940C78-2B96-0946-5B79-21CC76FF1FB5</keyObject>
<referredKeyID>83940C78-2B96-0946-5B79-21CC76FF1FB5</referredKeyID>
<mandatory>true</mandatory>
<refColNames>Numer_identyfikacyjny</refColNames>
<transferable>true</transferable>
<rely>false</rely>
<columnDependencyConstraintGenerateInDDL>true</columnDependencyConstraintGenerateInDDL>
</FKIndexAssociation>