<?xml version = '1.0' encoding = 'UTF-8'?>
<FKIndexAssociation class="oracle.dbtools.crest.model.design.relational.FKIndexAssociation" directorySegmentName="seg_0" id="18EB4A76-E67B-A197-3AE2-F790DEF62EC8" containerWithKeyObject="EA24DBB3-9EEC-6457-7D17-F40288C2C3E1" localFKIndex="579AA724-E4C7-BDC3-6ADD-D3404F54C982" name="Rezerwacja_toru_Basen_FK">
<createdBy>Mateusz</createdBy>
<createdTime>2018-11-25 16:01:33 UTC</createdTime>
<generatorID>96779C23-4853-18A1-BD1A-FBD171A79BD5</generatorID>
<ownerDesignName>BD2</ownerDesignName>
<referredTableLongName>Basen</referredTableLongName>
<deleteRule>NO ACTION</deleteRule>
<referredTableID>C42186B8-F662-586E-3D50-9E3B5ED4C538</referredTableID>
<keyObject>613940EC-4CD3-32F5-EDC7-77E8EEF2D688</keyObject>
<referredKeyID>613940EC-4CD3-32F5-EDC7-77E8EEF2D688</referredKeyID>
<mandatory>true</mandatory>
<refColNames>Numer_obiektu</refColNames>
<transferable>true</transferable>
<rely>false</rely>
<columnDependencyConstraintGenerateInDDL>true</columnDependencyConstraintGenerateInDDL>
</FKIndexAssociation>