<?xml version = '1.0' encoding = 'UTF-8'?>
<FKIndexAssociation class="oracle.dbtools.crest.model.design.relational.FKIndexAssociation" directorySegmentName="seg_0" id="206BEE0F-AA2C-C65B-56F0-8EE254C7C5F0" containerWithKeyObject="9D985481-36C3-8544-E8DF-528C8530E4B8" localFKIndex="37D1574A-6638-2FE0-8179-AC37C80B53BC" name="Koszyk_Transakcja_FK">
<createdBy>Mateusz</createdBy>
<createdTime>2018-11-25 16:01:33 UTC</createdTime>
<generatorID>5C9132F7-6BDF-34E3-9703-DFB02933621F</generatorID>
<ownerDesignName>BD2</ownerDesignName>
<referredTableLongName>Transakcja</referredTableLongName>
<deleteRule>NO ACTION</deleteRule>
<referredTableID>3A0412A9-2C2F-C4FD-B738-D94F095B2222</referredTableID>
<keyObject>6F703B02-7352-1814-EF7A-452D41802418</keyObject>
<referredKeyID>6F703B02-7352-1814-EF7A-452D41802418</referredKeyID>
<mandatory>true</mandatory>
<refColNames>Numer_transakcji</refColNames>
<transferable>true</transferable>
<rely>false</rely>
<columnDependencyConstraintGenerateInDDL>true</columnDependencyConstraintGenerateInDDL>
</FKIndexAssociation>