<?xml version = '1.0' encoding = 'UTF-8'?>
<FKIndexAssociation class="oracle.dbtools.crest.model.design.relational.FKIndexAssociation" directorySegmentName="seg_0" id="2B837DF4-C7CE-F88F-6182-9E2FBDB2DF9B" containerWithKeyObject="8DB2F5A2-7160-AE59-6EF8-BDDAA86A4B68" localFKIndex="E10FE233-1501-6509-EBB3-16D8F824A512" name="Pracownik_Stanowisko_FK">
<createdBy>Mateusz</createdBy>
<createdTime>2018-11-25 21:20:10 UTC</createdTime>
<generatorID>FCD697A2-B6CF-8230-13F0-4DCEAD648303</generatorID>
<ownerDesignName>BD2</ownerDesignName>
<referredTableLongName>Stanowisko</referredTableLongName>
<deleteRule>NO ACTION</deleteRule>
<referredTableID>3658E260-077F-F732-9BA5-BD4C49E07E65</referredTableID>
<keyObject>6909D92F-336A-04EF-7100-D3A57465B06C</keyObject>
<referredKeyID>6909D92F-336A-04EF-7100-D3A57465B06C</referredKeyID>
<mandatory>true</mandatory>
<refColNames>Numer_stanowiska</refColNames>
<transferable>true</transferable>
<rely>false</rely>
<columnDependencyConstraintGenerateInDDL>true</columnDependencyConstraintGenerateInDDL>
</FKIndexAssociation>