<?xml version = '1.0' encoding = 'UTF-8'?>
<FKIndexAssociation class="oracle.dbtools.crest.model.design.relational.FKIndexAssociation" directorySegmentName="seg_0" id="34755D27-C616-9DE9-D0E5-C7B31BA90116" containerWithKeyObject="9D985481-36C3-8544-E8DF-528C8530E4B8" localFKIndex="5BD9CCB7-C621-917E-6287-B6418F056AA8" name="Koszyk_Usluga_FK">
<createdBy>Mateusz</createdBy>
<createdTime>2018-11-25 16:01:33 UTC</createdTime>
<generatorID>76898A5F-F74A-549D-2771-0ECB0D57D9AB</generatorID>
<ownerDesignName>BD2</ownerDesignName>
<referredTableLongName>Usluga</referredTableLongName>
<deleteRule>NO ACTION</deleteRule>
<referredTableID>6D8808F1-D41A-4D69-5577-7BB946D717F3</referredTableID>
<keyObject>E363E398-F563-285B-F60B-2264B67D405D</keyObject>
<referredKeyID>E363E398-F563-285B-F60B-2264B67D405D</referredKeyID>
<mandatory>true</mandatory>
<refColNames>Numer_uslugi</refColNames>
<transferable>true</transferable>
<rely>false</rely>
<columnDependencyConstraintGenerateInDDL>true</columnDependencyConstraintGenerateInDDL>
</FKIndexAssociation>