<?xml version = '1.0' encoding = 'UTF-8'?>
<FKIndexAssociation class="oracle.dbtools.crest.model.design.relational.FKIndexAssociation" directorySegmentName="seg_0" id="4D5E1D2B-1000-8F6C-6780-E8C500F37439" containerWithKeyObject="587D1957-F8B3-16C0-DA90-A89F0150AE4A" localFKIndex="71673EA2-FA08-B8AD-10FE-631F726210CD" name="Dane_do_logowania_A_FK">
<createdBy>Mateusz</createdBy>
<createdTime>2018-11-25 21:20:10 UTC</createdTime>
<generatorID>D0AE7CF5-CDBF-138D-762F-3D527CF3C92D</generatorID>
<ownerDesignName>BD2</ownerDesignName>
<referredTableLongName>Audytor</referredTableLongName>
<arc>970B792E-AD5D-0E2C-4B06-20681E871438</arc>
<deleteRule>NO ACTION</deleteRule>
<referredTableID>49EA94F1-B633-983F-B511-0D7D7B3B25B0</referredTableID>
<keyObject>B3BE5F63-45FA-96A4-ACCD-0B60CDF4ECA5</keyObject>
<referredKeyID>B3BE5F63-45FA-96A4-ACCD-0B60CDF4ECA5</referredKeyID>
<mandatory>false</mandatory>
<refColNames>Numer_identyfikacyjny</refColNames>
<transferable>true</transferable>
<rely>false</rely>
<columnDependencyConstraintGenerateInDDL>true</columnDependencyConstraintGenerateInDDL>
</FKIndexAssociation>