<?xml version = '1.0' encoding = 'UTF-8'?>
<FKIndexAssociation class="oracle.dbtools.crest.model.design.relational.FKIndexAssociation" directorySegmentName="seg_0" id="668FB55E-7B68-69F3-E633-A7807C1E9ED7" containerWithKeyObject="3A0412A9-2C2F-C4FD-B738-D94F095B2222" localFKIndex="0151BFE4-6758-78C7-0888-77931ED3BBD0" name="Transakcja_Klient_FK">
<createdBy>Mateusz</createdBy>
<createdTime>2018-11-25 16:01:33 UTC</createdTime>
<generatorID>1E253BDB-2D32-17C6-75D0-1AF3E8D396EA</generatorID>
<ownerDesignName>BD2</ownerDesignName>
<referredTableLongName>Klient</referredTableLongName>
<deleteRule>NO ACTION</deleteRule>
<referredTableID>788D66C5-04DD-724A-585A-444DFDD477B7</referredTableID>
<keyObject>B868BCFD-20C5-9DF3-172C-732B04E604EA</keyObject>
<referredKeyID>B868BCFD-20C5-9DF3-172C-732B04E604EA</referredKeyID>
<mandatory>false</mandatory>
<refColNames>Numer_klienta</refColNames>
<transferable>true</transferable>
<rely>false</rely>
<columnDependencyConstraintGenerateInDDL>true</columnDependencyConstraintGenerateInDDL>
</FKIndexAssociation>