<?xml version = '1.0' encoding = 'UTF-8'?>
<FKIndexAssociation class="oracle.dbtools.crest.model.design.relational.FKIndexAssociation" directorySegmentName="seg_0" id="91E0D898-A135-3DD2-9467-082E02F72A6F" containerWithKeyObject="8DB2F5A2-7160-AE59-6EF8-BDDAA86A4B68" localFKIndex="15E4916C-A49D-6861-8C39-33DD7A75CA0B" name="Pracownik_Basen_FK">
<createdBy>Mateusz</createdBy>
<createdTime>2018-11-25 21:20:10 UTC</createdTime>
<generatorID>7BBB3C66-D3CC-5B0B-86A2-572C28644386</generatorID>
<ownerDesignName>BD2</ownerDesignName>
<referredTableLongName>Basen</referredTableLongName>
<deleteRule>NO ACTION</deleteRule>
<referredTableID>C42186B8-F662-586E-3D50-9E3B5ED4C538</referredTableID>
<keyObject>613940EC-4CD3-32F5-EDC7-77E8EEF2D688</keyObject>
<referredKeyID>613940EC-4CD3-32F5-EDC7-77E8EEF2D688</referredKeyID>
<mandatory>true</mandatory>
<refColNames>Numer_obiektu</refColNames>
<transferable>true</transferable>
<rely>false</rely>
<columnDependencyConstraintGenerateInDDL>true</columnDependencyConstraintGenerateInDDL>
</FKIndexAssociation>