<?xml version = '1.0' encoding = 'UTF-8'?>
<FKIndexAssociation class="oracle.dbtools.crest.model.design.relational.FKIndexAssociation" directorySegmentName="seg_0" id="B620A779-C75E-D2CA-B4F3-9F61BDF85783" containerWithKeyObject="8DB2F5A2-7160-AE59-6EF8-BDDAA86A4B68" localFKIndex="2C628874-D529-3BD2-EBBA-45082BD93692" name="Pracownik_Osoba_FK">
<createdBy>Mateusz</createdBy>
<createdTime>2018-11-25 16:01:33 UTC</createdTime>
<generatorID>D9BF2584-4A29-F0CB-D01F-DCF2999FCB88</generatorID>
<ownerDesignName>BD2</ownerDesignName>
<referredTableLongName>Osoba</referredTableLongName>
<arc>8DBA46D7-C309-6F04-A635-8DF990A918DE</arc>
<deleteRule>NO ACTION</deleteRule>
<referredTableID>36D11C1C-DB03-6457-047C-F3179E82A105</referredTableID>
<keyObject>83940C78-2B96-0946-5B79-21CC76FF1FB5</keyObject>
<referredKeyID>83940C78-2B96-0946-5B79-21CC76FF1FB5</referredKeyID>
<mandatory>true</mandatory>
<refColNames>Numer_identyfikacyjny</refColNames>
<transferable>true</transferable>
<rely>false</rely>
<columnDependencyConstraintGenerateInDDL>true</columnDependencyConstraintGenerateInDDL>
</FKIndexAssociation>