<?xml version = '1.0' encoding = 'UTF-8'?>
<FKIndexAssociation class="oracle.dbtools.crest.model.design.relational.FKIndexAssociation" directorySegmentName="seg_0" id="CE4030AB-932A-6841-E87D-B578F7B31D6E" containerWithKeyObject="587D1957-F8B3-16C0-DA90-A89F0150AE4A" localFKIndex="40ADDCB5-B9CA-5032-9196-C1B89FFEAE52" name="Dane_do_logowania_P_FK">
<createdBy>Mateusz</createdBy>
<createdTime>2018-11-25 21:20:10 UTC</createdTime>
<generatorID>D0AE7CF5-CDBF-138D-762F-3D527CF3C92D</generatorID>
<ownerDesignName>BD2</ownerDesignName>
<referredTableLongName>Pracownik</referredTableLongName>
<arc>970B792E-AD5D-0E2C-4B06-20681E871438</arc>
<deleteRule>NO ACTION</deleteRule>
<referredTableID>8DB2F5A2-7160-AE59-6EF8-BDDAA86A4B68</referredTableID>
<keyObject>33D3986C-0C39-E99A-F49F-FD7687B93801</keyObject>
<referredKeyID>33D3986C-0C39-E99A-F49F-FD7687B93801</referredKeyID>
<mandatory>false</mandatory>
<refColNames>Numer_identyfikacyjny</refColNames>
<transferable>true</transferable>
<rely>false</rely>
<columnDependencyConstraintGenerateInDDL>true</columnDependencyConstraintGenerateInDDL>
</FKIndexAssociation>