<?xml version = '1.0' encoding = 'UTF-8'?>
<FKIndexAssociation class="oracle.dbtools.crest.model.design.relational.FKIndexAssociation" directorySegmentName="seg_0" id="D76D4E2D-433A-5407-DDF3-71397EE7149B" containerWithKeyObject="2A82AA09-6521-0B10-5048-E85874D8AFF7" localFKIndex="26FB05F4-4899-533E-DC6C-ECAD2353D935" name="Przeglad_Basen_FK">
<createdBy>Mateusz</createdBy>
<createdTime>2018-11-25 16:01:33 UTC</createdTime>
<generatorID>819FA4E0-9E15-41EC-5D70-549E4E65F156</generatorID>
<ownerDesignName>BD2</ownerDesignName>
<referredTableLongName>Basen</referredTableLongName>
<deleteRule>NO ACTION</deleteRule>
<referredTableID>C42186B8-F662-586E-3D50-9E3B5ED4C538</referredTableID>
<keyObject>613940EC-4CD3-32F5-EDC7-77E8EEF2D688</keyObject>
<referredKeyID>613940EC-4CD3-32F5-EDC7-77E8EEF2D688</referredKeyID>
<mandatory>true</mandatory>
<refColNames>Numer_obiektu</refColNames>
<transferable>true</transferable>
<rely>false</rely>
<columnDependencyConstraintGenerateInDDL>true</columnDependencyConstraintGenerateInDDL>
</FKIndexAssociation>