<?xml version = '1.0' encoding = 'UTF-8'?>
<FKIndexAssociation class="oracle.dbtools.crest.model.design.relational.FKIndexAssociation" directorySegmentName="seg_0" id="DB04F403-4EEE-3398-F9AA-AB7A5ADAF9BE" containerWithKeyObject="49EA94F1-B633-983F-B511-0D7D7B3B25B0" localFKIndex="99A8269A-F55A-CE7C-E8B3-95FCFC8E9A9F" name="Audytor_Osoba_FK">
<createdBy>Mateusz</createdBy>
<createdTime>2018-11-25 16:01:33 UTC</createdTime>
<generatorID>06B7FA53-13BA-6611-218B-AA77C3D386EF</generatorID>
<ownerDesignName>BD2</ownerDesignName>
<referredTableLongName>Osoba</referredTableLongName>
<arc>8DBA46D7-C309-6F04-A635-8DF990A918DE</arc>
<deleteRule>NO ACTION</deleteRule>
<referredTableID>36D11C1C-DB03-6457-047C-F3179E82A105</referredTableID>
<keyObject>83940C78-2B96-0946-5B79-21CC76FF1FB5</keyObject>
<referredKeyID>83940C78-2B96-0946-5B79-21CC76FF1FB5</referredKeyID>
<mandatory>true</mandatory>
<refColNames>Numer_identyfikacyjny</refColNames>
<transferable>true</transferable>
<rely>false</rely>
<columnDependencyConstraintGenerateInDDL>true</columnDependencyConstraintGenerateInDDL>
</FKIndexAssociation>