<?xml version = '1.0' encoding = 'UTF-8'?>
<FKIndexAssociation class="oracle.dbtools.crest.model.design.relational.FKIndexAssociation" directorySegmentName="seg_0" id="F094C320-E38B-6B6F-AE98-3DEA1902A661" containerWithKeyObject="6D8808F1-D41A-4D69-5577-7BB946D717F3" localFKIndex="99415830-7BB5-5213-89BC-18C9139AE390" name="Usluga_Basen_FK">
<createdBy>Mateusz</createdBy>
<createdTime>2018-11-25 16:01:33 UTC</createdTime>
<generatorID>0B0DD6C7-FAB6-7395-64CA-6D1B092691D4</generatorID>
<ownerDesignName>BD2</ownerDesignName>
<referredTableLongName>Basen</referredTableLongName>
<deleteRule>NO ACTION</deleteRule>
<referredTableID>C42186B8-F662-586E-3D50-9E3B5ED4C538</referredTableID>
<keyObject>613940EC-4CD3-32F5-EDC7-77E8EEF2D688</keyObject>
<referredKeyID>613940EC-4CD3-32F5-EDC7-77E8EEF2D688</referredKeyID>
<mandatory>true</mandatory>
<refColNames>Numer_obiektu</refColNames>
<transferable>true</transferable>
<rely>false</rely>
<columnDependencyConstraintGenerateInDDL>true</columnDependencyConstraintGenerateInDDL>
</FKIndexAssociation>