<?xml version = '1.0' encoding = 'UTF-8'?>
<FKIndexAssociation class="oracle.dbtools.crest.model.design.relational.FKIndexAssociation" directorySegmentName="seg_0" id="FDF855BD-B09E-A177-D98D-2B7CD8B0EB80" containerWithKeyObject="587D1957-F8B3-16C0-DA90-A89F0150AE4A" localFKIndex="95FB3E54-12FF-6A72-A97A-6C211C923065" name="Dane_do_logowania_Osoba_FK">
<createdBy>Mateusz</createdBy>
<createdTime>2018-11-25 16:01:33 UTC</createdTime>
<generatorID>D0AE7CF5-CDBF-138D-762F-3D527CF3C92D</generatorID>
<ownerDesignName>BD2</ownerDesignName>
<referredTableLongName>Osoba</referredTableLongName>
<deleteRule>NO ACTION</deleteRule>
<referredTableID>36D11C1C-DB03-6457-047C-F3179E82A105</referredTableID>
<keyObject>83940C78-2B96-0946-5B79-21CC76FF1FB5</keyObject>
<referredKeyID>83940C78-2B96-0946-5B79-21CC76FF1FB5</referredKeyID>
<mandatory>true</mandatory>
<refColNames>Numer_identyfikacyjny</refColNames>
<transferable>true</transferable>
<rely>false</rely>
<columnDependencyConstraintGenerateInDDL>true</columnDependencyConstraintGenerateInDDL>
</FKIndexAssociation>