<?xml version = '1.0' encoding = 'UTF-8'?>
<Diagram class="oracle.dbtools.crest.swingui.relational.DPVRelational" name="Relational_1" id="94D06BD9-FC17-2896-A723-61855F3A9B85">
<createdBy>Mateusz</createdBy>
<modifiedBy>Mateusz</modifiedBy>
<createdTime>2018-11-16 19:52:47 UTC</createdTime>
<autoRoute>false</autoRoute>
<boxInbox>true</boxInbox>
<showLegend>false</showLegend>
<showLabels>false</showLabels>
<showRelAttributes>false</showRelAttributes>
<gridEnabled>false</gridEnabled>
<showGrid>false</showGrid>
<diagramColor>-1</diagramColor>
<display>false</display>
<notation>1</notation>
<objectViews>
<OView class="oracle.dbtools.crest.swingui.relational.TVTable" oid="0C831470-C40C-F96A-51FB-C16281815A17" otype="Table" vid="FD95E31B-DBCD-6477-3500-1C67B5D48D94">
<hideElementsInCurrentOnly>false</hideElementsInCurrentOnly>
<bounds x="1192" y="33" width="252" height="109"/>
</OView>
<OView class="oracle.dbtools.crest.swingui.relational.TVTable" oid="2A82AA09-6521-0B10-5048-E85874D8AFF7" otype="Table" vid="35DFFE4D-68A3-0B65-739F-8DB0B06892D3">
<hideElementsInCurrentOnly>false</hideElementsInCurrentOnly>
<bounds x="514" y="445" width="240" height="112"/>
</OView>
<OView class="oracle.dbtools.crest.swingui.relational.TVTable" oid="3658E260-077F-F732-9BA5-BD4C49E07E65" otype="Table" vid="525F7FBB-7DAA-D21D-CC77-7E9F0FF3C26E">
<hideElementsInCurrentOnly>false</hideElementsInCurrentOnly>
<bounds x="1170" y="359" width="226" height="94"/>
</OView>
<OView class="oracle.dbtools.crest.swingui.relational.TVTable" oid="3A0412A9-2C2F-C4FD-B738-D94F095B2222" otype="Table" vid="C5D8D285-489C-84E5-3E3D-9C25C57FC4CE">
<hideElementsInCurrentOnly>false</hideElementsInCurrentOnly>
<bounds x="43" y="177" width="240" height="111"/>
</OView>
<OView class="oracle.dbtools.crest.swingui.relational.TVTable" oid="49EA94F1-B633-983F-B511-0D7D7B3B25B0" otype="Table" vid="6F42C917-F567-D5C5-A205-0EA27F58229D">
<hideElementsInCurrentOnly>false</hideElementsInCurrentOnly>
<bounds x="1191" y="183" width="217" height="83"/>
</OView>
<OView class="oracle.dbtools.crest.swingui.relational.TVTable" oid="587D1957-F8B3-16C0-DA90-A89F0150AE4A" otype="Table" vid="E4A2BBB5-5BFC-2B35-E707-4DC3DC529C80">
<hideElementsInCurrentOnly>false</hideElementsInCurrentOnly>
<bounds x="808" y="28" width="315" height="171"/>
</OView>
<OView class="oracle.dbtools.crest.swingui.relational.TVTable" oid="6D8808F1-D41A-4D69-5577-7BB946D717F3" otype="Table" vid="522678D8-4676-9C44-FC54-4F8923366F6A">
<hideElementsInCurrentOnly>false</hideElementsInCurrentOnly>
<bounds x="211" y="477" width="248" height="124"/>
</OView>
<OView class="oracle.dbtools.crest.swingui.relational.TVTable" oid="788D66C5-04DD-724A-585A-444DFDD477B7" otype="Table" vid="1BC0FB2B-F1BE-7A9C-B1DA-287225607594">
<hideElementsInCurrentOnly>false</hideElementsInCurrentOnly>
<bounds x="188" y="35" width="219" height="118"/>
</OView>
<OView class="oracle.dbtools.crest.swingui.relational.TVTable" oid="8DB2F5A2-7160-AE59-6EF8-BDDAA86A4B68" otype="Table" vid="7198F10B-0304-FFCE-C6CE-76849628DE6E">
<hideElementsInCurrentOnly>false</hideElementsInCurrentOnly>
<bounds x="802" y="286" width="310" height="176"/>
</OView>
<OView class="oracle.dbtools.crest.swingui.relational.TVTable" oid="9D985481-36C3-8544-E8DF-528C8530E4B8" otype="Table" vid="6FCC5862-EDE5-3ED4-6535-34A0C06C35B0">
<hideElementsInCurrentOnly>false</hideElementsInCurrentOnly>
<bounds x="22" y="315" width="341" height="129"/>
</OView>
<OView class="oracle.dbtools.crest.swingui.relational.TVTable" oid="C42186B8-F662-586E-3D50-9E3B5ED4C538" otype="Table" vid="43940565-6F46-6E2E-83F7-66A9317A1793">
<hideElementsInCurrentOnly>false</hideElementsInCurrentOnly>
<bounds x="477" y="264" width="265" height="118"/>
</OView>
<OView class="oracle.dbtools.crest.swingui.relational.TVTable" oid="EA24DBB3-9EEC-6457-7D17-F40288C2C3E1" otype="Table" vid="8BFC9DA2-ADCE-1685-5C9F-CEFF6295BD1C">
<hideElementsInCurrentOnly>false</hideElementsInCurrentOnly>
<bounds x="466" y="22" width="277" height="181"/>
</OView>
</objectViews>
<connectors>
<Connector class="oracle.dbtools.crest.swingui.relational.TVFKRelation" oid="019D9420-0E87-6F14-7DD2-B93FE70BEC1D" otype="FKIndexAssociation" vid_source="FD95E31B-DBCD-6477-3500-1C67B5D48D94" vid_target="E4A2BBB5-5BFC-2B35-E707-4DC3DC529C80">
<hideElementsInCurrentOnly>false</hideElementsInCurrentOnly>
<backgroundColor>-16777216</backgroundColor>
<lineWidth>1</lineWidth>
<points>
<point x="1192" y="87"/>
<point x="1123" y="87"/>
</points>
</Connector>
<Connector class="oracle.dbtools.crest.swingui.relational.TVFKRelation" oid="0E27A3E3-DD3C-CA84-D863-676141DF9D19" otype="FKIndexAssociation" vid_source="1BC0FB2B-F1BE-7A9C-B1DA-287225607594" vid_target="8BFC9DA2-ADCE-1685-5C9F-CEFF6295BD1C">
<hideElementsInCurrentOnly>false</hideElementsInCurrentOnly>
<backgroundColor>-16777216</backgroundColor>
<lineWidth>1</lineWidth>
<points>
<point x="407" y="94"/>
<point x="466" y="94"/>
</points>
</Connector>
<Connector class="oracle.dbtools.crest.swingui.relational.TVFKRelation" oid="18EB4A76-E67B-A197-3AE2-F790DEF62EC8" otype="FKIndexAssociation" vid_source="43940565-6F46-6E2E-83F7-66A9317A1793" vid_target="8BFC9DA2-ADCE-1685-5C9F-CEFF6295BD1C">
<hideElementsInCurrentOnly>false</hideElementsInCurrentOnly>
<backgroundColor>-16777216</backgroundColor>
<lineWidth>1</lineWidth>
<points>
<point x="609" y="264"/>
<point x="609" y="203"/>
</points>
</Connector>
<Connector class="oracle.dbtools.crest.swingui.relational.TVFKRelation" oid="206BEE0F-AA2C-C65B-56F0-8EE254C7C5F0" otype="FKIndexAssociation" vid_source="C5D8D285-489C-84E5-3E3D-9C25C57FC4CE" vid_target="6FCC5862-EDE5-3ED4-6535-34A0C06C35B0">
<hideElementsInCurrentOnly>false</hideElementsInCurrentOnly>
<backgroundColor>-16777216</backgroundColor>
<lineWidth>1</lineWidth>
<points>
<point x="163" y="288"/>
<point x="163" y="315"/>
</points>
</Connector>
<Connector class="oracle.dbtools.crest.swingui.relational.TVFKRelation" oid="2B837DF4-C7CE-F88F-6182-9E2FBDB2DF9B" otype="FKIndexAssociation" vid_source="525F7FBB-7DAA-D21D-CC77-7E9F0FF3C26E" vid_target="7198F10B-0304-FFCE-C6CE-76849628DE6E">
<hideElementsInCurrentOnly>false</hideElementsInCurrentOnly>
<backgroundColor>-16777216</backgroundColor>
<lineWidth>1</lineWidth>
<points>
<point x="1170" y="421"/>
<point x="1112" y="421"/>
</points>
</Connector>
<Connector class="oracle.dbtools.crest.swingui.relational.TVFKRelation" oid="34755D27-C616-9DE9-D0E5-C7B31BA90116" otype="FKIndexAssociation" vid_source="522678D8-4676-9C44-FC54-4F8923366F6A" vid_target="6FCC5862-EDE5-3ED4-6535-34A0C06C35B0">
<hideElementsInCurrentOnly>false</hideElementsInCurrentOnly>
<backgroundColor>-16777216</backgroundColor>
<lineWidth>1</lineWidth>
<points>
<point x="287" y="477"/>
<point x="287" y="444"/>
</points>
</Connector>
<Connector class="oracle.dbtools.crest.swingui.relational.TVFKRelation" oid="4D5E1D2B-1000-8F6C-6780-E8C500F37439" otype="FKIndexAssociation" vid_source="6F42C917-F567-D5C5-A205-0EA27F58229D" vid_target="E4A2BBB5-5BFC-2B35-E707-4DC3DC529C80">
<hideElementsInCurrentOnly>false</hideElementsInCurrentOnly>
<backgroundColor>-16777216</backgroundColor>
<lineWidth>1</lineWidth>
<points>
<point x="1191" y="191"/>
<point x="1123" y="191"/>
</points>
</Connector>
<Connector class="oracle.dbtools.crest.swingui.relational.TVFKRelation" oid="668FB55E-7B68-69F3-E633-A7807C1E9ED7" otype="FKIndexAssociation" vid_source="1BC0FB2B-F1BE-7A9C-B1DA-287225607594" vid_target="C5D8D285-489C-84E5-3E3D-9C25C57FC4CE">
<hideElementsInCurrentOnly>false</hideElementsInCurrentOnly>
<backgroundColor>-16777216</backgroundColor>
<lineWidth>1</lineWidth>
<points>
<point x="235" y="153"/>
<point x="235" y="177"/>
</points>
</Connector>
<Connector class="oracle.dbtools.crest.swingui.relational.TVFKRelation" oid="91E0D898-A135-3DD2-9467-082E02F72A6F" otype="FKIndexAssociation" vid_source="43940565-6F46-6E2E-83F7-66A9317A1793" vid_target="7198F10B-0304-FFCE-C6CE-76849628DE6E">
<hideElementsInCurrentOnly>false</hideElementsInCurrentOnly>
<backgroundColor>-16777216</backgroundColor>
<lineWidth>1</lineWidth>
<points>
<point x="742" y="349"/>
<point x="802" y="349"/>
</points>
</Connector>
<Connector class="oracle.dbtools.crest.swingui.relational.TVFKRelation" oid="CE4030AB-932A-6841-E87D-B578F7B31D6E" otype="FKIndexAssociation" vid_source="7198F10B-0304-FFCE-C6CE-76849628DE6E" vid_target="E4A2BBB5-5BFC-2B35-E707-4DC3DC529C80">
<hideElementsInCurrentOnly>false</hideElementsInCurrentOnly>
<backgroundColor>-16777216</backgroundColor>
<lineWidth>1</lineWidth>
<points>
<point x="960" y="286"/>
<point x="960" y="199"/>
</points>
</Connector>
<Connector class="oracle.dbtools.crest.swingui.relational.TVFKRelation" oid="D76D4E2D-433A-5407-DDF3-71397EE7149B" otype="FKIndexAssociation" vid_source="43940565-6F46-6E2E-83F7-66A9317A1793" vid_target="35DFFE4D-68A3-0B65-739F-8DB0B06892D3">
<hideElementsInCurrentOnly>false</hideElementsInCurrentOnly>
<backgroundColor>-16777216</backgroundColor>
<lineWidth>1</lineWidth>
<points>
<point x="628" y="382"/>
<point x="628" y="445"/>
</points>
</Connector>
<Connector class="oracle.dbtools.crest.swingui.relational.TVFKRelation" oid="F094C320-E38B-6B6F-AE98-3DEA1902A661" otype="FKIndexAssociation" vid_source="43940565-6F46-6E2E-83F7-66A9317A1793" vid_target="522678D8-4676-9C44-FC54-4F8923366F6A">
<hideElementsInCurrentOnly>false</hideElementsInCurrentOnly>
<backgroundColor>-16777216</backgroundColor>
<lineWidth>1</lineWidth>
<points>
<point x="534" y="382"/>
<point x="413" y="477"/>
</points>
</Connector>
</connectors>
<arcs>
<Arc class="oracle.dbtools.crest.swingui.relational.TVFKArc" oid="970B792E-AD5D-0E2C-4B06-20681E871438" otype="FKArc" vid="D6D85EAB-058A-C809-0E9F-42BCB31C407D">
<hideElementsInCurrentOnly>false</hideElementsInCurrentOnly>
<bounds x="788" y="8" width="355" height="211"/>
</Arc>
</arcs>
<displays>
<Display class="oracle.dbtools.crest.swingui.relational.DPVRelational" name="Display_1" id="019B6F36-D4AE-7F35-E9F5-D16400740E37">
<createdBy>Mateusz</createdBy>
<modifiedBy>Mateusz</modifiedBy>
<createdTime>2018-11-25 16:33:53 UTC</createdTime>
<autoRoute>false</autoRoute>
<boxInbox>true</boxInbox>
<showLegend>false</showLegend>
<showLabels>false</showLabels>
<showRelAttributes>false</showRelAttributes>
<gridEnabled>false</gridEnabled>
<showGrid>false</showGrid>
<diagramColor>-1</diagramColor>
<display>true</display>
<notation>1</notation>
<objectViews>
<OView class="oracle.dbtools.crest.swingui.relational.TVTable" oid="0C831470-C40C-F96A-51FB-C16281815A17" otype="Table" vid="747615A5-1849-22DE-9B54-824381D15BE8">
<hideElementsInCurrentOnly>false</hideElementsInCurrentOnly>
<bounds x="1270" y="208" width="251" height="110"/>
</OView>
<OView class="oracle.dbtools.crest.swingui.relational.TVTable" oid="2A82AA09-6521-0B10-5048-E85874D8AFF7" otype="Table" vid="02F315A5-D5CB-9FFF-F6A2-E19D1E9F8B92">
<hideElementsInCurrentOnly>false</hideElementsInCurrentOnly>
<bounds x="475" y="477" width="236" height="113"/>
</OView>
<OView class="oracle.dbtools.crest.swingui.relational.TVTable" oid="3658E260-077F-F732-9BA5-BD4C49E07E65" otype="Table" vid="BC07801F-A023-F02F-693A-1046FD40FDF5">
<hideElementsInCurrentOnly>false</hideElementsInCurrentOnly>
<bounds x="950" y="570" width="225" height="89"/>
</OView>
<OView class="oracle.dbtools.crest.swingui.relational.TVTable" oid="3A0412A9-2C2F-C4FD-B738-D94F095B2222" otype="Table" vid="B8BE2F50-3C1F-FF5B-0F97-9F8ED0D44275">
<hideElementsInCurrentOnly>false</hideElementsInCurrentOnly>
<bounds x="33" y="27" width="250" height="114"/>
</OView>
<OView class="oracle.dbtools.crest.swingui.relational.TVTable" oid="49EA94F1-B633-983F-B511-0D7D7B3B25B0" otype="Table" vid="DFA1C1C4-B799-1685-7624-19D95E63352C">
<hideElementsInCurrentOnly>false</hideElementsInCurrentOnly>
<bounds x="1291" y="353" width="243" height="91"/>
</OView>
<OView class="oracle.dbtools.crest.swingui.relational.TVTable" oid="587D1957-F8B3-16C0-DA90-A89F0150AE4A" otype="Table" vid="C0A5BE92-B177-3A9A-3774-BFB2638DC44F">
<hideElementsInCurrentOnly>false</hideElementsInCurrentOnly>
<bounds x="948" y="32" width="336" height="112"/>
</OView>
<OView class="oracle.dbtools.crest.swingui.relational.TVTable" oid="6D8808F1-D41A-4D69-5577-7BB946D717F3" otype="Table" vid="5FC3FF7F-11E2-6097-FA13-454271857BCA">
<hideElementsInCurrentOnly>false</hideElementsInCurrentOnly>
<bounds x="157" y="421" width="252" height="125"/>
</OView>
<OView class="oracle.dbtools.crest.swingui.relational.TVTable" oid="788D66C5-04DD-724A-585A-444DFDD477B7" otype="Table" vid="ED32E656-4070-44C3-D33D-36BBDF110504">
<hideElementsInCurrentOnly>false</hideElementsInCurrentOnly>
<bounds x="325" y="24" width="215" height="118"/>
</OView>
<OView class="oracle.dbtools.crest.swingui.relational.TVTable" oid="8DB2F5A2-7160-AE59-6EF8-BDDAA86A4B68" otype="Table" vid="65EA5AC5-F793-CB0E-BFD1-957085C6EAAE">
<hideElementsInCurrentOnly>false</hideElementsInCurrentOnly>
<bounds x="905" y="358" width="307" height="184"/>
</OView>
<OView class="oracle.dbtools.crest.swingui.relational.TVTable" oid="9D985481-36C3-8544-E8DF-528C8530E4B8" otype="Table" vid="BEAA1DAD-514A-F2DF-B0D1-82F566996C25">
<hideElementsInCurrentOnly>false</hideElementsInCurrentOnly>
<bounds x="19" y="214" width="335" height="135"/>
</OView>
<OView class="oracle.dbtools.crest.swingui.relational.TVTable" oid="C42186B8-F662-586E-3D50-9E3B5ED4C538" otype="Table" vid="94A64341-3D6D-3C0D-7E20-6E25AF43535B">
<hideElementsInCurrentOnly>false</hideElementsInCurrentOnly>
<bounds x="480" y="270" width="264" height="122"/>
</OView>
<OView class="oracle.dbtools.crest.swingui.relational.TVTable" oid="EA24DBB3-9EEC-6457-7D17-F40288C2C3E1" otype="Table" vid="519BB32C-304C-877F-5DB6-15DC8F1E0C7C">
<hideElementsInCurrentOnly>false</hideElementsInCurrentOnly>
<bounds x="605" y="13" width="278" height="180"/>
</OView>
</objectViews>
<connectors>
<Connector class="oracle.dbtools.crest.swingui.relational.TVFKRelation" oid="019D9420-0E87-6F14-7DD2-B93FE70BEC1D" otype="FKIndexAssociation" vid_source="747615A5-1849-22DE-9B54-824381D15BE8" vid_target="C0A5BE92-B177-3A9A-3774-BFB2638DC44F">
<hideElementsInCurrentOnly>false</hideElementsInCurrentOnly>
<backgroundColor>-16777216</backgroundColor>
<lineWidth>1</lineWidth>
<points>
<point x="1277" y="208"/>
<point x="1277" y="144"/>
</points>
</Connector>
<Connector class="oracle.dbtools.crest.swingui.relational.TVFKRelation" oid="0E27A3E3-DD3C-CA84-D863-676141DF9D19" otype="FKIndexAssociation" vid_source="ED32E656-4070-44C3-D33D-36BBDF110504" vid_target="519BB32C-304C-877F-5DB6-15DC8F1E0C7C">
<hideElementsInCurrentOnly>false</hideElementsInCurrentOnly>
<backgroundColor>-16777216</backgroundColor>
<lineWidth>1</lineWidth>
<points>
<point x="540" y="83"/>
<point x="605" y="83"/>
</points>
</Connector>
<Connector class="oracle.dbtools.crest.swingui.relational.TVFKRelation" oid="18EB4A76-E67B-A197-3AE2-F790DEF62EC8" otype="FKIndexAssociation" vid_source="94A64341-3D6D-3C0D-7E20-6E25AF43535B" vid_target="519BB32C-304C-877F-5DB6-15DC8F1E0C7C">
<hideElementsInCurrentOnly>false</hideElementsInCurrentOnly>
<backgroundColor>-16777216</backgroundColor>
<lineWidth>1</lineWidth>
<points>
<point x="674" y="270"/>
<point x="674" y="193"/>
</points>
</Connector>
<Connector class="oracle.dbtools.crest.swingui.relational.TVFKRelation" oid="206BEE0F-AA2C-C65B-56F0-8EE254C7C5F0" otype="FKIndexAssociation" vid_source="B8BE2F50-3C1F-FF5B-0F97-9F8ED0D44275" vid_target="BEAA1DAD-514A-F2DF-B0D1-82F566996C25">
<hideElementsInCurrentOnly>false</hideElementsInCurrentOnly>
<backgroundColor>-16777216</backgroundColor>
<lineWidth>1</lineWidth>
<points>
<point x="158" y="141"/>
<point x="158" y="214"/>
</points>
</Connector>
<Connector class="oracle.dbtools.crest.swingui.relational.TVFKRelation" oid="2B837DF4-C7CE-F88F-6182-9E2FBDB2DF9B" otype="FKIndexAssociation" vid_source="BC07801F-A023-F02F-693A-1046FD40FDF5" vid_target="65EA5AC5-F793-CB0E-BFD1-957085C6EAAE">
<hideElementsInCurrentOnly>false</hideElementsInCurrentOnly>
<backgroundColor>-16777216</backgroundColor>
<lineWidth>1</lineWidth>
<points>
<point x="1062" y="570"/>
<point x="1062" y="542"/>
</points>
</Connector>
<Connector class="oracle.dbtools.crest.swingui.relational.TVFKRelation" oid="34755D27-C616-9DE9-D0E5-C7B31BA90116" otype="FKIndexAssociation" vid_source="5FC3FF7F-11E2-6097-FA13-454271857BCA" vid_target="BEAA1DAD-514A-F2DF-B0D1-82F566996C25">
<hideElementsInCurrentOnly>false</hideElementsInCurrentOnly>
<backgroundColor>-16777216</backgroundColor>
<lineWidth>1</lineWidth>
<points>
<point x="255" y="421"/>
<point x="255" y="349"/>
</points>
</Connector>
<Connector class="oracle.dbtools.crest.swingui.relational.TVFKRelation" oid="4D5E1D2B-1000-8F6C-6780-E8C500F37439" otype="FKIndexAssociation" vid_source="DFA1C1C4-B799-1685-7624-19D95E63352C" vid_target="C0A5BE92-B177-3A9A-3774-BFB2638DC44F">
<hideElementsInCurrentOnly>false</hideElementsInCurrentOnly>
<backgroundColor>-16777216</backgroundColor>
<lineWidth>1</lineWidth>
<points>
<point x="1369" y="353"/>
<point x="1169" y="144"/>
</points>
</Connector>
<Connector class="oracle.dbtools.crest.swingui.relational.TVFKRelation" oid="668FB55E-7B68-69F3-E633-A7807C1E9ED7" otype="FKIndexAssociation" vid_source="ED32E656-4070-44C3-D33D-36BBDF110504" vid_target="B8BE2F50-3C1F-FF5B-0F97-9F8ED0D44275">
<hideElementsInCurrentOnly>false</hideElementsInCurrentOnly>
<backgroundColor>-16777216</backgroundColor>
<lineWidth>1</lineWidth>
<points>
<point x="325" y="84"/>
<point x="283" y="84"/>
</points>
</Connector>
<Connector class="oracle.dbtools.crest.swingui.relational.TVFKRelation" oid="91E0D898-A135-3DD2-9467-082E02F72A6F" otype="FKIndexAssociation" vid_source="94A64341-3D6D-3C0D-7E20-6E25AF43535B" vid_target="65EA5AC5-F793-CB0E-BFD1-957085C6EAAE">
<hideElementsInCurrentOnly>false</hideElementsInCurrentOnly>
<backgroundColor>-16777216</backgroundColor>
<lineWidth>1</lineWidth>
<points>
<point x="744" y="375"/>
<point x="905" y="375"/>
</points>
</Connector>
<Connector class="oracle.dbtools.crest.swingui.relational.TVFKRelation" oid="CE4030AB-932A-6841-E87D-B578F7B31D6E" otype="FKIndexAssociation" vid_source="65EA5AC5-F793-CB0E-BFD1-957085C6EAAE" vid_target="C0A5BE92-B177-3A9A-3774-BFB2638DC44F">
<hideElementsInCurrentOnly>false</hideElementsInCurrentOnly>
<backgroundColor>-16777216</backgroundColor>
<lineWidth>1</lineWidth>
<points>
<point x="1095" y="358"/>
<point x="1095" y="144"/>
</points>
</Connector>
<Connector class="oracle.dbtools.crest.swingui.relational.TVFKRelation" oid="D76D4E2D-433A-5407-DDF3-71397EE7149B" otype="FKIndexAssociation" vid_source="94A64341-3D6D-3C0D-7E20-6E25AF43535B" vid_target="02F315A5-D5CB-9FFF-F6A2-E19D1E9F8B92">
<hideElementsInCurrentOnly>false</hideElementsInCurrentOnly>
<backgroundColor>-16777216</backgroundColor>
<lineWidth>1</lineWidth>
<points>
<point x="595" y="392"/>
<point x="595" y="477"/>
</points>
</Connector>
<Connector class="oracle.dbtools.crest.swingui.relational.TVFKRelation" oid="F094C320-E38B-6B6F-AE98-3DEA1902A661" otype="FKIndexAssociation" vid_source="94A64341-3D6D-3C0D-7E20-6E25AF43535B" vid_target="5FC3FF7F-11E2-6097-FA13-454271857BCA">
<hideElementsInCurrentOnly>false</hideElementsInCurrentOnly>
<backgroundColor>-16777216</backgroundColor>
<lineWidth>1</lineWidth>
<points>
<point x="480" y="392"/>
<point x="409" y="425"/>
</points>
</Connector>
</connectors>
<arcs>
<Arc class="oracle.dbtools.crest.swingui.relational.TVFKArc" oid="970B792E-AD5D-0E2C-4B06-20681E871438" otype="FKArc" vid="B4AE9DE3-17E3-35DA-2465-5A20C27193A0">
<hideElementsInCurrentOnly>false</hideElementsInCurrentOnly>
<bounds x="928" y="12" width="376" height="152"/>
</Arc>
</arcs>
</Display>
</displays>
</Diagram>